0.8730087280273438,1.0149455070495605,0.8079251050949097,1.015627145767212,0.7370774745941162,0.9796539545059204,0.6715017557144165,0.9630156755447388,0.614422082901001,0.945128321647644,0.7741791605949402,0.843237042427063,0.7461321353912354,0.7495001554489136,0.737583339214325,0.715880274772644,0.7353971600532532,0.7337421178817749,0.8401820063591003,0.8149997591972351,0.8478702902793884,0.6905065178871155,0.848398745059967,0.6676689386367798,0.8427004814147949,0.6978261470794678,0.8996136784553528,0.8278036713600159,0.9266979694366455,0.7058007717132568,0.931727945804596,0.6859921813011169,0.9273722171783447,0.7096025943756104,0.9479542970657349,0.8719150424003601,0.9792327284812927,0.7990477085113525,0.9919357299804688,0.7871237993240356,0.9928678870201111,0.8072355389595032,pinch
0.8694852590560913,1.0029000043869019,0.7820965051651001,0.990609884262085,0.70220547914505,0.9551165699958801,0.6344459056854248,0.9281784892082214,0.5708798766136169,0.9023604989051819,0.7467995882034302,0.7665038704872131,0.7173339128494263,0.6844371557235718,0.6866645216941833,0.6514958143234253,0.6572629809379578,0.6390827298164368,0.8063355088233948,0.736968994140625,0.7893877625465393,0.6217093467712402,0.7604451775550842,0.559984564781189,0.727142333984375,0.5235301852226257,0.8632270097732544,0.7449234127998352,0.874302089214325,0.6289429664611816,0.8616769909858704,0.5748990774154663,0.8350474238395691,0.539137601852417,0.9156768918037415,0.7859744429588318,0.9535067677497864,0.7089104652404785,0.957728922367096,0.658113956451416,0.9434334635734558,0.6156629323959351,pinch
0.8480092883110046,0.9798381924629211,0.7516388893127441,0.9563027620315552,0.6717885732650757,0.9066505432128906,0.6049385070800781,0.8753221035003662,0.5418599843978882,0.8586617708206177,0.7130430936813354,0.6909146308898926,0.6803388595581055,0.598869264125824,0.6446016430854797,0.5674164295196533,0.6068803071975708,0.5542856454849243,0.7689079642295837,0.6626367568969727,0.7547973394393921,0.5439722537994385,0.7266082763671875,0.4786936342716217,0.692176878452301,0.42853134870529175,0.8239951133728027,0.673425018787384,0.8384632468223572,0.5600181221961975,0.823582649230957,0.4993697702884674,0.7955261468887329,0.44902247190475464,0.8741928339004517,0.7181428074836731,0.9108924865722656,0.6363974213600159,0.9148637056350708,0.5781723260879517,0.9054278135299683,0.524551272392273,pinch
0.8164482116699219,0.9479016065597534,0.7312343120574951,0.9245014190673828,0.6524574756622314,0.864998459815979,0.5889600515365601,0.8323428630828857,0.5300997495651245,0.8252478837966919,0.6905910968780518,0.6607299447059631,0.650199294090271,0.5659708976745605,0.6134878993034363,0.5245656967163086,0.5731163024902344,0.49497732520103455,0.7436566948890686,0.6328650116920471,0.7282631397247314,0.5100091695785522,0.7042708992958069,0.43960753083229065,0.6744983792304993,0.38089075684547424,0.7966376543045044,0.6418049931526184,0.8082225918769836,0.526563823223114,0.795241117477417,0.4614454507827759,0.7704998850822449,0.40252068638801575,0.8462486863136292,0.6795718669891357,0.8793965578079224,0.5889987945556641,0.8844234943389893,0.5275905728340149,0.8769866228103638,0.4690040647983551,pinch
0.7897483706474304,0.9035786390304565,0.7102159261703491,0.8815088868141174,0.6342710256576538,0.8288126587867737,0.5702536702156067,0.801531195640564,0.5130285024642944,0.7917539477348328,0.6676897406578064,0.618594765663147,0.6280381083488464,0.5309619903564453,0.5922143459320068,0.4895468056201935,0.555850625038147,0.4606199264526367,0.716986358165741,0.588521420955658,0.7005897164344788,0.4645780026912689,0.6774231195449829,0.3931286036968231,0.6501893401145935,0.337912380695343,0.7670271992683411,0.5962594747543335,0.7806172966957092,0.4811241924762726,0.7673242092132568,0.41544410586357117,0.742755651473999,0.3583308160305023,0.8140983581542969,0.6350250244140625,0.8464611768722534,0.545682966709137,0.8503004908561707,0.48500508069992065,0.8403974175453186,0.4273071587085724,pinch
0.7782319784164429,0.8779751658439636,0.6973466277122498,0.8546081781387329,0.6210282444953918,0.8036766648292542,0.5535439252853394,0.7772529721260071,0.4931187033653259,0.7734067440032959,0.654627799987793,0.6085610389709473,0.6128537058830261,0.5175626277923584,0.5760737061500549,0.47477519512176514,0.5374723672866821,0.44168996810913086,0.70046466588974,0.5772411823272705,0.6812980771064758,0.45045316219329834,0.6564493775367737,0.3759574592113495,0.6266514658927917,0.31547364592552185,0.7479005455970764,0.5815909504890442,0.7572405934333801,0.4621502757072449,0.7438435554504395,0.39338719844818115,0.7195936441421509,0.3341516852378845,0.7928636074066162,0.6146799921989441,0.8215009570121765,0.519382119178772,0.8242440223693848,0.45441004633903503,0.8138002753257751,0.39481592178344727,pinch
0.7653968930244446,0.8571389317512512,0.6849393248558044,0.8362821340560913,0.6080968379974365,0.7858364582061768,0.5401418805122375,0.7583094835281372,0.47975653409957886,0.7527176141738892,0.6414187550544739,0.5916386842727661,0.5998702645301819,0.5026398301124573,0.5628966689109802,0.4599056839942932,0.5268648862838745,0.42723700404167175,0.6853898763656616,0.5587848424911499,0.6673334240913391,0.4352229833602905,0.6426327228546143,0.3603082597255707,0.6151794195175171,0.29962044954299927,0.7319499850273132,0.5599521994590759,0.7377161979675293,0.44395530223846436,0.7232136726379395,0.37540769577026367,0.6999962329864502,0.3150382936000824,0.7772098779678345,0.5880513787269592,0.8029800653457642,0.4945659041404724,0.8037053942680359,0.42993831634521484,0.7933287620544434,0.37080052495002747,pinch
0.7549473643302917,0.8422799110412598,0.6754142045974731,0.820555567741394,0.5998632907867432,0.7720698118209839,0.5343326330184937,0.7451993227005005,0.47498875856399536,0.7378610372543335,0.6333051919937134,0.5825034976005554,0.5925577282905579,0.49649518728256226,0.5577959418296814,0.4542968273162842,0.5245320200920105,0.4190141558647156,0.6736706495285034,0.5515995621681213,0.6559416055679321,0.4319470524787903,0.6319831013679504,0.3579690754413605,0.6064924001693726,0.29696428775787354,0.7163768410682678,0.5521591901779175,0.7225872278213501,0.4369165301322937,0.7078261971473694,0.36763525009155273,0.6862892508506775,0.3071666657924652,0.7575578093528748,0.5785484313964844,0.7817161083221436,0.48730921745300293,0.7834783792495728,0.4214845895767212,0.7760995626449585,0.36094382405281067,pinch
0.7477808594703674,0.8265253305435181,0.6699995994567871,0.8101067543029785,0.5947622656822205,0.7644577622413635,0.5316142439842224,0.737994909286499,0.4755643606185913,0.7349189519882202,0.6271582245826721,0.5741749405860901,0.5893170237541199,0.4900752305984497,0.5561324954032898,0.4513685703277588,0.5223537683486938,0.4196348190307617,0.6666253805160522,0.5421558618545532,0.6501719355583191,0.4238895773887634,0.6264285445213318,0.35119280219078064,0.6014571189880371,0.2930257022380829,0.7084223628044128,0.5413563251495361,0.7145577669143677,0.42942458391189575,0.7010610103607178,0.3603958487510681,0.6817659139633179,0.30147939920425415,0.7480937838554382,0.5652531981468201,0.7690247297286987,0.4753918945789337,0.7704681754112244,0.41146278381347656,0.7647870779037476,0.35316410660743713,pinch
0.7341572642326355,0.7494648098945618,0.6656039953231812,0.7618874311447144,0.6032324433326721,0.7403738498687744,0.5431789755821228,0.727540135383606,0.4914698600769043,0.7188804745674133,0.6225301623344421,0.5728850960731506,0.5887104272842407,0.49848583340644836,0.5600503087043762,0.4577755928039551,0.5277255177497864,0.423528254032135,0.6634536385536194,0.5387650728225708,0.6432679295539856,0.4256422221660614,0.6213722229003906,0.35191628336906433,0.5961100459098816,0.2854363024234772,0.7078548073768616,0.5381791591644287,0.708031415939331,0.4286269545555115,0.6974811553955078,0.3569871485233307,0.6803858876228333,0.29335933923721313,0.7509238719940186,0.5592023730278015,0.764369010925293,0.4679470658302307,0.7645769119262695,0.4088488221168518,0.7595104575157166,0.3534119427204132,pinch
0.7358986735343933,0.8131120800971985,0.6652559638023376,0.7933828234672546,0.5985286235809326,0.7390525341033936,0.5480933785438538,0.6995723247528076,0.508001983165741,0.6737613677978516,0.6254293322563171,0.5725416541099548,0.5839859247207642,0.5076690316200256,0.5535890460014343,0.47656935453414917,0.5275838375091553,0.451499342918396,0.6628059148788452,0.5350246429443359,0.6436831951141357,0.4216540455818176,0.6207889914512634,0.3481447100639343,0.5975508093833923,0.29026728868484497,0.7025713920593262,0.5289326906204224,0.7046830058097839,0.4210473597049713,0.6919970512390137,0.3527505397796631,0.6732912063598633,0.29465770721435547,0.7408202886581421,0.5489334464073181,0.7586858868598938,0.46234381198883057,0.759265661239624,0.400393545627594,0.7520443797111511,0.3451038599014282,pinch
0.7337722778320312,0.8156179785728455,0.6600227952003479,0.7937679886817932,0.6017072796821594,0.7259455919265747,0.5589620471000671,0.6719467639923096,0.529628336429596,0.6190428137779236,0.6409121751785278,0.5774920582771301,0.5929982662200928,0.524215579032898,0.5537104606628418,0.5433792471885681,0.5330663323402405,0.57522052526474,0.6713311076164246,0.5372106432914734,0.6471987962722778,0.42757344245910645,0.6166059970855713,0.3547855019569397,0.5880000591278076,0.2977677285671234,0.7071736454963684,0.5279138088226318,0.7118147611618042,0.4217749834060669,0.6942209005355835,0.3541029095649719,0.6699243783950806,0.3003019690513611,0.7424167394638062,0.5463836193084717,0.7612910866737366,0.459026038646698,0.7591853737831116,0.3959590196609497,0.7483764886856079,0.34187179803848267,pinch
0.7360188364982605,0.810020387172699,0.6628513336181641,0.788260817527771,0.6039003133773804,0.724510908126831,0.5619985461235046,0.667749285697937,0.5333983898162842,0.6108136177062988,0.6395393013954163,0.5814113020896912,0.5938823819160461,0.5244199633598328,0.5574007630348206,0.5397946834564209,0.5371915102005005,0.5696518421173096,0.6700049042701721,0.5404015183448792,0.6445033550262451,0.4333033561706543,0.6148681044578552,0.36308640241622925,0.5872103571891785,0.3071320950984955,0.705655574798584,0.5297503471374512,0.7106422185897827,0.42765772342681885,0.6938298344612122,0.36225461959838867,0.6704086661338806,0.3114517629146576,0.7413256168365479,0.5465431213378906,0.7611820101737976,0.46250587701797485,0.7579870223999023,0.40035200119018555,0.7450952529907227,0.34805354475975037,pinch
0.7339980602264404,0.8100414872169495,0.6612585783004761,0.7852131724357605,0.6061516404151917,0.7216119766235352,0.5640928149223328,0.6672128438949585,0.5346771478652954,0.6112318634986877,0.6426189541816711,0.5801362991333008,0.596610426902771,0.5260710120201111,0.5591549277305603,0.5420714616775513,0.5391088724136353,0.5723021626472473,0.6724958419799805,0.5399970412254333,0.6452729105949402,0.4350682497024536,0.6157162189483643,0.3634326756000519,0.5886026620864868,0.30534282326698303,0.7074689865112305,0.5291907787322998,0.7130352258682251,0.4256114363670349,0.694774866104126,0.35875678062438965,0.6693086624145508,0.30763405561447144,0.7425857782363892,0.5457648038864136,0.7630851864814758,0.46114474534988403,0.7590382695198059,0.39808565378189087,0.7446480989456177,0.3459166884422302,pinch
0.7341700792312622,0.8084487915039062,0.663153350353241,0.7858330011367798,0.6071092486381531,0.7205277681350708,0.5638194680213928,0.6646715402603149,0.5327317118644714,0.6087878942489624,0.6441780924797058,0.5802451372146606,0.5981444120407104,0.5238595008850098,0.5618777871131897,0.5418906211853027,0.5432267189025879,0.5727717280387878,0.6738758683204651,0.5407643914222717,0.6458638906478882,0.4360644221305847,0.6169359087944031,0.3646637797355652,0.5905191898345947,0.30646178126335144,0.7085040211677551,0.5313657522201538,0.7148845195770264,0.42780232429504395,0.6979373693466187,0.3604810833930969,0.6736438274383545,0.30819419026374817,0.7432183027267456,0.5488978624343872,0.7638211846351624,0.4644308090209961,0.7590375542640686,0.40186381340026855,0.7437256574630737,0.34940606355667114,pinch
0.7349417209625244,0.8098769783973694,0.6645656824111938,0.7870950698852539,0.6087125539779663,0.7227869033813477,0.5644223690032959,0.668578565120697,0.5347779393196106,0.611065685749054,0.647097647190094,0.5824370384216309,0.6000860333442688,0.527283251285553,0.5625941157341003,0.5438103675842285,0.5434399843215942,0.5732595920562744,0.675929605960846,0.5428583025932312,0.6470811367034912,0.438701868057251,0.6184374690055847,0.3660297393798828,0.5926237106323242,0.3058238923549652,0.7101532220840454,0.5330866575241089,0.7166311740875244,0.42997491359710693,0.6990428566932678,0.36224788427352905,0.6740116477012634,0.3088725507259369,0.7445526123046875,0.550411581993103,0.7653725147247314,0.4651702046394348,0.7601035237312317,0.4022248089313507,0.7442419528961182,0.349215567111969,pinch
0.7326072454452515,0.8100324869155884,0.6633111834526062,0.7871541976928711,0.6085928678512573,0.7238989472389221,0.5650748014450073,0.6713669896125793,0.5355830192565918,0.6155024170875549,0.6470692157745361,0.5839529633522034,0.6008362174034119,0.5319057703018188,0.5626049041748047,0.5473103523254395,0.5416316986083984,0.5754010081291199,0.6756731867790222,0.5446125864982605,0.6475155353546143,0.4397340416908264,0.6195080876350403,0.367374062538147,0.5944022536277771,0.3079458177089691,0.7097951173782349,0.5350040793418884,0.7159996628761292,0.43092113733291626,0.6989157199859619,0.36333367228507996,0.6746338605880737,0.3102196753025055,0.7438648343086243,0.5527395606040955,0.7644327282905579,0.4676073491573334,0.7597638368606567,0.4049500823020935,0.7445378303527832,0.35217028856277466,pinch
0.7337263822555542,0.8101931810379028,0.6648131608963013,0.788206934928894,0.6097095012664795,0.7250587940216064,0.5657106637954712,0.672751247882843,0.5367997884750366,0.6155195236206055,0.6467414498329163,0.5850566029548645,0.6009302139282227,0.5319643020629883,0.563150942325592,0.5472365617752075,0.5428062677383423,0.5753377676010132,0.6753272414207458,0.5457351207733154,0.647357702255249,0.44171667098999023,0.6200963258743286,0.3696548044681549,0.595735490322113,0.3096638023853302,0.7096761465072632,0.5365033745765686,0.7157208919525146,0.4335147738456726,0.699527382850647,0.36632516980171204,0.6759724617004395,0.31290996074676514,0.7439862489700317,0.554499089717865,0.7636987566947937,0.4698130190372467,0.7593110203742981,0.40757960081100464,0.7446479201316833,0.3547424077987671,pinch
0.7326205968856812,0.8096238374710083,0.6635381579399109,0.7859052419662476,0.6092798709869385,0.7225700616836548,0.5647087693214417,0.6708849668502808,0.5355426073074341,0.6138414144515991,0.6481269598007202,0.5836360454559326,0.6021908521652222,0.5333191156387329,0.5639333724975586,0.5472840666770935,0.5432944893836975,0.5741308927536011,0.6762948632240295,0.5443354845046997,0.6480509042739868,0.44067201018333435,0.6211526393890381,0.36829686164855957,0.5975387692451477,0.30893248319625854,0.7101210951805115,0.5349716544151306,0.7164746522903442,0.4310303330421448,0.6994531154632568,0.3639717996120453,0.6749703884124756,0.311604768037796,0.7439420223236084,0.5527774095535278,0.76442551612854,0.4681282639503479,0.7599661946296692,0.4054017663002014,0.7444573640823364,0.35295891761779785,pinch
0.7345689535140991,0.8088362216949463,0.665350615978241,0.7863109111785889,0.6104438900947571,0.723658561706543,0.5660691261291504,0.6720573306083679,0.5363113880157471,0.6152077317237854,0.6485251784324646,0.5842105746269226,0.6022726893424988,0.5320828557014465,0.5641000270843506,0.5466529130935669,0.5437503457069397,0.5741245150566101,0.676578938961029,0.5452312231063843,0.6478295922279358,0.44222283363342285,0.620715856552124,0.36970996856689453,0.5969034433364868,0.3092840611934662,0.7103581428527832,0.5361596345901489,0.7161365747451782,0.4327070713043213,0.6995134949684143,0.3650634288787842,0.6758405566215515,0.31199032068252563,0.7441075444221497,0.554059624671936,0.7650178670883179,0.46955835819244385,0.7608243227005005,0.4065170884132385,0.7462015151977539,0.3534395098686218,pinch
0.7354633808135986,0.8069140911102295,0.6659302711486816,0.784387469291687,0.6104272603988647,0.7215225696563721,0.5654484033584595,0.6701294779777527,0.535230815410614,0.6137819290161133,0.6485801935195923,0.5836342573165894,0.6017986536026001,0.5325571298599243,0.5638930201530457,0.5473076105117798,0.5438211560249329,0.57460618019104,0.677128255367279,0.5443899035453796,0.6483585238456726,0.44164007902145386,0.6214067935943604,0.36921167373657227,0.5979578495025635,0.3096301555633545,0.7110735177993774,0.5354028344154358,0.7170023918151855,0.43176016211509705,0.6998742818832397,0.36435288190841675,0.6759713292121887,0.31137898564338684,0.7449187636375427,0.553243100643158,0.765385627746582,0.46911460161209106,0.7612574696540833,0.4060074985027313,0.7468917369842529,0.35254669189453125,pinch
0.7343809604644775,0.8067460656166077,0.6649973392486572,0.7828971147537231,0.6108766794204712,0.7193854451179504,0.5657902956008911,0.668432891368866,0.5341794490814209,0.6140561103820801,0.6498844027519226,0.5830526947975159,0.6031729578971863,0.534173846244812,0.5645140409469604,0.5478374361991882,0.5433083176612854,0.5736808180809021,0.6777443885803223,0.5437513589859009,0.6488099694252014,0.440986305475235,0.6217976808547974,0.36856430768966675,0.5983923673629761,0.30967187881469727,0.711293637752533,0.5343601107597351,0.7174056768417358,0.43075382709503174,0.7001109719276428,0.36343541741371155,0.6759647130966187,0.3110593557357788,0.7448492050170898,0.5514739751815796,0.7655777931213379,0.4675339460372925,0.7611650228500366,0.40482017397880554,0.7461977601051331,0.35217925906181335,pinch
0.7324322462081909,0.8048535585403442,0.6645120978355408,0.7806238532066345,0.6106756329536438,0.7176297307014465,0.566020667552948,0.6675422787666321,0.5356329679489136,0.6137462854385376,0.648863673210144,0.5821232795715332,0.6030704379081726,0.5318490266799927,0.564969539642334,0.5454622507095337,0.5442341566085815,0.5719621181488037,0.6765397787094116,0.5434902906417847,0.6488343477249146,0.4404653310775757,0.6225004196166992,0.36870771646499634,0.5992302894592285,0.3098239004611969,0.7101916074752808,0.5344259738922119,0.716237485408783,0.4310534596443176,0.6998099088668823,0.36375561356544495,0.6765145063400269,0.3107946217060089,0.7437700629234314,0.5521095991134644,0.7644696235656738,0.4677940011024475,0.7607470750808716,0.405204713344574,0.7467862367630005,0.35238713026046753,pinch
0.732638418674469,0.8022176027297974,0.6643465757369995,0.779254674911499,0.6104580163955688,0.7168806791305542,0.5657901763916016,0.6655817031860352,0.5358289480209351,0.6097325086593628,0.649104118347168,0.5814743041992188,0.6038349866867065,0.5326024889945984,0.565704345703125,0.5440651178359985,0.5447672009468079,0.5684024095535278,0.6767202019691467,0.5422132611274719,0.649105429649353,0.43974608182907104,0.622506320476532,0.36845988035202026,0.5991495251655579,0.3096291422843933,0.7103509902954102,0.532448947429657,0.71624755859375,0.4287237524986267,0.6993224620819092,0.3616914749145508,0.6756964325904846,0.30882030725479126,0.7438578009605408,0.5493999123573303,0.7645811438560486,0.4657554626464844,0.7609405517578125,0.4033573269844055,0.7469973564147949,0.3506495952606201,pinch
0.7322811484336853,0.8012194633483887,0.6640487313270569,0.7787679433822632,0.6106169819831848,0.7165901064872742,0.566371500492096,0.664758563041687,0.5364893674850464,0.6091541647911072,0.6490122079849243,0.5806500315666199,0.6040692329406738,0.5308483839035034,0.566309928894043,0.5419357419013977,0.5455667972564697,0.5665717124938965,0.6768658757209778,0.5415222644805908,0.6490345001220703,0.4383680522441864,0.6223339438438416,0.3670273423194885,0.5989125370979309,0.30850574374198914,0.7105226516723633,0.5315930843353271,0.7157322764396667,0.4274120628833771,0.6986375451087952,0.36032000184059143,0.675093412399292,0.3077508509159088,0.7439865469932556,0.5478829741477966,0.7638869881629944,0.4642348885536194,0.7602136731147766,0.40201377868652344,0.7466375827789307,0.34972459077835083,pinch
0.732176661491394,0.8002826571464539,0.6643539667129517,0.7790100574493408,0.6109269857406616,0.717323899269104,0.5667926669120789,0.6658770442008972,0.5368181467056274,0.609552800655365,0.6479082107543945,0.5806910991668701,0.6034761667251587,0.5296217203140259,0.5664510130882263,0.5415299534797668,0.5463186502456665,0.5664591789245605,0.6757122278213501,0.5415182709693909,0.6477590203285217,0.439369261264801,0.621347963809967,0.3684835433959961,0.5981318950653076,0.30908772349357605,0.7093979716300964,0.5317071676254272,0.7154451608657837,0.42826372385025024,0.6991337537765503,0.3615405559539795,0.675873875617981,0.3085750937461853,0.7431166768074036,0.5486016869544983,0.7635859251022339,0.465341717004776,0.760154664516449,0.40328818559646606,0.7466076016426086,0.3506177067756653,pinch
0.7311577796936035,0.7999635934829712,0.663434624671936,0.7787096500396729,0.6097763776779175,0.7168390154838562,0.5660387873649597,0.6659936308860779,0.537703812122345,0.6099057197570801,0.6471996903419495,0.5794508457183838,0.6023750901222229,0.52936851978302,0.5652697086334229,0.5420262813568115,0.545116662979126,0.5675868391990662,0.6752035021781921,0.5404964685440063,0.647328794002533,0.4385285973548889,0.6211577653884888,0.3676111698150635,0.5982029438018799,0.30906641483306885,0.7091070413589478,0.5308977961540222,0.7143679857254028,0.4278349280357361,0.697887122631073,0.36137866973876953,0.6745694279670715,0.3086945116519928,0.7432100772857666,0.5481691956520081,0.7631468176841736,0.4654273986816406,0.7593582272529602,0.40397322177886963,0.7454408407211304,0.3519676923751831,pinch
0.7320157885551453,0.7992430329322815,0.6641632318496704,0.7789746522903442,0.609950602054596,0.7177678346633911,0.5657097101211548,0.6668415069580078,0.5371220707893372,0.6103871464729309,0.6464463472366333,0.5798525214195251,0.601378321647644,0.5286288857460022,0.5649136304855347,0.5414847135543823,0.5454294085502625,0.5674577355384827,0.6745445132255554,0.5403528809547424,0.6464687585830688,0.43847668170928955,0.6204712986946106,0.3676201105117798,0.597734808921814,0.30893945693969727,0.7088703513145447,0.5303236246109009,0.7131484746932983,0.4275670647621155,0.6966173648834229,0.361761212348938,0.6735254526138306,0.3098621368408203,0.7433629631996155,0.5468999743461609,0.7627366185188293,0.4645909070968628,0.7588359117507935,0.403577983379364,0.7448731064796448,0.3518725633621216,pinch
0.7325531840324402,0.7996686697006226,0.6640969514846802,0.7790336608886719,0.6095030307769775,0.717610239982605,0.5654242038726807,0.6668118238449097,0.5366864204406738,0.6108184456825256,0.6473793983459473,0.5795148611068726,0.6014667749404907,0.5295560956001282,0.5643019676208496,0.5424580574035645,0.544097900390625,0.5683859586715698,0.6752415299415588,0.5405942797660828,0.6466001272201538,0.4388134479522705,0.62033611536026,0.36793380975723267,0.5976240038871765,0.3089284300804138,0.7092524170875549,0.5307469367980957,0.712520956993103,0.42817819118499756,0.6955326199531555,0.36189723014831543,0.6724158525466919,0.3089068830013275,0.7437376976013184,0.5473294854164124,0.7621546983718872,0.464445024728775,0.7579975724220276,0.40311968326568604,0.7440659403800964,0.35093802213668823,pinch
0.7324556112289429,0.7995814681053162,0.664555013179779,0.7801870107650757,0.6095736622810364,0.7173418402671814,0.5655220150947571,0.6653560996055603,0.5362313389778137,0.6098503470420837,0.6466115713119507,0.5806963443756104,0.6007251739501953,0.5293979644775391,0.5639041662216187,0.5429937243461609,0.5443388819694519,0.5698825716972351,0.674497127532959,0.541446328163147,0.6458374857902527,0.4396429657936096,0.6195701956748962,0.3683524429798126,0.5968137979507446,0.3087767958641052,0.7086277008056641,0.5313594341278076,0.7121641039848328,0.42888134717941284,0.6951783895492554,0.3621750473976135,0.6719545722007751,0.3087922930717468,0.7432403564453125,0.547728955745697,0.7619971632957458,0.4654364287853241,0.7579021453857422,0.4039517343044281,0.7441362738609314,0.3515685200691223,pinch
0.732484757900238,0.7990118265151978,0.664737343788147,0.7800116539001465,0.6093078851699829,0.7170384526252747,0.5652014017105103,0.6648997068405151,0.5355361104011536,0.6092146039009094,0.6456835269927979,0.5801374912261963,0.5990908145904541,0.5303354263305664,0.5626093149185181,0.5435823202133179,0.5432778596878052,0.5696721076965332,0.6740976572036743,0.5405547022819519,0.6453559398651123,0.43925824761390686,0.6192737221717834,0.3679939806461334,0.5964996814727783,0.30863988399505615,0.708365797996521,0.53044593334198,0.712445080280304,0.428432822227478,0.6954379081726074,0.36247918009757996,0.6718304753303528,0.3099901080131531,0.7430785298347473,0.5470227599143982,0.7621690630912781,0.46511515974998474,0.7580784559249878,0.40397900342941284,0.7441374063491821,0.35206514596939087,pinch
0.733096718788147,0.7994542121887207,0.6651782393455505,0.7805308103561401,0.6095883250236511,0.7175349593162537,0.5657746195793152,0.6655901074409485,0.5358667373657227,0.6101654767990112,0.6456314325332642,0.5794960856437683,0.5995290875434875,0.5298207998275757,0.5629443526268005,0.5435802936553955,0.5431110858917236,0.5700188279151917,0.6741005778312683,0.540042519569397,0.645599901676178,0.43887442350387573,0.619428277015686,0.36795395612716675,0.596519410610199,0.30923402309417725,0.7084976434707642,0.5302538871765137,0.7125142812728882,0.42838287353515625,0.6954962611198425,0.36231744289398193,0.671851634979248,0.30985328555107117,0.7433478236198425,0.5471343398094177,0.76239013671875,0.46503549814224243,0.7580938339233398,0.40408599376678467,0.7437633872032166,0.3524395823478699,pinch
0.7332183718681335,0.7991799116134644,0.6649894118309021,0.7805295586585999,0.6094021797180176,0.7174526453018188,0.5657706260681152,0.6651118993759155,0.5359911918640137,0.6095594167709351,0.6456336975097656,0.5791743993759155,0.5988917350769043,0.52989262342453,0.562244713306427,0.543704092502594,0.5426245331764221,0.5701729655265808,0.6740536093711853,0.5396588444709778,0.6451742649078369,0.43883100152015686,0.6187961101531982,0.3681600093841553,0.5956063270568848,0.30921658873558044,0.7082085609436035,0.530048131942749,0.7126355767250061,0.4283227324485779,0.6956495046615601,0.3620562255382538,0.6718634963035583,0.30928871035575867,0.7426442503929138,0.5474096536636353,0.7623616456985474,0.4654460549354553,0.7581958174705505,0.4042169451713562,0.7438098788261414,0.3522152006626129,pinch
0.7330939769744873,0.7991734147071838,0.6652934551239014,0.7812532186508179,0.6095584630966187,0.7177976965904236,0.5653375387191772,0.6662642955780029,0.5349577069282532,0.6119254231452942,0.6450483798980713,0.5795115232467651,0.5975354313850403,0.5302438139915466,0.5607189536094666,0.5456006526947021,0.5413650274276733,0.5730323195457458,0.6734409928321838,0.5394898056983948,0.6448058485984802,0.4385479986667633,0.6184095144271851,0.36752790212631226,0.5952051281929016,0.30833208560943604,0.7079038023948669,0.5296312570571899,0.7122887969017029,0.42776554822921753,0.6951613426208496,0.36158934235572815,0.671301543712616,0.30862027406692505,0.74250328540802,0.5470542907714844,0.7619215846061707,0.4653692841529846,0.7577087879180908,0.40418389439582825,0.7436841130256653,0.3519327640533447,pinch
0.7317623496055603,0.7995954155921936,0.6639000773429871,0.7805454134941101,0.6090218424797058,0.7183501124382019,0.5652454495429993,0.6674774885177612,0.5362288951873779,0.6125910878181458,0.6442068815231323,0.5800151824951172,0.5972074866294861,0.5309581160545349,0.5604410767555237,0.546349823474884,0.5409778356552124,0.5735447406768799,0.6727412343025208,0.5400545001029968,0.6444950699806213,0.438889741897583,0.6182968616485596,0.3677713871002197,0.5951181054115295,0.30847567319869995,0.7072862982749939,0.5299294590950012,0.7118678092956543,0.428169310092926,0.6948021650314331,0.36186423897743225,0.6708149909973145,0.3088679909706116,0.7422130703926086,0.5470859408378601,0.7619853019714355,0.46536675095558167,0.7577444911003113,0.40424156188964844,0.7433762550354004,0.35223883390426636,pinch
0.7322980165481567,0.8002603650093079,0.6638790965080261,0.7815259099006653,0.6087805032730103,0.7197293639183044,0.5637329816818237,0.6691850423812866,0.5342966318130493,0.6137904524803162,0.6437424421310425,0.5810335278511047,0.5959194302558899,0.5321149230003357,0.5599185228347778,0.5481258630752563,0.5415855050086975,0.5756424069404602,0.6724194884300232,0.540604829788208,0.6437483429908752,0.4398237466812134,0.6177631616592407,0.3682820200920105,0.5948628783226013,0.3078692853450775,0.7075873017311096,0.5303009748458862,0.7115193605422974,0.4291258752346039,0.6948555111885071,0.36265307664871216,0.671567976474762,0.30903759598731995,0.7427685856819153,0.5472859740257263,0.7615933418273926,0.4657984972000122,0.7572780847549438,0.40478670597076416,0.7434078454971313,0.35250890254974365,pinch
0.732623279094696,0.800521969795227,0.6641355156898499,0.7821332216262817,0.6088617444038391,0.7196751236915588,0.5641904473304749,0.6686952114105225,0.5336931943893433,0.6141276955604553,0.6440454125404358,0.5817668437957764,0.596057653427124,0.5348791480064392,0.5595659613609314,0.5490446090698242,0.5405155420303345,0.5744078159332275,0.6723702549934387,0.5410569310188293,0.6438722014427185,0.43981778621673584,0.6181325912475586,0.36734646558761597,0.5957714915275574,0.3067682981491089,0.7069653272628784,0.5306280851364136,0.7115390300750732,0.42915022373199463,0.6945703029632568,0.36230015754699707,0.6708856225013733,0.3086393475532532,0.7418419718742371,0.5474516749382019,0.7618007659912109,0.4659539759159088,0.7577716708183289,0.40449509024620056,0.743877112865448,0.3521915376186371,pinch
0.7323498129844666,0.8008898496627808,0.6640722155570984,0.7818594574928284,0.6086331605911255,0.720175564289093,0.5637632608413696,0.6695850491523743,0.5338721871376038,0.6140131950378418,0.6437268257141113,0.5813491940498352,0.5960009694099426,0.5342693328857422,0.5593549609184265,0.5481472015380859,0.5399647951126099,0.573642909526825,0.6724056005477905,0.5408267974853516,0.6438820958137512,0.43934255838394165,0.6178002953529358,0.3669997453689575,0.5948473811149597,0.3067595958709717,0.7070467472076416,0.5307313203811646,0.7120679020881653,0.4291534125804901,0.6945813298225403,0.36247795820236206,0.6700060367584229,0.30937162041664124,0.7418490648269653,0.5479497313499451,0.7621044516563416,0.46637213230133057,0.7577211856842041,0.40475690364837646,0.7430127859115601,0.35259759426116943,pinch
0.7321248054504395,0.7998266816139221,0.6643109321594238,0.7827001810073853,0.6085011959075928,0.7205188274383545,0.5632359385490417,0.6694247126579285,0.5317269563674927,0.615199863910675,0.6431984901428223,0.5825600028038025,0.5952767133712769,0.5348740816116333,0.5591316223144531,0.5493065714836121,0.5404239296913147,0.5753752589225769,0.6717431545257568,0.5414654016494751,0.6430564522743225,0.4400911331176758,0.6167631149291992,0.3678179979324341,0.5936093330383301,0.307256281375885,0.7064720392227173,0.5308389067649841,0.7116026878356934,0.4294987916946411,0.6942453980445862,0.3630322813987732,0.6698775291442871,0.30969709157943726,0.7414222359657288,0.5477005839347839,0.761559009552002,0.4662736654281616,0.7573716640472412,0.4050080180168152,0.7432841062545776,0.35300523042678833,pinch
0.7325748205184937,0.8012734055519104,0.6645694375038147,0.7831337451934814,0.6089589595794678,0.7211604714393616,0.5636358261108398,0.6709734797477722,0.5326618552207947,0.6170458793640137,0.6434215903282166,0.5826713442802429,0.595733106136322,0.5347130298614502,0.5592443346977234,0.5493367910385132,0.5403380393981934,0.5761852860450745,0.6720362305641174,0.541709303855896,0.6434531807899475,0.44013455510139465,0.6171069741249084,0.3677956759929657,0.5939183831214905,0.3073703646659851,0.706809401512146,0.5309684872627258,0.7106481790542603,0.42969805002212524,0.692908763885498,0.36342334747314453,0.6684814691543579,0.3105895519256592,0.7418488264083862,0.5475791692733765,0.7614844441413879,0.46621453762054443,0.7571192979812622,0.40461528301239014,0.742877185344696,0.35253509879112244,pinch
0.7334131002426147,0.801211953163147,0.6644750237464905,0.7837090492248535,0.6077924966812134,0.7211833000183105,0.5625084042549133,0.6706151962280273,0.5328369736671448,0.6159235239028931,0.6427737474441528,0.5828490257263184,0.5946670174598694,0.5349447131156921,0.5585960745811462,0.550015389919281,0.5400246381759644,0.576808750629425,0.671644926071167,0.5420138239860535,0.6422648429870605,0.44028231501579285,0.6156315803527832,0.3677730858325958,0.5923094749450684,0.30712196230888367,0.7065094709396362,0.5315244197845459,0.7105699181556702,0.4301531910896301,0.6926201581954956,0.3633294999599457,0.6680019497871399,0.3099132776260376,0.7415798306465149,0.5484167337417603,0.7611461281776428,0.4670167863368988,0.756609320640564,0.40569305419921875,0.7421668171882629,0.3537290692329407,pinch
0.7335380911827087,0.8023114204406738,0.6653385758399963,0.785300076007843,0.608268678188324,0.7217004299163818,0.5631548762321472,0.6704163551330566,0.5319485664367676,0.6166686415672302,0.6422025561332703,0.5836411118507385,0.5933951735496521,0.5350797772407532,0.5576580166816711,0.5499271154403687,0.5395779609680176,0.5770593285560608,0.671137273311615,0.5424107909202576,0.6414473652839661,0.44031384587287903,0.6150983572006226,0.3676897883415222,0.5921687483787537,0.307417094707489,0.7060662508010864,0.5315904021263123,0.7096229791641235,0.42986035346984863,0.6918643116950989,0.3629074692726135,0.6673206090927124,0.30961015820503235,0.7413446307182312,0.5483001470565796,0.760612964630127,0.4668774902820587,0.7562684416770935,0.40502768754959106,0.7421115040779114,0.35285162925720215,pinch
0.731877326965332,0.8037587404251099,0.6637693643569946,0.7851602435112,0.6076216101646423,0.7217835187911987,0.5630059242248535,0.6711434125900269,0.5329039096832275,0.6172947883605957,0.6413299441337585,0.5833280682563782,0.5936528444290161,0.5349233150482178,0.5583633184432983,0.5486323237419128,0.5401849150657654,0.5751906037330627,0.6700753569602966,0.54243004322052,0.6416019201278687,0.44009482860565186,0.6154240369796753,0.36751657724380493,0.5923573970794678,0.3076261579990387,0.7048758864402771,0.5320526361465454,0.7093936204910278,0.42973315715789795,0.6921340823173523,0.3625520169734955,0.6679208874702454,0.30933624505996704,0.7398882508277893,0.5494423508644104,0.7598140835762024,0.4675366282463074,0.7556596398353577,0.4053647518157959,0.7414211630821228,0.35301533341407776,pinch
0.7329831123352051,0.802428662776947,0.6638918519020081,0.7849653959274292,0.6076233386993408,0.7224432826042175,0.5622351765632629,0.6718258261680603,0.5315904021263123,0.6174059510231018,0.641625165939331,0.5841507911682129,0.5934169888496399,0.5354576706886292,0.557644248008728,0.5489920377731323,0.5396052002906799,0.5750119090080261,0.6701960563659668,0.5428654551506042,0.6409013867378235,0.4405968189239502,0.6147138476371765,0.3675194978713989,0.591965913772583,0.30680832266807556,0.704998791217804,0.5323415994644165,0.7094811201095581,0.4301506280899048,0.6923393607139587,0.36282920837402344,0.6683331727981567,0.3093647062778473,0.7398911714553833,0.5494973659515381,0.7595100998878479,0.4677891731262207,0.7552937865257263,0.40571916103363037,0.7412504553794861,0.3531821370124817,pinch
0.7324994206428528,0.802806556224823,0.6634435057640076,0.7852303981781006,0.6077733635902405,0.7221271991729736,0.5626193284988403,0.6719602346420288,0.5328421592712402,0.6169759631156921,0.6418250799179077,0.5831544995307922,0.5936864018440247,0.5363022089004517,0.5579027533531189,0.5494977235794067,0.54006427526474,0.5750624537467957,0.6698623895645142,0.5422588586807251,0.6404604911804199,0.4409746527671814,0.6147432327270508,0.36784663796424866,0.5928078889846802,0.3070818781852722,0.7044356465339661,0.5320127010345459,0.7090191841125488,0.4303664565086365,0.6922953128814697,0.3625243306159973,0.6687965989112854,0.3083207905292511,0.7392564415931702,0.549481213092804,0.7593867778778076,0.4682273864746094,0.7556626200675964,0.40561988949775696,0.742232084274292,0.35216832160949707,pinch
0.7322053909301758,0.8028029203414917,0.663766622543335,0.7849541902542114,0.6082274317741394,0.7225605845451355,0.5628591775894165,0.6727980971336365,0.5325658917427063,0.6180672645568848,0.6412442326545715,0.5831338763237,0.5923436284065247,0.535993218421936,0.556816577911377,0.5496326684951782,0.5395931005477905,0.5759732127189636,0.6694847941398621,0.5419331192970276,0.6398426294326782,0.44007328152656555,0.6140622496604919,0.36732491850852966,0.59199059009552,0.3072401285171509,0.7043508291244507,0.5315845608711243,0.7091182470321655,0.4293288588523865,0.692188560962677,0.36167609691619873,0.6683135032653809,0.3079652488231659,0.7395808696746826,0.549497127532959,0.7597138285636902,0.46797940135002136,0.7556565999984741,0.4056659936904907,0.7417186498641968,0.3528170883655548,pinch
0.7323092818260193,0.8015511631965637,0.6637721657752991,0.7837817668914795,0.6080115437507629,0.7222163677215576,0.5623255372047424,0.6725701093673706,0.5327673554420471,0.6167324185371399,0.6412215232849121,0.5825352668762207,0.5924223065376282,0.535691499710083,0.5565183162689209,0.5491164326667786,0.5388938188552856,0.575070321559906,0.6697502732276917,0.5408047437667847,0.6406189203262329,0.4391985535621643,0.6143298149108887,0.3663942217826843,0.5914726853370667,0.30622589588165283,0.7047697901725769,0.5301774144172668,0.7098380327224731,0.42816171050071716,0.6925607323646545,0.36091479659080505,0.66811603307724,0.30779948830604553,0.7399479150772095,0.5478436350822449,0.759998083114624,0.46594634652137756,0.7554066777229309,0.40384989976882935,0.7406715750694275,0.35143396258354187,pinch
0.7326644659042358,0.8004318475723267,0.6641657948493958,0.7833613157272339,0.6078486442565918,0.7217408418655396,0.562404453754425,0.6718350052833557,0.5328537821769714,0.6161686778068542,0.6410115361213684,0.5826553106307983,0.591855525970459,0.5353235006332397,0.556765079498291,0.5486592650413513,0.5396175384521484,0.5744227766990662,0.669567346572876,0.540795087814331,0.640385627746582,0.4392325282096863,0.6145656108856201,0.3663276731967926,0.592241644859314,0.30619144439697266,0.7045806646347046,0.5302478075027466,0.709120512008667,0.42855823040008545,0.6921331882476807,0.3613145053386688,0.6682889461517334,0.3078303337097168,0.7398048043251038,0.5479010939598083,0.7592710852622986,0.46618562936782837,0.7547518610954285,0.4040931463241577,0.7404138445854187,0.3514629900455475,pinch
0.7320979237556458,0.8013505339622498,0.6633779406547546,0.7844257950782776,0.6072123646736145,0.7209431529045105,0.561168909072876,0.6713547110557556,0.530914843082428,0.616971492767334,0.6415811777114868,0.5825011134147644,0.5921028852462769,0.5357142686843872,0.5566396117210388,0.5493541955947876,0.5395092964172363,0.5751584768295288,0.6698657870292664,0.5412403345108032,0.640101969242096,0.4398064613342285,0.6144967079162598,0.3663017153739929,0.5927753448486328,0.30595239996910095,0.7048020958900452,0.5309567451477051,0.7093494534492493,0.42889171838760376,0.6923339366912842,0.3609367609024048,0.6685925126075745,0.3071349263191223,0.7395342588424683,0.5486493110656738,0.7593314051628113,0.46685072779655457,0.7550793886184692,0.40416383743286133,0.7413343787193298,0.35102057456970215,pinch
0.7325652837753296,0.8006930351257324,0.6636675000190735,0.7832528948783875,0.6077327728271484,0.7215754985809326,0.5624991059303284,0.6709500551223755,0.5315139293670654,0.6160969138145447,0.6401767134666443,0.5829985737800598,0.5911036133766174,0.5353261828422546,0.5560197830200195,0.5484690070152283,0.5389772057533264,0.5740283131599426,0.6688969135284424,0.5410885810852051,0.6398391723632812,0.4394895136356354,0.6142188906669617,0.36662909388542175,0.5922330617904663,0.30659064650535583,0.7037756443023682,0.5304805636405945,0.7088656425476074,0.42845940589904785,0.6923654079437256,0.3612399697303772,0.6690734028816223,0.3082371652126312,0.738720178604126,0.5477563142776489,0.7586522102355957,0.46593618392944336,0.7549382448196411,0.40369611978530884,0.7414189577102661,0.35122543573379517,pinch
0.7315915822982788,0.800931990146637,0.6636477708816528,0.7841527462005615,0.6074358820915222,0.7211394309997559,0.5612804293632507,0.6717406511306763,0.5303843021392822,0.6180804371833801,0.6404963135719299,0.5816565752029419,0.5920042991638184,0.5348618626594543,0.5566874742507935,0.5486478805541992,0.5391527414321899,0.5746670365333557,0.6686128377914429,0.540866494178772,0.6390164494514465,0.43957263231277466,0.6134257912635803,0.3663550615310669,0.5915343165397644,0.3067338466644287,0.7032809257507324,0.5311489105224609,0.7084689736366272,0.42892056703567505,0.6920925378799438,0.3608373999595642,0.6687102913856506,0.3071303069591522,0.7379862070083618,0.5492419004440308,0.7581239342689514,0.4670862555503845,0.7543768882751465,0.40447932481765747,0.7409565448760986,0.3513503074645996,pinch
0.7316250801086426,0.8009552359580994,0.6639381051063538,0.7844832539558411,0.6075870394706726,0.721815288066864,0.5619754195213318,0.6717165112495422,0.5311033725738525,0.6168564558029175,0.6400970220565796,0.5825175642967224,0.5921334028244019,0.5357261896133423,0.5563870668411255,0.5486387014389038,0.5384878516197205,0.573905348777771,0.6683171391487122,0.5407795906066895,0.6392374634742737,0.44031572341918945,0.613443911075592,0.36737439036369324,0.5913525223731995,0.3072008788585663,0.7032850384712219,0.5302243828773499,0.7081722617149353,0.4282844364643097,0.6913917660713196,0.3608172833919525,0.667661726474762,0.3072337508201599,0.7386165261268616,0.5474795699119568,0.7586620450019836,0.465722918510437,0.7543681859970093,0.40334415435791016,0.7401676177978516,0.35042428970336914,pinch
0.730542778968811,0.8009867668151855,0.6633493900299072,0.7838637828826904,0.6073548197746277,0.7212837338447571,0.5615657567977905,0.6716073155403137,0.5305582284927368,0.6177157163619995,0.6400423645973206,0.5825262069702148,0.591690719127655,0.5355161428451538,0.5562379956245422,0.5484938025474548,0.5382663011550903,0.5739675760269165,0.6682456135749817,0.5412920713424683,0.6387351155281067,0.43942856788635254,0.6133778095245361,0.3663870096206665,0.5915793776512146,0.3065655827522278,0.7032766938209534,0.5308368802070618,0.7076863646507263,0.4283323287963867,0.6909204125404358,0.3609135150909424,0.6671205163002014,0.3073694407939911,0.7386402487754822,0.5480605959892273,0.7579469084739685,0.466098427772522,0.7538658976554871,0.4039475619792938,0.7399130463600159,0.3511233627796173,pinch
0.731521725654602,0.8009331226348877,0.6634182929992676,0.7845568656921387,0.607292115688324,0.7214739918708801,0.5621869564056396,0.669900119304657,0.5316899418830872,0.6154888868331909,0.6400951743125916,0.5843810439109802,0.5919249653816223,0.5359879732131958,0.5567635297775269,0.5477874279022217,0.5390549898147583,0.5720754265785217,0.6684971451759338,0.54216068983078,0.6395024061203003,0.4398587942123413,0.6137511730194092,0.3663686215877533,0.5916352868080139,0.30625051259994507,0.7034135460853577,0.5309507846832275,0.7080453038215637,0.4282892942428589,0.6910090446472168,0.3607066869735718,0.6671391129493713,0.30750516057014465,0.7384969592094421,0.5470551252365112,0.7579162120819092,0.4650917053222656,0.7535056471824646,0.403201162815094,0.7391969561576843,0.35105621814727783,pinch
0.7309451103210449,0.8016049861907959,0.663411557674408,0.7845389246940613,0.607404351234436,0.7214227318763733,0.5618205666542053,0.6709083318710327,0.5311104655265808,0.6170668005943298,0.640414834022522,0.5831641554832458,0.5918132066726685,0.5352259874343872,0.5566996335983276,0.5481942296028137,0.539252519607544,0.5738251209259033,0.668718159198761,0.5417458415031433,0.6392740607261658,0.4397316873073578,0.6136281490325928,0.3663058280944824,0.5916215181350708,0.3064790964126587,0.7035422325134277,0.5310009121894836,0.7079473733901978,0.4282585084438324,0.6907500624656677,0.3605273962020874,0.6666245460510254,0.3074307143688202,0.7385019063949585,0.5476362705230713,0.7579964995384216,0.46551647782325745,0.7534887790679932,0.4033777415752411,0.7390128374099731,0.3510493040084839,pinch
0.731648862361908,0.8013753294944763,0.6635435223579407,0.7848719358444214,0.6070197820663452,0.7218815088272095,0.561583399772644,0.6711311340332031,0.530895471572876,0.6170474886894226,0.6401469111442566,0.5829498171806335,0.5920082926750183,0.5350359082221985,0.5564766526222229,0.5485154390335083,0.5384169220924377,0.5741512179374695,0.6686351895332336,0.5412715077400208,0.6397407054901123,0.43952637910842896,0.6137347221374512,0.36644697189331055,0.5912375450134277,0.3063901960849762,0.7035666108131409,0.53072589635849,0.7083598375320435,0.427956759929657,0.6909576058387756,0.36061933636665344,0.6666569709777832,0.30758044123649597,0.7386183738708496,0.5475768446922302,0.7581771612167358,0.465605229139328,0.7536280751228333,0.4037301540374756,0.7391975522041321,0.35149767994880676,pinch
0.730370819568634,0.8018392324447632,0.6626192927360535,0.7845725417137146,0.6068454384803772,0.7228260636329651,0.5616500377655029,0.6725937128067017,0.5315973162651062,0.6175577640533447,0.6393676996231079,0.5832807421684265,0.5911445617675781,0.5352042317390442,0.5559152364730835,0.5491882562637329,0.5383232235908508,0.5752347707748413,0.6679807901382446,0.5416416525840759,0.6389366984367371,0.44022998213768005,0.613155722618103,0.36744263768196106,0.5908216238021851,0.3068779706954956,0.7029498219490051,0.5311238169670105,0.7082037329673767,0.42874401807785034,0.6908998489379883,0.3612068295478821,0.6665814518928528,0.3073931336402893,0.737966001033783,0.548499345779419,0.7577416896820068,0.4663190245628357,0.753185510635376,0.40397554636001587,0.7386907935142517,0.35099631547927856,pinch
0.7302501797676086,0.8014305233955383,0.6627343893051147,0.7849260568618774,0.6069101691246033,0.7228649854660034,0.5616322755813599,0.672315239906311,0.5306407809257507,0.6172271966934204,0.6391394734382629,0.5835598111152649,0.5918298959732056,0.5356938242912292,0.5563440322875977,0.5491303205490112,0.5381910800933838,0.5746203064918518,0.6678346991539001,0.5416639447212219,0.6390141248703003,0.4408426880836487,0.6131591796875,0.36837685108184814,0.5906777381896973,0.3079141080379486,0.7028065919876099,0.5311553478240967,0.7081435918807983,0.42923426628112793,0.6910245418548584,0.3620583117008209,0.6668347716331482,0.30842918157577515,0.7380433082580566,0.5483371615409851,0.7579531073570251,0.4664921760559082,0.753587543964386,0.40455830097198486,0.7391369342803955,0.3518699109554291,pinch
0.7296973466873169,0.8012608289718628,0.6622803211212158,0.784933865070343,0.6062121987342834,0.7220908403396606,0.5612006187438965,0.6719699501991272,0.530488133430481,0.6180320978164673,0.6389983892440796,0.5829367637634277,0.5914018154144287,0.5345550775527954,0.5562413930892944,0.5488448143005371,0.5385843515396118,0.5753474235534668,0.667613685131073,0.5415888428688049,0.6383702754974365,0.4410511255264282,0.6127988696098328,0.36854779720306396,0.59073805809021,0.3086133599281311,0.7025650143623352,0.5312839150428772,0.7078483700752258,0.4297277331352234,0.690781831741333,0.3620922863483429,0.6666815876960754,0.3086160123348236,0.7377595901489258,0.5484427809715271,0.757714033126831,0.4666796922683716,0.7531269192695618,0.4048681855201721,0.7383099794387817,0.3526356816291809,pinch
0.7300214171409607,0.8011796474456787,0.6625228524208069,0.784983217716217,0.6063390374183655,0.7221072912216187,0.5613174438476562,0.6717156767845154,0.5304640531539917,0.6176795959472656,0.63914954662323,0.5835671424865723,0.5916346311569214,0.535491943359375,0.556409478187561,0.5485026240348816,0.5384923219680786,0.5739097595214844,0.6678580045700073,0.5419012308120728,0.6388488411903381,0.4413050711154938,0.613062858581543,0.36864304542541504,0.5906964540481567,0.30855995416641235,0.7028599381446838,0.5312954187393188,0.7079297304153442,0.42972928285598755,0.6909058094024658,0.3623523712158203,0.6668378114700317,0.3090408146381378,0.738123893737793,0.5482980608940125,0.7581079006195068,0.4666290581226349,0.7537046074867249,0.404656320810318,0.7390919923782349,0.35233673453330994,pinch
0.730083167552948,0.8017800450325012,0.6627581715583801,0.7853415012359619,0.606415867805481,0.7224938273429871,0.5611801147460938,0.672213613986969,0.5309889316558838,0.6179147958755493,0.6398409605026245,0.5828077793121338,0.5918380618095398,0.5349729657173157,0.5564546585083008,0.548484206199646,0.5384186506271362,0.5747089385986328,0.668289840221405,0.5415502786636353,0.639093279838562,0.4408857822418213,0.6132391095161438,0.36828136444091797,0.5907660722732544,0.308649480342865,0.7031301856040955,0.531065046787262,0.7077668905258179,0.429632306098938,0.6905478239059448,0.36230993270874023,0.666330099105835,0.30908986926078796,0.7381412982940674,0.54795241355896,0.7578368186950684,0.4664549231529236,0.7533724308013916,0.40456682443618774,0.7388617396354675,0.35217219591140747,pinch
0.7296972274780273,0.8020492792129517,0.6622157096862793,0.7848691344261169,0.606313943862915,0.7218850255012512,0.5608924031257629,0.6715794801712036,0.5297340154647827,0.6177816987037659,0.6400893330574036,0.5828009247779846,0.5916981101036072,0.5342069864273071,0.5561008453369141,0.5481758713722229,0.5381879210472107,0.574687659740448,0.6686276793479919,0.5413708090782166,0.6390458345413208,0.4405551254749298,0.6129255294799805,0.36807602643966675,0.5901554822921753,0.30798929929733276,0.7033804655075073,0.530858039855957,0.7078908085823059,0.4295470714569092,0.6907519698143005,0.36243486404418945,0.6665533781051636,0.30905821919441223,0.7383030652999878,0.5476773977279663,0.757983922958374,0.4661308526992798,0.7536296844482422,0.40455132722854614,0.739126443862915,0.3525504469871521,pinch
0.7307565808296204,0.8027446269989014,0.6625111699104309,0.7859683036804199,0.6068180203437805,0.721880316734314,0.562125027179718,0.6701613068580627,0.5294448733329773,0.6172127723693848,0.6399747133255005,0.5845767259597778,0.5920788645744324,0.5356050133705139,0.5564193725585938,0.5481907725334167,0.5380616188049316,0.5731709003448486,0.6686738729476929,0.5425766110420227,0.6391695737838745,0.4413522481918335,0.6129582524299622,0.36808615922927856,0.5900738835334778,0.307179719209671,0.7034279704093933,0.5315796732902527,0.708408772945404,0.4303320646286011,0.6914205551147461,0.36305299401283264,0.6671980023384094,0.31007906794548035,0.7383049130439758,0.5477523803710938,0.7581340670585632,0.4657973051071167,0.7535351514816284,0.4042600393295288,0.7386377453804016,0.35286766290664673,pinch
0.7304491400718689,0.8032153248786926,0.6619775891304016,0.7850537896156311,0.6063511371612549,0.7218101024627686,0.5606514811515808,0.671800971031189,0.5297085642814636,0.6175850033760071,0.6406181454658508,0.5834205150604248,0.5923101305961609,0.5340831279754639,0.5563168525695801,0.5480192303657532,0.5377979278564453,0.5745158791542053,0.6691066026687622,0.5427155494689941,0.6391589045524597,0.4411749839782715,0.612649142742157,0.36818039417266846,0.5895259380340576,0.30820587277412415,0.703752875328064,0.5324979424476624,0.7088346481323242,0.43051591515541077,0.6915154457092285,0.36298668384552,0.666868269443512,0.3100740611553192,0.7384055852890015,0.5493667721748352,0.7581356763839722,0.46670281887054443,0.7531671524047852,0.4049162268638611,0.7377983331680298,0.3532227873802185,pinch
0.7309522032737732,0.8029815554618835,0.6621183156967163,0.7849381566047668,0.6065540909767151,0.7216293215751648,0.5617673397064209,0.6707197427749634,0.5300665497779846,0.6174877882003784,0.6404489874839783,0.5836755037307739,0.5919985175132751,0.5345939993858337,0.5559772253036499,0.5482094883918762,0.5374027490615845,0.5742079615592957,0.6689397096633911,0.5423163771629333,0.63899165391922,0.4409874975681305,0.6124964952468872,0.36793750524520874,0.5894383788108826,0.30761057138442993,0.7034449577331543,0.5318276882171631,0.7088178992271423,0.4301784634590149,0.6915357708930969,0.36287760734558105,0.6669998168945312,0.3101925849914551,0.7380852103233337,0.5484011769294739,0.7581596374511719,0.4662872552871704,0.75330650806427,0.4047280550003052,0.7379604578018188,0.35338976979255676,pinch
0.7296155095100403,0.8027472496032715,0.6620541214942932,0.7847387790679932,0.6064816117286682,0.7227689623832703,0.5605505704879761,0.6727051734924316,0.5290786027908325,0.6178461909294128,0.6403914093971252,0.5841723084449768,0.5924800038337708,0.5349862575531006,0.5564250349998474,0.5480905771255493,0.5376328229904175,0.5735862255096436,0.6686033010482788,0.542884111404419,0.6391690373420715,0.4409567415714264,0.6128455996513367,0.36811283230781555,0.5897812843322754,0.30812180042266846,0.7029991149902344,0.532396674156189,0.708962619304657,0.4294945001602173,0.6916383504867554,0.3621513843536377,0.6667772531509399,0.30898937582969666,0.7376263737678528,0.549370527267456,0.758037269115448,0.46676182746887207,0.7532082796096802,0.4047670364379883,0.7377626895904541,0.3527264893054962,pinch
0.7305530905723572,0.8027456998825073,0.6621126532554626,0.7858408689498901,0.6062277555465698,0.7232332229614258,0.5619319081306458,0.672673225402832,0.5309867262840271,0.6187220811843872,0.6391233205795288,0.5842201709747314,0.590827465057373,0.534945547580719,0.5552158355712891,0.5492945909500122,0.5372031331062317,0.5755122303962708,0.667978048324585,0.5423741936683655,0.6389611959457397,0.44075050950050354,0.612719714641571,0.36788779497146606,0.5899084210395813,0.30736044049263,0.7028874754905701,0.5319607853889465,0.7081529498100281,0.4298955202102661,0.6906746029853821,0.362588107585907,0.6661767363548279,0.30932363867759705,0.7380123734474182,0.5491493344306946,0.7578998804092407,0.4669851064682007,0.7528398633003235,0.4055193364620209,0.7375091910362244,0.35398054122924805,pinch
0.729979932308197,0.803532600402832,0.6620082855224609,0.7854769825935364,0.6063685417175293,0.7231475114822388,0.5609421133995056,0.6730532646179199,0.5305426716804504,0.6186299324035645,0.6393616199493408,0.5845946073532104,0.591017484664917,0.5354268550872803,0.5556813478469849,0.5499845147132874,0.5381069183349609,0.5766289234161377,0.6679777503013611,0.5434057116508484,0.6385075449943542,0.4411945641040802,0.6125460863113403,0.3680502772331238,0.59009850025177,0.3075310289859772,0.7029060125350952,0.5330702662467957,0.7084519863128662,0.4304508566856384,0.6912220120429993,0.3627226948738098,0.6668379902839661,0.3092690706253052,0.7380606532096863,0.5504748821258545,0.7576064467430115,0.4677218794822693,0.7525653839111328,0.4059631824493408,0.7374433279037476,0.3541484475135803,pinch
0.7307020425796509,0.8034799098968506,0.6624531149864197,0.7867346405982971,0.6059415936470032,0.7236652970314026,0.5609485507011414,0.6727211475372314,0.5303272008895874,0.618252694606781,0.6388200521469116,0.5854623913764954,0.5907938480377197,0.5355895161628723,0.5550577044487,0.549606204032898,0.536996603012085,0.576150119304657,0.6677871942520142,0.5435220003128052,0.6381884813308716,0.44184303283691406,0.6120197772979736,0.3689137101173401,0.5893975496292114,0.30851027369499207,0.7028980255126953,0.532839298248291,0.7080706357955933,0.430509090423584,0.6908411979675293,0.36273452639579773,0.6664203405380249,0.30886662006378174,0.7382908463478088,0.5497788786888123,0.7574024796485901,0.4674966335296631,0.7525633573532104,0.4057613015174866,0.7375010848045349,0.353628009557724,pinch
0.7316356897354126,0.8051793575286865,0.6632183194160461,0.7870732545852661,0.6065871715545654,0.7248610854148865,0.5606661438941956,0.6745124459266663,0.53095543384552,0.6188070774078369,0.6393778324127197,0.5862743854522705,0.5912014842033386,0.5358563661575317,0.5551074743270874,0.5501604080200195,0.5368356704711914,0.5772972702980042,0.667969822883606,0.5445468425750732,0.6384441256523132,0.442857563495636,0.6117470264434814,0.3696870803833008,0.5886292457580566,0.3095991611480713,0.7028117775917053,0.533774197101593,0.709096372127533,0.4322549104690552,0.6917564272880554,0.36394286155700684,0.6671878099441528,0.31005921959877014,0.7378448247909546,0.5509647727012634,0.7578235864639282,0.46799978613853455,0.7527486681938171,0.405994176864624,0.7374757528305054,0.3544183075428009,pinch
0.732075572013855,0.8048568964004517,0.6637644171714783,0.787482500076294,0.606536328792572,0.7247331142425537,0.5606817603111267,0.6745234727859497,0.5297350287437439,0.6207268834114075,0.6397328972816467,0.5860738754272461,0.5905128717422485,0.5364658236503601,0.5541990995407104,0.5516313910484314,0.5358423590660095,0.579325795173645,0.6681569814682007,0.5442623496055603,0.6378613710403442,0.4426136016845703,0.6105666160583496,0.3697928786277771,0.5870165228843689,0.3109067380428314,0.702839732170105,0.5336687564849854,0.709075927734375,0.4317588210105896,0.6912559270858765,0.36324626207351685,0.6662945747375488,0.309221088886261,0.7377501726150513,0.5511007905006409,0.7575937509536743,0.46835437417030334,0.7522017359733582,0.40629297494888306,0.7366774082183838,0.3541620075702667,pinch
0.7317882776260376,0.8048869371414185,0.6636803150177002,0.7871913909912109,0.6069334745407104,0.7249834537506104,0.5611681938171387,0.6743409633636475,0.5306395888328552,0.6198597550392151,0.6393629908561707,0.5868809819221497,0.5905886888504028,0.5367997288703918,0.5545523166656494,0.5509492754936218,0.5363626480102539,0.5778151154518127,0.6678915619850159,0.544788122177124,0.6377524733543396,0.44226861000061035,0.6105820536613464,0.3697131872177124,0.5869185924530029,0.3107665181159973,0.7026755213737488,0.5337311029434204,0.7090076208114624,0.431878924369812,0.6912640333175659,0.3637060523033142,0.6661478877067566,0.3099333345890045,0.7377744913101196,0.5505884289741516,0.75737464427948,0.4677067995071411,0.7520815134048462,0.40614476799964905,0.7363863587379456,0.35466861724853516,pinch
0.7320352792739868,0.8052471280097961,0.6634132862091064,0.7871592044830322,0.6066725850105286,0.7252457737922668,0.5607670545578003,0.6751273274421692,0.5306130647659302,0.6204401850700378,0.6392594575881958,0.585625410079956,0.5904735922813416,0.5354723334312439,0.5545061826705933,0.550724446773529,0.5365847945213318,0.5788120031356812,0.6677488684654236,0.5438536405563354,0.637844979763031,0.4420762062072754,0.6106820106506348,0.3701256513595581,0.5867882370948792,0.31133899092674255,0.702523410320282,0.5331956148147583,0.7088675498962402,0.4312658905982971,0.6911230683326721,0.3631790280342102,0.6660515666007996,0.3093971014022827,0.7374237179756165,0.5506725311279297,0.7575747966766357,0.468356192111969,0.7521397471427917,0.40669792890548706,0.7364038228988647,0.3548278212547302,pinch
0.7312465310096741,0.8053568601608276,0.6629141569137573,0.7873915433883667,0.6064839959144592,0.7249132990837097,0.5608295798301697,0.6749569773674011,0.5298662185668945,0.6203251481056213,0.6391159296035767,0.5856088399887085,0.5907266736030579,0.5367177128791809,0.5543964505195618,0.5511602163314819,0.5358877182006836,0.5781759023666382,0.6673580408096313,0.5440537929534912,0.6374203562736511,0.44211772084236145,0.6101558208465576,0.3701942563056946,0.5862645506858826,0.3116132915019989,0.7018269300460815,0.5335508584976196,0.7083121538162231,0.43156903982162476,0.690594494342804,0.36298465728759766,0.6652240753173828,0.30885669589042664,0.7365503907203674,0.5510350465774536,0.7567790150642395,0.46773815155029297,0.7512109279632568,0.4059811234474182,0.7348039150238037,0.3544880151748657,pinch
0.7312374114990234,0.8054736256599426,0.6627892851829529,0.7870319485664368,0.6062912940979004,0.7253540754318237,0.5600826740264893,0.675839364528656,0.5298212766647339,0.620663046836853,0.6389573812484741,0.5859531760215759,0.5902414321899414,0.5363655090332031,0.5536438226699829,0.5510732531547546,0.5348895788192749,0.5783551931381226,0.6671937108039856,0.5444291234016418,0.6370976567268372,0.44215500354766846,0.6099802255630493,0.37022873759269714,0.5860416293144226,0.31135064363479614,0.7018455266952515,0.5339232683181763,0.708406388759613,0.43171995878219604,0.6908133029937744,0.36338937282562256,0.6656398177146912,0.3092195689678192,0.7366355061531067,0.5513845682144165,0.7567590475082397,0.4683915972709656,0.7514045834541321,0.40684065222740173,0.7354057431221008,0.35524362325668335,pinch
0.7312732338905334,0.8056710362434387,0.6626543402671814,0.7872164249420166,0.6062777042388916,0.7251536846160889,0.5604687929153442,0.6751745343208313,0.5300310850143433,0.620256245136261,0.6389714479446411,0.5861622095108032,0.5901050567626953,0.536414384841919,0.553566038608551,0.550836980342865,0.5349851846694946,0.5780711770057678,0.6672329902648926,0.5444389581680298,0.6368829011917114,0.44205015897750854,0.6098832488059998,0.37006235122680664,0.5861846804618835,0.3112317621707916,0.7019212245941162,0.5336225032806396,0.708002507686615,0.431393563747406,0.6903552412986755,0.36329877376556396,0.6652349829673767,0.30944588780403137,0.7368912100791931,0.5506380200386047,0.7565746307373047,0.46764424443244934,0.7511622309684753,0.4062907099723816,0.7351714968681335,0.35491153597831726,pinch
0.732081949710846,0.8045470118522644,0.6635299921035767,0.7871068120002747,0.6064638495445251,0.7258003950119019,0.560431182384491,0.6752453446388245,0.5295099020004272,0.6204602122306824,0.6385196447372437,0.5863149166107178,0.5894631147384644,0.5358110666275024,0.5532296299934387,0.550670325756073,0.5350825190544128,0.5782098174095154,0.6668856739997864,0.5443952083587646,0.6366622447967529,0.44241881370544434,0.6095649600028992,0.3707592487335205,0.5857203006744385,0.3121650815010071,0.7015069723129272,0.5334206223487854,0.7079921960830688,0.4307050108909607,0.6901143193244934,0.3626585602760315,0.6646783351898193,0.30905869603157043,0.7364436388015747,0.5502898097038269,0.7565840482711792,0.4675007462501526,0.751043975353241,0.4059130549430847,0.7348996996879578,0.35442620515823364,pinch
0.7312440276145935,0.8055106997489929,0.6635412573814392,0.7878158092498779,0.6066645383834839,0.7265417575836182,0.5602966547012329,0.676321268081665,0.5297681093215942,0.6209920048713684,0.6387916207313538,0.5867288708686829,0.5902284979820251,0.5371606945991516,0.5542553663253784,0.5506477952003479,0.5361093282699585,0.5775722861289978,0.6670634150505066,0.5448745489120483,0.6365680694580078,0.44192567467689514,0.609423816204071,0.3700677752494812,0.5857361555099487,0.31190240383148193,0.7017012238502502,0.5336246490478516,0.7069376111030579,0.43047457933425903,0.6887853741645813,0.36233335733413696,0.6632223725318909,0.30890586972236633,0.7368398904800415,0.5501396059989929,0.7559168338775635,0.46670055389404297,0.750245213508606,0.40493565797805786,0.734005868434906,0.35352885723114014,pinch
0.7327344417572021,0.804837703704834,0.6649614572525024,0.7871344685554504,0.6070907711982727,0.7250160574913025,0.5609811544418335,0.6752262115478516,0.529723584651947,0.6206731200218201,0.6388968825340271,0.5873649716377258,0.5899802446365356,0.5383992195129395,0.554320216178894,0.5509845614433289,0.5362472534179688,0.5763935446739197,0.6677462458610535,0.5449816584587097,0.6373090744018555,0.4427083730697632,0.6107336282730103,0.37058740854263306,0.5876930952072144,0.3111567199230194,0.7033578753471375,0.5334794521331787,0.7067326903343201,0.4316565692424774,0.6884933114051819,0.3641531467437744,0.6634441614151001,0.3099878430366516,0.7398613095283508,0.5495404601097107,0.7581247091293335,0.46706098318099976,0.7530164122581482,0.4051936864852905,0.7378084659576416,0.35283195972442627,pinch
0.7359681129455566,0.8042724132537842,0.6675956845283508,0.7891836166381836,0.6087173223495483,0.7249758839607239,0.5640603303909302,0.6719357967376709,0.5352051854133606,0.617961585521698,0.6388270854949951,0.5888823866844177,0.5917139649391174,0.5405266284942627,0.5566996335983276,0.5494704842567444,0.5383700728416443,0.5725460648536682,0.6686146259307861,0.5462861061096191,0.6399123668670654,0.44333767890930176,0.6146277785301208,0.37082549929618835,0.5928573608398438,0.311774343252182,0.7062625288963318,0.5342186689376831,0.7081364989280701,0.4341926574707031,0.6914901733398438,0.3680420517921448,0.6684002876281738,0.31530892848968506,0.7454280853271484,0.5497117042541504,0.7618181705474854,0.46832746267318726,0.7577604055404663,0.40776073932647705,0.7441956400871277,0.356192946434021,pinch
0.7502955794334412,0.8062348961830139,0.6783931255340576,0.7990053296089172,0.6150212287902832,0.7273290753364563,0.574946403503418,0.664537787437439,0.5537748336791992,0.6103485822677612,0.6311325430870056,0.599956214427948,0.5843832492828369,0.5473382472991943,0.5641534328460693,0.5537658333778381,0.5646125674247742,0.5744002461433411,0.6665583252906799,0.5537589192390442,0.6382938027381897,0.44605088233947754,0.619620144367218,0.37277308106422424,0.6076527237892151,0.31475579738616943,0.7100349068641663,0.5400117635726929,0.7054995894432068,0.43916282057762146,0.693305253982544,0.37363573908805847,0.6787527203559875,0.3213617503643036,0.7547357678413391,0.5547299385070801,0.766526460647583,0.47481241822242737,0.7669088244438171,0.4183141589164734,0.7624022960662842,0.36887794733047485,pinch
0.7559617757797241,0.8104574084281921,0.6860648989677429,0.8071990013122559,0.6211068034172058,0.7381762862205505,0.5812118649482727,0.6669447422027588,0.5614697337150574,0.5984717011451721,0.6298450827598572,0.6072509288787842,0.5851247906684875,0.5478619933128357,0.5726216435432434,0.5561317801475525,0.5808913111686707,0.5795860290527344,0.6660009622573853,0.5594475865364075,0.6352852582931519,0.44772785902023315,0.6191604137420654,0.37524139881134033,0.6105034351348877,0.3156816363334656,0.7112420201301575,0.5452770590782166,0.702049195766449,0.4446445405483246,0.692058801651001,0.3806115686893463,0.6801334619522095,0.3283478617668152,0.7591521739959717,0.5596056580543518,0.7672815322875977,0.4790923595428467,0.7686231136322021,0.4249909222126007,0.7655487060546875,0.37643468379974365,pinch
0.7602369785308838,0.8152702450752258,0.6908963322639465,0.8075247406959534,0.6253824830055237,0.743047833442688,0.5848056077957153,0.6724774241447449,0.5671926140785217,0.600960910320282,0.6303961277008057,0.6048595905303955,0.5876474976539612,0.5442276000976562,0.5795725584030151,0.5560646057128906,0.5878562331199646,0.5800588726997375,0.6675549149513245,0.5588985681533813,0.633773922920227,0.4468011260032654,0.6178356409072876,0.37721890211105347,0.608102560043335,0.3172113299369812,0.7135178446769714,0.546951174736023,0.7009972929954529,0.44906169176101685,0.6917316913604736,0.3874097764492035,0.6793428659439087,0.33434784412384033,0.7631335258483887,0.5626426935195923,0.7682663202285767,0.48146167397499084,0.7696925401687622,0.42842715978622437,0.7656946778297424,0.3806074857711792,pinch
0.7626827955245972,0.8146035671234131,0.6950201392173767,0.8083984851837158,0.6288895010948181,0.7437436580657959,0.5880429148674011,0.6689021587371826,0.5742790102958679,0.5904386043548584,0.6277930736541748,0.6059285402297974,0.5899523496627808,0.5455129146575928,0.5845962762832642,0.5487542152404785,0.5909166932106018,0.5598838925361633,0.6659966707229614,0.5594892501831055,0.633837103843689,0.44764989614486694,0.6194373965263367,0.37957853078842163,0.6109495162963867,0.31993368268013,0.7125600576400757,0.5479496121406555,0.6999991536140442,0.45051729679107666,0.6917275786399841,0.3896093964576721,0.6798183917999268,0.3349613845348358,0.7635111212730408,0.5629143118858337,0.7680851221084595,0.482269287109375,0.770581841468811,0.43006598949432373,0.7669787406921387,0.38220977783203125,pinch
0.7667471170425415,0.8163154125213623,0.699788510799408,0.8117678165435791,0.6344117522239685,0.7486227750778198,0.5946274995803833,0.6767165064811707,0.5766204595565796,0.6021818518638611,0.6270628571510315,0.6095117926597595,0.5879235863685608,0.5469875931739807,0.5835974812507629,0.5534003376960754,0.5907540917396545,0.5684062838554382,0.66487717628479,0.5619049072265625,0.6318604350090027,0.45035022497177124,0.6173712611198425,0.3829900920391083,0.6086557507514954,0.32448288798332214,0.711785078048706,0.549178957939148,0.6977273225784302,0.45251399278640747,0.6885898113250732,0.391781747341156,0.676226019859314,0.33764153718948364,0.7633605003356934,0.563416600227356,0.7671545147895813,0.483367383480072,0.7690455317497253,0.43223536014556885,0.765428900718689,0.3856726884841919,pinch
0.7667137980461121,0.8166109323501587,0.6979938745498657,0.8077897429466248,0.6330012679100037,0.7469867467880249,0.5928943157196045,0.6767191886901855,0.5784904360771179,0.600000262260437,0.629016101360321,0.6071376800537109,0.589928150177002,0.5444803833961487,0.5821811556816101,0.5443718433380127,0.5855860114097595,0.5520884990692139,0.6660926342010498,0.5613794922828674,0.6324364542961121,0.4506291151046753,0.6165395379066467,0.38264262676239014,0.6066661477088928,0.3235704004764557,0.7121965885162354,0.5492622256278992,0.6975002288818359,0.45318037271499634,0.6875926852226257,0.3918754458427429,0.675119161605835,0.33750951290130615,0.7628815770149231,0.5631722211837769,0.7668644189834595,0.4827447533607483,0.7689646482467651,0.43060365319252014,0.7658743262290955,0.38303041458129883,pinch
0.7682781219482422,0.8177452087402344,0.7002142071723938,0.81162428855896,0.6361469030380249,0.7504458427429199,0.598932683467865,0.6800836324691772,0.5779272317886353,0.6120509505271912,0.6260101795196533,0.6105108857154846,0.5868268609046936,0.5425946712493896,0.5807306170463562,0.5432582497596741,0.5846007466316223,0.5535942316055298,0.6643028855323792,0.563048243522644,0.6308556795120239,0.45156732201576233,0.6156643629074097,0.3831040859222412,0.6065904498100281,0.32401522994041443,0.711322546005249,0.5502732396125793,0.6958928108215332,0.45338064432144165,0.6861777901649475,0.39264482259750366,0.6743012070655823,0.33815762400627136,0.7630537748336792,0.5632970929145813,0.7662707567214966,0.4833749532699585,0.7680245637893677,0.43258360028266907,0.7651191353797913,0.3859514594078064,pinch
0.7708706855773926,0.8148193955421448,0.7036594152450562,0.8108149766921997,0.6404595971107483,0.7525933980941772,0.602253794670105,0.6837886571884155,0.5800461769104004,0.6153112053871155,0.6258786916732788,0.6123554706573486,0.5851643681526184,0.5438280701637268,0.5762459635734558,0.5333625674247742,0.5774195790290833,0.5317691564559937,0.663866400718689,0.5649473071098328,0.629723846912384,0.45365676283836365,0.6142104864120483,0.3836987614631653,0.604741096496582,0.3227197527885437,0.7104946374893188,0.5519189238548279,0.6939011216163635,0.4554145932197571,0.6835032105445862,0.3941299021244049,0.6715593338012695,0.3387667238712311,0.7616244554519653,0.5640658140182495,0.7637548446655273,0.4856184422969818,0.7648887038230896,0.4353426694869995,0.762293815612793,0.38826853036880493,pinch
0.7708549499511719,0.8161122798919678,0.7031190395355225,0.8122043609619141,0.6380050182342529,0.7519516944885254,0.5995729565620422,0.6796358823776245,0.58309006690979,0.6049239039421082,0.6258794069290161,0.6128357648849487,0.5865187048912048,0.5440549254417419,0.5789055824279785,0.5384671688079834,0.581777811050415,0.5448992252349854,0.6635761857032776,0.5653858184814453,0.6303429007530212,0.45351672172546387,0.6142085194587708,0.38462403416633606,0.6037080883979797,0.32504427433013916,0.7100950479507446,0.552143931388855,0.6934356093406677,0.45582008361816406,0.6823074221611023,0.3948945105075836,0.6694351434707642,0.3404129445552826,0.7610989809036255,0.5645648837089539,0.7632623910903931,0.4864339828491211,0.7647739052772522,0.4360647201538086,0.7625668048858643,0.3895189166069031,pinch
0.770057737827301,0.8175939321517944,0.7017591595649719,0.8123607635498047,0.6366143226623535,0.7504057884216309,0.5984975099563599,0.6769945621490479,0.5870149731636047,0.5999654531478882,0.6253460049629211,0.6125233769416809,0.5853759050369263,0.5413947105407715,0.5779608488082886,0.5393543243408203,0.5814228057861328,0.5502737164497375,0.6629722118377686,0.5664235353469849,0.6292095184326172,0.4540678858757019,0.6132177710533142,0.3849364221096039,0.6028967499732971,0.3254576325416565,0.7097665071487427,0.5538447499275208,0.6924050450325012,0.4576473832130432,0.6811004877090454,0.3963678479194641,0.6681141257286072,0.3416083753108978,0.761231541633606,0.5660776495933533,0.7631943225860596,0.48735737800598145,0.7646249532699585,0.4368038773536682,0.7623670101165771,0.3899749517440796,pinch
0.7698767781257629,0.8170289397239685,0.7018544673919678,0.8126565217971802,0.6368823647499084,0.7509636878967285,0.5985954999923706,0.6779872179031372,0.5861331224441528,0.6032148599624634,0.6250997185707092,0.6130653619766235,0.5855814218521118,0.5423114895820618,0.578995943069458,0.538752555847168,0.5826858282089233,0.5472620725631714,0.6629205942153931,0.5665364265441895,0.6293755173683167,0.4543720483779907,0.6132014393806458,0.3852049708366394,0.6025983095169067,0.32560163736343384,0.7097451090812683,0.55362468957901,0.6925716996192932,0.45814740657806396,0.6809256076812744,0.3975480794906616,0.6675990223884583,0.34281212091445923,0.761195957660675,0.5654405951499939,0.7629703879356384,0.48705217242240906,0.7641775608062744,0.4366954565048218,0.7617798447608948,0.38939690589904785,pinch
0.7689045071601868,0.8173738718032837,0.7012242078781128,0.812407910823822,0.6371474266052246,0.7511475086212158,0.5985339879989624,0.6793255805969238,0.5851719975471497,0.6056235432624817,0.625495433807373,0.6132834553718567,0.5857930779457092,0.542396605014801,0.5791725516319275,0.5412451028823853,0.5829223394393921,0.5520465970039368,0.663077712059021,0.5668494701385498,0.6294309496879578,0.4541981816291809,0.6132128834724426,0.3852185010910034,0.6023924350738525,0.3258020281791687,0.7099204659461975,0.5537611246109009,0.6925579905509949,0.4575897455215454,0.6810008883476257,0.39673948287963867,0.6675662398338318,0.3422839343547821,0.7613940834999084,0.5655274391174316,0.763029158115387,0.4864622950553894,0.7640280723571777,0.4358440041542053,0.7613582015037537,0.3887729346752167,pinch
0.7684229016304016,0.81671142578125,0.7000505924224854,0.8113307356834412,0.6357706189155579,0.7499570846557617,0.5970118045806885,0.6796862483024597,0.5828365087509155,0.6088427901268005,0.6248785853385925,0.6134957671165466,0.5846239924430847,0.5429877638816833,0.5794069766998291,0.5462930202484131,0.5841695070266724,0.5602315664291382,0.6627986431121826,0.5666017532348633,0.6297739744186401,0.4545266032218933,0.6135774254798889,0.3859759569168091,0.6022733449935913,0.3266434371471405,0.7096391916275024,0.5531549453735352,0.6929982900619507,0.4574786424636841,0.6815723776817322,0.396753191947937,0.6677824258804321,0.3421962857246399,0.7608346939086914,0.5647545456886292,0.7628618478775024,0.485956072807312,0.7637503743171692,0.4355715215206146,0.7605435252189636,0.3885918855667114,pinch
0.7675412893295288,0.8168509602546692,0.6992455124855042,0.8109533190727234,0.634956955909729,0.7507205009460449,0.5966182351112366,0.6799523830413818,0.5819618105888367,0.6077830791473389,0.6244733333587646,0.612873375415802,0.5842347741127014,0.5419049263000488,0.5761087536811829,0.5391064286231995,0.5778794288635254,0.5478630065917969,0.6626810431480408,0.5664891004562378,0.6293920278549194,0.4541524648666382,0.613021194934845,0.38515380024909973,0.6018613576889038,0.32573428750038147,0.7095738053321838,0.5534754395484924,0.6928350329399109,0.45720478892326355,0.6816388964653015,0.3960148096084595,0.6686137318611145,0.3413090407848358,0.7608703970909119,0.5653311014175415,0.762518048286438,0.4865642488002777,0.7634223103523254,0.43578439950942993,0.7604970932006836,0.38865596055984497,pinch
0.7658802270889282,0.8164626359939575,0.6974926590919495,0.8107797503471375,0.6323346495628357,0.7504761219024658,0.5944527387619019,0.6786145567893982,0.581896185874939,0.6051844954490662,0.6228193044662476,0.6103324890136719,0.5817639827728271,0.5397975444793701,0.5716156363487244,0.5280445218086243,0.5713422894477844,0.5263930559158325,0.6622703671455383,0.5648343563079834,0.6286401152610779,0.4534594714641571,0.6120145916938782,0.3847256004810333,0.6008497476577759,0.32505735754966736,0.7095659971237183,0.5526598691940308,0.6931746006011963,0.45625337958335876,0.6816616058349609,0.395359605550766,0.6686651706695557,0.3405866026878357,0.7610175609588623,0.5651251673698425,0.763027012348175,0.4864652752876282,0.7640004754066467,0.43562453985214233,0.7609783411026001,0.3880142569541931,pinch
0.7651398181915283,0.818031907081604,0.6959145069122314,0.8107470870018005,0.6306371688842773,0.7492315769195557,0.5915756821632385,0.6777127981185913,0.5801604390144348,0.6027944087982178,0.6242501735687256,0.6121814250946045,0.5840461850166321,0.5438187122344971,0.5765609741210938,0.5406971573829651,0.5799872279167175,0.5478211641311646,0.6623977422714233,0.5664319396018982,0.6288393139839172,0.4543766975402832,0.612654983997345,0.385530948638916,0.6023705005645752,0.3258272409439087,0.7093607187271118,0.5539989471435547,0.6930648684501648,0.4567982256412506,0.6823050379753113,0.3951537609100342,0.6698941588401794,0.34002119302749634,0.7607259750366211,0.5667092800140381,0.762663722038269,0.4870610535144806,0.7642978429794312,0.43561553955078125,0.7620246410369873,0.38777899742126465,pinch
0.7655643820762634,0.8174425959587097,0.6976301670074463,0.8110681772232056,0.6324900388717651,0.7510294914245605,0.5932971239089966,0.6809958815574646,0.5789434909820557,0.6088916659355164,0.6230980753898621,0.6132375597953796,0.5831297039985657,0.5441605448722839,0.5754508376121521,0.5407837629318237,0.5785192251205444,0.5482568740844727,0.6617723107337952,0.5665974020957947,0.6285666227340698,0.4542703330516815,0.6124073266983032,0.3855927586555481,0.6022393703460693,0.32624685764312744,0.7088773846626282,0.5539186596870422,0.6930229067802429,0.45606279373168945,0.6825676560401917,0.39487528800964355,0.6704504489898682,0.33999302983283997,0.7603381872177124,0.566925048828125,0.7626376748085022,0.48736172914505005,0.7645281553268433,0.43594151735305786,0.762251079082489,0.3878669738769531,pinch
0.763305127620697,0.818783164024353,0.69318687915802,0.8084456920623779,0.6264972686767578,0.7452853322029114,0.5856743454933167,0.6733781099319458,0.5773246884346008,0.5966768264770508,0.6238774061203003,0.6102787256240845,0.5836761593818665,0.5412090420722961,0.5747640132904053,0.5414265394210815,0.5768767595291138,0.5521592497825623,0.6624038815498352,0.5652139186859131,0.6293361186981201,0.453026682138443,0.6125426292419434,0.38442742824554443,0.6018249988555908,0.32539886236190796,0.7093069553375244,0.5534108877182007,0.6940931677818298,0.4553765058517456,0.6834622025489807,0.3939501643180847,0.6709789037704468,0.3396177887916565,0.760322093963623,0.5669845342636108,0.7630777955055237,0.4866158068180084,0.7652055621147156,0.4346238374710083,0.762933611869812,0.3863310217857361,pinch
0.7593479156494141,0.8179372549057007,0.6882322430610657,0.807043194770813,0.6212722063064575,0.7418590188026428,0.5806049108505249,0.6676852107048035,0.572797417640686,0.5891036987304688,0.6250714063644409,0.6057217717170715,0.5837289094924927,0.5420699715614319,0.5753041505813599,0.5491098165512085,0.5793116092681885,0.5642315745353699,0.6632601022720337,0.5610755085945129,0.6299902200698853,0.44973278045654297,0.6136875152587891,0.38189518451690674,0.6031447649002075,0.322368323802948,0.7092339992523193,0.5499681234359741,0.695467472076416,0.45253700017929077,0.6855747699737549,0.39026039838790894,0.6728622317314148,0.3348018229007721,0.758834719657898,0.5644843578338623,0.7623745203018188,0.4834802448749542,0.7650244832038879,0.4309776723384857,0.7624391317367554,0.3823738694190979,pinch
0.75154709815979,0.821800708770752,0.6804720759391785,0.8094088435173035,0.6155914068222046,0.7416629791259766,0.5757120251655579,0.6718677282333374,0.5612772107124329,0.6023440361022949,0.6258569955825806,0.6064742207527161,0.5820517539978027,0.5485031008720398,0.5676432847976685,0.5544162392616272,0.570759654045105,0.5753427147865295,0.6623035073280334,0.560849130153656,0.6300702691078186,0.4475036859512329,0.6134623289108276,0.3766588866710663,0.6034789681434631,0.3175354599952698,0.707076370716095,0.5486791133880615,0.6977278590202332,0.4466749131679535,0.6887350678443909,0.38275548815727234,0.6762604117393494,0.32942360639572144,0.7549657225608826,0.5651033520698547,0.7641048431396484,0.4812155067920685,0.7669734954833984,0.42612969875335693,0.763892650604248,0.37727034091949463,pinch
0.7452613115310669,0.8233324885368347,0.6738044023513794,0.8078820109367371,0.6104168891906738,0.7397365570068359,0.5713831186294556,0.6734886169433594,0.5512610077857971,0.6089461445808411,0.626521646976471,0.6040297150611877,0.5810297727584839,0.5475227236747742,0.5589994192123413,0.5555062294006348,0.5556693077087402,0.5791720151901245,0.6613085865974426,0.5595893263816833,0.6306923031806946,0.44796761870384216,0.6135050654411316,0.37634700536727905,0.6026084423065186,0.31677860021591187,0.7044590711593628,0.5477112531661987,0.6988623142242432,0.44444239139556885,0.6897962093353271,0.37962326407432556,0.6769046783447266,0.32567065954208374,0.750419557094574,0.5651350021362305,0.7626744508743286,0.4819565415382385,0.766226053237915,0.4248735308647156,0.763886034488678,0.3739834725856781,pinch
0.7382504343986511,0.8223263025283813,0.6673070192337036,0.80827796459198,0.6043537855148315,0.7385010719299316,0.5639196038246155,0.6753219962120056,0.5445677638053894,0.6155102849006653,0.6257615089416504,0.6009846329689026,0.5822252035140991,0.5476728677749634,0.5513628125190735,0.5527998805046082,0.5374414324760437,0.5743723511695862,0.6587476134300232,0.5585149526596069,0.6295262575149536,0.4480566680431366,0.6105440258979797,0.3746083974838257,0.5972135663032532,0.31594645977020264,0.7008137702941895,0.5467171669006348,0.6979015469551086,0.44131407141685486,0.6872285604476929,0.3749672770500183,0.6721477508544922,0.32117632031440735,0.7454712986946106,0.5631159543991089,0.7602367401123047,0.4790666997432709,0.7635748982429504,0.41949957609176636,0.7603914141654968,0.36624473333358765,pinch
0.7301428318023682,0.8225270509719849,0.6601390838623047,0.8043084144592285,0.5991637706756592,0.7361220121383667,0.5558628439903259,0.6797067523002625,0.5304118394851685,0.624882161617279,0.6258224248886108,0.5986326932907104,0.5809869766235352,0.5475288033485413,0.5457976460456848,0.5553284883499146,0.5269143581390381,0.578024685382843,0.6567155122756958,0.5567443370819092,0.6291030645370483,0.4487680196762085,0.6073956489562988,0.37467890977859497,0.5900974869728088,0.31563159823417664,0.6960416436195374,0.5448395013809204,0.6969101428985596,0.43908607959747314,0.6840615272521973,0.3694853186607361,0.6660780310630798,0.3131643533706665,0.7373676300048828,0.561640739440918,0.7561367154121399,0.4780292510986328,0.7585180997848511,0.4159005880355835,0.7535227537155151,0.36123549938201904,pinch
0.720870852470398,0.8209723234176636,0.6527856588363647,0.8012704849243164,0.5931452512741089,0.7327607274055481,0.5490288734436035,0.6775801181793213,0.5176866054534912,0.6267057061195374,0.6266745924949646,0.596389889717102,0.5782151818275452,0.5489488244056702,0.54090815782547,0.5588805675506592,0.5197421312332153,0.5811098217964172,0.6557472348213196,0.5552356243133545,0.6273452043533325,0.4498913288116455,0.6051509380340576,0.37594619393348694,0.5867280960083008,0.3174041509628296,0.6920855045318604,0.5436266660690308,0.6971821784973145,0.4384770393371582,0.6836196780204773,0.369388222694397,0.6634703874588013,0.3147321045398712,0.7298296093940735,0.5596649646759033,0.7512655854225159,0.47468775510787964,0.7513651251792908,0.4109329283237457,0.7421501874923706,0.35633379220962524,pinch
0.7069786787033081,0.8216770887374878,0.6413407325744629,0.799242377281189,0.5844677090644836,0.731133222579956,0.539901614189148,0.6777017712593079,0.50263512134552,0.6312167644500732,0.6221380829811096,0.5931007266044617,0.5699936747550964,0.5499632954597473,0.5304209589958191,0.5650465488433838,0.5068193674087524,0.5884622931480408,0.6496649384498596,0.5522010326385498,0.6188437342643738,0.44762420654296875,0.5944106578826904,0.37600603699684143,0.5733618140220642,0.3181423842906952,0.6826007962226868,0.5416606664657593,0.6921226382255554,0.43397435545921326,0.6780474781990051,0.36542177200317383,0.655174195766449,0.31264448165893555,0.7151308655738831,0.5600639581680298,0.7393437027931213,0.47484099864959717,0.7381298542022705,0.41373616456985474,0.7253866791725159,0.3640955686569214,pinch
0.7024741768836975,0.8224630951881409,0.6360777020454407,0.8026992082595825,0.5809986591339111,0.7343529462814331,0.5350691676139832,0.6792320609092712,0.4951298236846924,0.6346580982208252,0.6178786158561707,0.5991126298904419,0.566582441329956,0.5545004606246948,0.5261485576629639,0.5687497854232788,0.5025235414505005,0.5919840335845947,0.644157886505127,0.557384729385376,0.6155087351799011,0.4517754018306732,0.5890157222747803,0.37896302342414856,0.5660096406936646,0.32046493887901306,0.6755519509315491,0.5454918742179871,0.6878147125244141,0.43674200773239136,0.6735869646072388,0.36543628573417664,0.6508753895759583,0.3103262782096863,0.7046725749969482,0.5624119639396667,0.7309675812721252,0.47807076573371887,0.7308520674705505,0.4157784879207611,0.7203233242034912,0.36450809240341187,pinch
0.7014973163604736,0.8231086730957031,0.6348998546600342,0.8013550043106079,0.5805540084838867,0.7324152588844299,0.53546142578125,0.6779319047927856,0.4964590072631836,0.633655846118927,0.6196130514144897,0.5991260409355164,0.5660406947135925,0.5564875602722168,0.5241801142692566,0.5706387162208557,0.501244306564331,0.5934075713157654,0.6439045071601868,0.5578780770301819,0.6141069531440735,0.452796995639801,0.5870604515075684,0.37818580865859985,0.5651615262031555,0.3198494613170624,0.6742580533027649,0.5467293858528137,0.6868565678596497,0.4350845217704773,0.6708688139915466,0.362354040145874,0.647769033908844,0.30754783749580383,0.7027832865715027,0.5633877515792847,0.7320038080215454,0.477938711643219,0.7311622500419617,0.4122314453125,0.7201735973358154,0.3580341935157776,pinch
0.6974078416824341,0.8227324485778809,0.6321614980697632,0.803970217704773,0.5766075253486633,0.7332404851913452,0.53177809715271,0.6772081851959229,0.4906783699989319,0.6347571015357971,0.6141682267189026,0.5969383716583252,0.5619611144065857,0.5548468232154846,0.5206844210624695,0.5678676962852478,0.4955311417579651,0.5896854996681213,0.6398702263832092,0.555925726890564,0.6098342537879944,0.4506722688674927,0.5831311941146851,0.3785027861595154,0.560445249080658,0.3207271695137024,0.6712833642959595,0.5461379885673523,0.6816270351409912,0.43740585446357727,0.6671351194381714,0.3666343092918396,0.644572913646698,0.31158119440078735,0.7008588314056396,0.5645418167114258,0.7259351015090942,0.4795893728733063,0.7243785858154297,0.41701632738113403,0.7117463946342468,0.3647804260253906,pinch
0.6953275203704834,0.8243346214294434,0.6292552947998047,0.8054744601249695,0.5727832317352295,0.7326643466949463,0.5272033214569092,0.6767283082008362,0.48644477128982544,0.6357503533363342,0.6096121668815613,0.5980323553085327,0.5570045113563538,0.5543239116668701,0.5167444944381714,0.5699632167816162,0.4932514429092407,0.5944211483001709,0.6355286836624146,0.557105302810669,0.6076337695121765,0.4530831575393677,0.5802788138389587,0.3808045983314514,0.5567413568496704,0.32357126474380493,0.6668700575828552,0.547469973564148,0.6796407103538513,0.44049328565597534,0.6648853421211243,0.3688603341579437,0.6421554684638977,0.313064306974411,0.6957296133041382,0.565625786781311,0.7214261293411255,0.4810587167739868,0.7199219465255737,0.4183732569217682,0.7081299424171448,0.365799218416214,pinch
0.6933876872062683,0.8244132995605469,0.6271845698356628,0.805189311504364,0.5706925392150879,0.7336055636405945,0.5246449708938599,0.6781073212623596,0.48359227180480957,0.6368399262428284,0.6079270839691162,0.5974621176719666,0.5547264218330383,0.5558058023452759,0.5139631032943726,0.5716114044189453,0.4902461767196655,0.5954188108444214,0.6330626606941223,0.5562610030174255,0.6035616993904114,0.45349839329719543,0.5761672258377075,0.38141828775405884,0.5529046058654785,0.3241245150566101,0.6640423536300659,0.5465126037597656,0.6751261353492737,0.4404209852218628,0.659671425819397,0.3681752383708954,0.6368090510368347,0.3116750717163086,0.6927939653396606,0.5644949078559875,0.7186736464500427,0.4814601242542267,0.7166235446929932,0.4183463156223297,0.7042192220687866,0.3648412525653839,pinch
0.690131664276123,0.8248733282089233,0.6241259574890137,0.8053374290466309,0.568196177482605,0.7336282730102539,0.5228153467178345,0.6788662075996399,0.4826815128326416,0.6377967000007629,0.6063315272331238,0.5987316370010376,0.5544449090957642,0.5575821399688721,0.5140356421470642,0.5708843469619751,0.4894963502883911,0.5926865339279175,0.6308928728103638,0.557023286819458,0.6026232838630676,0.4544658958911896,0.5739284157752991,0.3822230398654938,0.5487229824066162,0.32590723037719727,0.6611217856407166,0.5464912056922913,0.675037682056427,0.4406842887401581,0.6591328382492065,0.3698787987232208,0.6349391937255859,0.3155834972858429,0.6886991858482361,0.5637189149856567,0.7153108716011047,0.48072630167007446,0.712485671043396,0.4182206988334656,0.6986600160598755,0.3658972382545471,pinch
0.6892060041427612,0.8228024244308472,0.6233518719673157,0.8035916090011597,0.5675494074821472,0.7326602339744568,0.5219737887382507,0.677776038646698,0.48133692145347595,0.6364789009094238,0.605851948261261,0.5981895327568054,0.5537539124488831,0.5573531985282898,0.5133358240127563,0.5717473030090332,0.48953777551651,0.5942278504371643,0.6304123401641846,0.5568138360977173,0.6008375287055969,0.4555792212486267,0.5721466541290283,0.38363510370254517,0.547248125076294,0.326433002948761,0.6609804630279541,0.5466709733009338,0.6724050045013428,0.44082677364349365,0.6561521291732788,0.36939185857772827,0.6321089863777161,0.31361714005470276,0.6891452670097351,0.5638705492019653,0.7147627472877502,0.48134392499923706,0.7121212482452393,0.4185104966163635,0.6987186670303345,0.3653843104839325,pinch
0.6879159808158875,0.82132488489151,0.6227146983146667,0.8038061261177063,0.5661179423332214,0.731592059135437,0.5208367705345154,0.6754005551338196,0.48046398162841797,0.6341397166252136,0.6056474447250366,0.5982891321182251,0.5538126230239868,0.5564566850662231,0.5135326385498047,0.5699911713600159,0.4895564615726471,0.5921828746795654,0.6295703053474426,0.5572640299797058,0.5996030569076538,0.4557190537452698,0.5705661177635193,0.38433921337127686,0.5455749034881592,0.327702134847641,0.6598084568977356,0.5471766591072083,0.6714330315589905,0.440655916929245,0.6553465127944946,0.36901482939720154,0.6316710710525513,0.3133138418197632,0.688084602355957,0.5639270544052124,0.714186429977417,0.48006314039230347,0.7109922170639038,0.41676902770996094,0.6969450116157532,0.36343738436698914,pinch
0.6884350776672363,0.8200455904006958,0.6235301494598389,0.8026020526885986,0.5668652057647705,0.7296037077903748,0.5201630592346191,0.6735696196556091,0.4778382182121277,0.6351625919342041,0.6062555313110352,0.5977677702903748,0.5534133911132812,0.5576761960983276,0.5136179327964783,0.5717735886573792,0.4908794164657593,0.5935728549957275,0.6298608183860779,0.5567898750305176,0.599248468875885,0.4559305012226105,0.570006251335144,0.3834584057331085,0.5451223850250244,0.3263537883758545,0.6601508855819702,0.54692143201828,0.6716448068618774,0.44059544801712036,0.6553592085838318,0.368738055229187,0.6313993334770203,0.3133971393108368,0.6886043548583984,0.5635601282119751,0.7151467204093933,0.4794008731842041,0.7114133834838867,0.41603291034698486,0.6967372298240662,0.3628641366958618,pinch
0.687764585018158,0.819994330406189,0.622847855091095,0.8009454011917114,0.5672427415847778,0.7280662059783936,0.5221596360206604,0.6720110774040222,0.48061704635620117,0.6338360905647278,0.6066286563873291,0.598164439201355,0.5539189577102661,0.5575673580169678,0.5141755938529968,0.570395290851593,0.4911399185657501,0.5914533734321594,0.6305556297302246,0.5574475526809692,0.5997843742370605,0.45565366744995117,0.5706799030303955,0.382535457611084,0.5459227561950684,0.32499366998672485,0.6607875823974609,0.547594428062439,0.6717265844345093,0.44112628698349,0.6553534269332886,0.3685223460197449,0.6316338181495667,0.3123491406440735,0.6892856359481812,0.5641331672668457,0.7150346636772156,0.47985750436782837,0.7109743356704712,0.4160081148147583,0.6962926983833313,0.36238962411880493,pinch
0.6893412470817566,0.8196246027946472,0.6231068968772888,0.7998932003974915,0.5677217841148376,0.7265665531158447,0.5232115983963013,0.6702238917350769,0.4817717373371124,0.6324379444122314,0.6081482172012329,0.5979884266853333,0.5555817484855652,0.5567031502723694,0.5152761936187744,0.5687138438224792,0.4906788766384125,0.5892466306686401,0.6324483156204224,0.5577207207679749,0.602074384689331,0.4557807445526123,0.5723156332969666,0.3831784427165985,0.5462145209312439,0.32703104615211487,0.6626796722412109,0.5480834245681763,0.6737189292907715,0.44143784046173096,0.6564450263977051,0.36891818046569824,0.6316715478897095,0.31375905871391296,0.6908223628997803,0.5643343329429626,0.7168171405792236,0.47911083698272705,0.7124459147453308,0.41557928919792175,0.6969529986381531,0.3631419539451599,pinch
0.6906066536903381,0.8187944293022156,0.6252899169921875,0.7994397878646851,0.5691416263580322,0.7262030839920044,0.5239430069923401,0.6696652173995972,0.4826676845550537,0.6310523152351379,0.6088159084320068,0.5971103310585022,0.5552411079406738,0.5568428635597229,0.5149651765823364,0.5695873498916626,0.4907047152519226,0.590324878692627,0.6332066059112549,0.5571488738059998,0.6028706431388855,0.45483362674713135,0.5736737847328186,0.38259539008140564,0.5481603145599365,0.3269695043563843,0.6637998819351196,0.5477633476257324,0.6753249168395996,0.4413154721260071,0.6580047011375427,0.36955469846725464,0.632968544960022,0.31500980257987976,0.6923447251319885,0.564405083656311,0.7182087302207947,0.4792174696922302,0.7141739130020142,0.41588205099105835,0.6990184187889099,0.3633456230163574,pinch
0.6906171441078186,0.8175238966941833,0.6263568997383118,0.7973641753196716,0.5714871883392334,0.7248858213424683,0.5275811553001404,0.6690966486930847,0.4867731034755707,0.6312130689620972,0.6101778149604797,0.5971499085426331,0.556952953338623,0.5578207969665527,0.5164967775344849,0.5700896978378296,0.4924388527870178,0.5903333425521851,0.6338421106338501,0.5569705963134766,0.6026424765586853,0.45457184314727783,0.5733544230461121,0.38215067982673645,0.5481702089309692,0.32575953006744385,0.6643314957618713,0.5470059514045715,0.6764770150184631,0.440457820892334,0.6594653725624084,0.3683997392654419,0.634651243686676,0.31359562277793884,0.6930121183395386,0.5635534524917603,0.7195266485214233,0.4780779480934143,0.7153357863426208,0.41459888219833374,0.7000079154968262,0.36236265301704407,pinch
0.691211462020874,0.8160531520843506,0.6266043782234192,0.7989743947982788,0.5714393258094788,0.7258040904998779,0.52740478515625,0.667935848236084,0.4850291311740875,0.6293053030967712,0.6101008057594299,0.5979833006858826,0.557421863079071,0.5579184293746948,0.5174200534820557,0.5710588693618774,0.4931994080543518,0.5915707349777222,0.6345222592353821,0.5569777488708496,0.6028121113777161,0.4543761909008026,0.5741903781890869,0.3827350437641144,0.5495666861534119,0.32511231303215027,0.6655755639076233,0.5465537309646606,0.6756609082221985,0.440682053565979,0.6591387391090393,0.3690667748451233,0.634692907333374,0.313135027885437,0.6951643824577332,0.5627942085266113,0.7192000150680542,0.4767718017101288,0.7158752083778381,0.41406744718551636,0.7012280225753784,0.361755907535553,pinch
0.6909157037734985,0.8164360523223877,0.6276028752326965,0.7975486516952515,0.5725858807563782,0.722369909286499,0.5289187431335449,0.6647728681564331,0.48668497800827026,0.6273024082183838,0.6113653182983398,0.5980848073959351,0.5589287281036377,0.5597078800201416,0.5187948942184448,0.5725376605987549,0.4943123757839203,0.5927041172981262,0.6355898976325989,0.5570917725563049,0.6035117506980896,0.4544946551322937,0.5746110081672668,0.38267070055007935,0.5496261715888977,0.3260933756828308,0.6666440367698669,0.5464773774147034,0.6772036552429199,0.4399215579032898,0.6602823138237,0.36820441484451294,0.6352382302284241,0.31295081973075867,0.6963577270507812,0.562123715877533,0.7210885286331177,0.4759218096733093,0.7173019051551819,0.41266268491744995,0.7016497850418091,0.36037713289260864,pinch
0.6928642988204956,0.8132154941558838,0.6293220520019531,0.7979804277420044,0.5740653276443481,0.7230668663978577,0.5313541889190674,0.6649015545845032,0.4889187216758728,0.6278817653656006,0.6128619313240051,0.5973222851753235,0.560575544834137,0.558763325214386,0.5210762023925781,0.5716730356216431,0.49793827533721924,0.5917268991470337,0.6370955109596252,0.5556617975234985,0.6035543084144592,0.4550321698188782,0.5747061967849731,0.38395315408706665,0.5504826903343201,0.32601845264434814,0.6679791808128357,0.5449845790863037,0.6764546036720276,0.43929117918014526,0.6600406169891357,0.36787039041519165,0.6355176568031311,0.3112870454788208,0.6977576017379761,0.5607574582099915,0.7216594815254211,0.47583600878715515,0.7180622220039368,0.41384729743003845,0.7025773525238037,0.36147791147232056,pinch
0.6909705400466919,0.8133385181427002,0.6283456087112427,0.7980902194976807,0.5736533999443054,0.7218751907348633,0.5314022898674011,0.6630295515060425,0.4881168305873871,0.6268165111541748,0.6136565208435059,0.5967578887939453,0.5618079304695129,0.5578361749649048,0.5218857526779175,0.5706872344017029,0.4973607063293457,0.5902596712112427,0.6380465626716614,0.5557873249053955,0.6036426424980164,0.45442134141921997,0.5746581554412842,0.38322389125823975,0.5500878095626831,0.32463157176971436,0.6688283681869507,0.5456522107124329,0.6775127649307251,0.4391956925392151,0.6612101197242737,0.36802440881729126,0.6361755132675171,0.31145089864730835,0.6987696886062622,0.5616487264633179,0.7221418619155884,0.4754669964313507,0.7184068560600281,0.41337764263153076,0.7022615671157837,0.3611944317817688,pinch
0.6917603015899658,0.8129786252975464,0.629181981086731,0.7976328134536743,0.5742821097373962,0.7213947176933289,0.5328110456466675,0.6624986529350281,0.4904954731464386,0.6256111264228821,0.6134771704673767,0.5957508683204651,0.5622026324272156,0.5573193430900574,0.5223807692527771,0.570717453956604,0.49833810329437256,0.5909369587898254,0.6385554671287537,0.5550804138183594,0.6053715348243713,0.4554778039455414,0.5760993957519531,0.3850383162498474,0.551041841506958,0.32693690061569214,0.6695423126220703,0.5449464917182922,0.6791470050811768,0.43969497084617615,0.6628466248512268,0.36844879388809204,0.6378924250602722,0.311576247215271,0.6989870667457581,0.5612781643867493,0.7223042845726013,0.4764944911003113,0.7190539240837097,0.4147445559501648,0.7038390636444092,0.36207664012908936,pinch
0.6913260221481323,0.8118736147880554,0.6289176940917969,0.7959579825401306,0.5745057463645935,0.7199615240097046,0.5328372716903687,0.6609978675842285,0.4900032579898834,0.6251468062400818,0.6137193441390991,0.5963001251220703,0.5629405379295349,0.5586988925933838,0.523507833480835,0.5707244873046875,0.49916619062423706,0.590183436870575,0.6382957100868225,0.5557976365089417,0.6051098108291626,0.4554770588874817,0.5762169361114502,0.385287880897522,0.5512042045593262,0.3277626931667328,0.6693140864372253,0.5454153418540955,0.6786726713180542,0.4396364092826843,0.6626640558242798,0.3689255118370056,0.6378226280212402,0.3125762641429901,0.6991543173789978,0.561375617980957,0.7221342325210571,0.4758279621601105,0.7189447283744812,0.41412025690078735,0.7037273645401001,0.361990749835968,pinch
0.6920238137245178,0.8115760087966919,0.6288797855377197,0.7959276437759399,0.5749708414077759,0.7203443050384521,0.5334827899932861,0.661223828792572,0.4901311993598938,0.6246206760406494,0.6135913729667664,0.5962849259376526,0.5622217059135437,0.5597508549690247,0.5224520564079285,0.5727157592773438,0.49848246574401855,0.5925062298774719,0.6383142471313477,0.5552229285240173,0.6051698923110962,0.4552977681159973,0.5760511755943298,0.38451045751571655,0.5512932538986206,0.3266511857509613,0.6695069074630737,0.5446100831031799,0.6793755292892456,0.43879425525665283,0.6632505655288696,0.3679494261741638,0.6382733583450317,0.3122749328613281,0.6995084881782532,0.5603869557380676,0.7237125635147095,0.474784255027771,0.7201522588729858,0.41291165351867676,0.7041014432907104,0.3610881567001343,pinch
0.693001389503479,0.8111532330513,0.6296947598457336,0.7966102361679077,0.5759984254837036,0.7208710312843323,0.5341559052467346,0.6618450880050659,0.49081695079803467,0.6251370906829834,0.6144271492958069,0.595785915851593,0.5645344257354736,0.5596886277198792,0.5251668691635132,0.5723403692245483,0.5009968280792236,0.5913996696472168,0.6388568878173828,0.5549046993255615,0.6059362888336182,0.455058753490448,0.576316773891449,0.384553998708725,0.5510022640228271,0.32649660110473633,0.6700060367584229,0.5445981621742249,0.6808373332023621,0.4390126168727875,0.664564847946167,0.3688005208969116,0.6394203901290894,0.3130006790161133,0.6999648809432983,0.5607433915138245,0.7232927083969116,0.47543779015541077,0.7196856141090393,0.41386210918426514,0.7042704224586487,0.36143577098846436,pinch
0.6925442814826965,0.8113129138946533,0.6294099688529968,0.7964497804641724,0.5756686925888062,0.7202409505844116,0.5345330834388733,0.6605015993118286,0.4909811019897461,0.6243131756782532,0.6137747764587402,0.5957276821136475,0.5640683770179749,0.5595221519470215,0.52479088306427,0.5722846984863281,0.5006466507911682,0.5915014147758484,0.6384885311126709,0.5544673204421997,0.605454683303833,0.45524024963378906,0.5757102370262146,0.38507184386253357,0.5502424836158752,0.3271382451057434,0.6698733568191528,0.5438290238380432,0.6798157095909119,0.4379756450653076,0.6635923385620117,0.3677051365375519,0.6384298801422119,0.31185662746429443,0.7002444863319397,0.5598050951957703,0.7234104871749878,0.4743005633354187,0.719529926776886,0.4127688407897949,0.703444242477417,0.3605654239654541,pinch
0.693999707698822,0.8106504678726196,0.6301054358482361,0.7963475584983826,0.5760520696640015,0.719444990158081,0.5349940061569214,0.6594012379646301,0.49160802364349365,0.6237359046936035,0.6143684387207031,0.5961569547653198,0.5643561482429504,0.5600534677505493,0.5251196026802063,0.5724912285804749,0.5010390281677246,0.5912293791770935,0.6393909454345703,0.5545669198036194,0.605408787727356,0.45583826303482056,0.5754855871200562,0.3848000764846802,0.5499468445777893,0.32594507932662964,0.6711537837982178,0.5435901880264282,0.6802684664726257,0.43882811069488525,0.663770318031311,0.3689333200454712,0.6385253071784973,0.3135962188243866,0.7018706798553467,0.5589303970336914,0.7240276336669922,0.4737977087497711,0.7202697992324829,0.41255292296409607,0.7047058343887329,0.36066704988479614,pinch
0.6932733058929443,0.8106549978256226,0.6298581957817078,0.7961464524269104,0.5759980082511902,0.7190595269203186,0.5343782901763916,0.6591545343399048,0.4904095232486725,0.6234855651855469,0.6137434244155884,0.5959374904632568,0.5646875500679016,0.5591098666191101,0.5257332921028137,0.5719865560531616,0.5019062757492065,0.590875506401062,0.6387588977813721,0.5545220375061035,0.6053213477134705,0.4553542733192444,0.5755819082260132,0.38416987657546997,0.5502412915229797,0.32483336329460144,0.670623779296875,0.54392409324646,0.6801879405975342,0.43867364525794983,0.6643249988555908,0.36875206232070923,0.6395280361175537,0.3132423460483551,0.7016119360923767,0.5593835711479187,0.7240620255470276,0.47379451990127563,0.7204466462135315,0.4124961197376251,0.7049840688705444,0.36012881994247437,pinch
0.6944084167480469,0.8096147179603577,0.6308421492576599,0.7956105470657349,0.5768078565597534,0.7190353274345398,0.5348469614982605,0.659583568572998,0.49094507098197937,0.6242048740386963,0.6141050457954407,0.5964223146438599,0.5649934411048889,0.5597714781761169,0.5259519815444946,0.5723103880882263,0.5021074414253235,0.5907583236694336,0.638900637626648,0.5548839569091797,0.6046373844146729,0.4564836025238037,0.5746756196022034,0.3855364918708801,0.549142599105835,0.3262174129486084,0.6708617210388184,0.5440266728401184,0.6798609495162964,0.4391028583049774,0.6638898253440857,0.36919501423835754,0.6388756632804871,0.3136974573135376,0.7021499276161194,0.55916428565979,0.7242574691772461,0.47366827726364136,0.7202798128128052,0.4125228226184845,0.7042893171310425,0.3604707717895508,pinch
0.6926387548446655,0.8098957538604736,0.6292111277580261,0.7959774732589722,0.575864315032959,0.7184206247329712,0.5340541005134583,0.6576641201972961,0.48847684264183044,0.6235747337341309,0.6137635707855225,0.595524251461029,0.5648504495620728,0.5599946975708008,0.525870680809021,0.5740348100662231,0.5018351674079895,0.5931515693664551,0.6384628415107727,0.5542587041854858,0.6043687462806702,0.4565087556838989,0.5741637945175171,0.38545742630958557,0.548329770565033,0.3251357674598694,0.6702470183372498,0.5438686013221741,0.6783254742622375,0.43780282139778137,0.6621811985969543,0.36704695224761963,0.6372158527374268,0.31049787998199463,0.7014591097831726,0.5593891143798828,0.7239720225334167,0.4736582338809967,0.719866931438446,0.4127737283706665,0.7034435272216797,0.3612099289894104,pinch
0.6921288371086121,0.8098679780960083,0.6295437216758728,0.7949132919311523,0.5763601660728455,0.7182131409645081,0.5347203016281128,0.6583288908004761,0.4897826910018921,0.6233105063438416,0.6147549152374268,0.5954204797744751,0.5657628774642944,0.5611116290092468,0.5259335041046143,0.5734941363334656,0.5004809498786926,0.5911270976066589,0.6391844749450684,0.5543489456176758,0.6051070094108582,0.4566343128681183,0.5748245716094971,0.38517433404922485,0.5488463044166565,0.3246381878852844,0.6704509258270264,0.5440166592597961,0.6797460317611694,0.43873223662376404,0.6635289788246155,0.3679055869579315,0.6381828784942627,0.311124712228775,0.7009104490280151,0.5597010850906372,0.7237297296524048,0.47392088174819946,0.7197360396385193,0.4122821092605591,0.703500509262085,0.3599325716495514,pinch
0.689911961555481,0.809997022151947,0.6277528405189514,0.7943457365036011,0.5756098628044128,0.7179819345474243,0.5341010093688965,0.6582045555114746,0.48932552337646484,0.6228522658348083,0.6144636869430542,0.5954557657241821,0.564994215965271,0.5612407326698303,0.5252809524536133,0.5750898122787476,0.5000032186508179,0.5936229825019836,0.6388463973999023,0.5542698502540588,0.6051150560379028,0.45617127418518066,0.5748481154441833,0.38480430841445923,0.54823237657547,0.3241785764694214,0.6700114607810974,0.5437866449356079,0.6787431836128235,0.439006507396698,0.6631844639778137,0.3687906265258789,0.6380481719970703,0.31257563829421997,0.7001233100891113,0.5598560571670532,0.7225874066352844,0.47411373257637024,0.7184955477714539,0.4127146005630493,0.7020747661590576,0.3606358766555786,pinch
0.6896624565124512,0.808379054069519,0.6276054382324219,0.7933030128479004,0.5756466388702393,0.7179203033447266,0.5346949696540833,0.6583003401756287,0.49069637060165405,0.6215099096298218,0.6137452125549316,0.5957162380218506,0.5646319389343262,0.5617682933807373,0.525263249874115,0.5753527879714966,0.5002802014350891,0.5941173434257507,0.638270914554596,0.5543707609176636,0.6051432490348816,0.45650166273117065,0.5740431547164917,0.3859390616416931,0.5460677146911621,0.32614314556121826,0.6693730354309082,0.5431691408157349,0.6785089373588562,0.43819302320480347,0.6617371439933777,0.3683091104030609,0.6346501708030701,0.3126191794872284,0.6994907855987549,0.558501660823822,0.7226744890213013,0.4734609127044678,0.7177883386611938,0.4121887683868408,0.6994747519493103,0.3607799708843231,pinch
0.6889917254447937,0.8074884414672852,0.6275101900100708,0.7936983704566956,0.5749069452285767,0.7176999449729919,0.5338941216468811,0.6575162410736084,0.48950469493865967,0.6216329336166382,0.6131566166877747,0.5957968831062317,0.5637719631195068,0.5617567300796509,0.5246721506118774,0.5761778354644775,0.5000817775726318,0.5952842235565186,0.63807213306427,0.5543673634529114,0.6048409342765808,0.4567875266075134,0.5738244652748108,0.3862301707267761,0.5458592772483826,0.3262527585029602,0.669451117515564,0.5429621934890747,0.6779204607009888,0.4374489188194275,0.6606780886650085,0.36781686544418335,0.6331480145454407,0.3120700418949127,0.6999565362930298,0.5581487417221069,0.7229602336883545,0.47309669852256775,0.7184140682220459,0.41200822591781616,0.7004464268684387,0.3605350852012634,pinch
0.6888645887374878,0.8070334196090698,0.6274887323379517,0.7933791875839233,0.5749081969261169,0.7175976634025574,0.5338999032974243,0.6576042175292969,0.4892101287841797,0.6214878559112549,0.6129022836685181,0.5949231386184692,0.5636678338050842,0.5621354579925537,0.5241197347640991,0.5765981078147888,0.49864062666893005,0.5953519344329834,0.6378153562545776,0.5536120533943176,0.6044980883598328,0.45642000436782837,0.5734776258468628,0.386483371257782,0.5453402400016785,0.327045738697052,0.6692690849304199,0.5424153804779053,0.6768232583999634,0.43673330545425415,0.6599330902099609,0.367064893245697,0.6326768398284912,0.3112460672855377,0.6999566555023193,0.5578703284263611,0.7226850986480713,0.47285735607147217,0.7179463505744934,0.4118303954601288,0.6995264291763306,0.3604745864868164,pinch
0.6891750693321228,0.8063151240348816,0.6276562213897705,0.7931749820709229,0.575028657913208,0.7172611355781555,0.5343767404556274,0.6569608449935913,0.48959094285964966,0.6213355660438538,0.6125481128692627,0.5949937701225281,0.5638225674629211,0.5621722340583801,0.5246142745018005,0.5759671926498413,0.49937599897384644,0.594264566898346,0.6373093128204346,0.5537684559822083,0.6039053797721863,0.456777960062027,0.5729392766952515,0.3870340883731842,0.5450297594070435,0.3274989426136017,0.6685459017753601,0.5427724123001099,0.6763917207717896,0.4375184178352356,0.6597074866294861,0.36790114641189575,0.6326330304145813,0.3117627203464508,0.6992196440696716,0.5582467317581177,0.7220784425735474,0.4735777974128723,0.7171776294708252,0.41297149658203125,0.6985178589820862,0.3617869019508362,pinch
0.6897000074386597,0.8067538738250732,0.6273334622383118,0.7931418418884277,0.5748768448829651,0.7168961763381958,0.533797562122345,0.6569675803184509,0.48877108097076416,0.6212860345840454,0.6133484840393066,0.5947349667549133,0.5647639632225037,0.561926543712616,0.5254412889480591,0.5761274099349976,0.5002034306526184,0.5943819284439087,0.6379260420799255,0.5535597205162048,0.6038725972175598,0.4570380449295044,0.5730301737785339,0.38671576976776123,0.5455501079559326,0.3268701434135437,0.6689648628234863,0.5427590608596802,0.6764428019523621,0.4381566345691681,0.6596295237541199,0.36896008253097534,0.632669985294342,0.31389713287353516,0.6993374228477478,0.5581389665603638,0.7220021486282349,0.474004864692688,0.7168063521385193,0.413662850856781,0.6981338262557983,0.3630138337612152,pinch
0.6889325380325317,0.8075922727584839,0.6271165609359741,0.7931250333786011,0.5751631855964661,0.7171828746795654,0.5344294309616089,0.6574779152870178,0.48956483602523804,0.6219502091407776,0.6134518384933472,0.5947542190551758,0.564030647277832,0.5621996521949768,0.524078369140625,0.5765072703361511,0.49841248989105225,0.5947613716125488,0.6381145119667053,0.5538420081138611,0.6043898463249207,0.4567156434059143,0.573434054851532,0.38614872097969055,0.5458081960678101,0.326193630695343,0.6691219210624695,0.543278694152832,0.677006721496582,0.43826544284820557,0.6602137684822083,0.3686038851737976,0.6333558559417725,0.31298112869262695,0.6992684006690979,0.5592290163040161,0.7222111225128174,0.47478213906288147,0.7173205018043518,0.4138121008872986,0.6991084218025208,0.3624585270881653,pinch
0.6893921494483948,0.8073422908782959,0.6280111074447632,0.7938386797904968,0.5755958557128906,0.7175421118736267,0.5345664024353027,0.6571739315986633,0.489688515663147,0.6217429041862488,0.6128455400466919,0.5950603485107422,0.5635017156600952,0.5623029470443726,0.5241307616233826,0.5772675275802612,0.49907153844833374,0.5965036749839783,0.6373628377914429,0.5536437034606934,0.6041398048400879,0.4557805061340332,0.5725224018096924,0.3852742314338684,0.5437951683998108,0.32561567425727844,0.6683712005615234,0.5426962971687317,0.6770608425140381,0.43776118755340576,0.6600273847579956,0.3686571419239044,0.6323066353797913,0.31343182921409607,0.6985175609588623,0.5585966110229492,0.7221486568450928,0.4742470979690552,0.7171790599822998,0.41356387734413147,0.698447048664093,0.3625193238258362,pinch
0.6902307868003845,0.8076021075248718,0.6283162832260132,0.7936787605285645,0.5755071640014648,0.717606782913208,0.534417450428009,0.6576371192932129,0.48948097229003906,0.6222413182258606,0.613273561000824,0.5950590372085571,0.5639455914497375,0.5627742409706116,0.5245447158813477,0.5769440531730652,0.49939072132110596,0.595458984375,0.6379746198654175,0.5539137125015259,0.603894829750061,0.4565020501613617,0.5723028182983398,0.3858804702758789,0.5439488291740417,0.32610732316970825,0.669057309627533,0.543084442615509,0.6767462491989136,0.43805211782455444,0.6594374775886536,0.3684873878955841,0.6319770812988281,0.3127717673778534,0.6993751525878906,0.5586197376251221,0.721761167049408,0.473758339881897,0.7168259620666504,0.4124637246131897,0.6987535953521729,0.3606501817703247,pinch
0.691123366355896,0.8072565793991089,0.6284189820289612,0.7933964133262634,0.5752764344215393,0.7177479267120361,0.5338979959487915,0.6576352119445801,0.48914635181427,0.6220496892929077,0.6136033535003662,0.5953318476676941,0.5636767745018005,0.5630561113357544,0.5242789387702942,0.5770649909973145,0.4992634654045105,0.5954613089561462,0.6382415890693665,0.5540941953659058,0.6037778258323669,0.4561387896537781,0.5725291967391968,0.3856825530529022,0.5448451638221741,0.32649537920951843,0.6693588495254517,0.5430877208709717,0.6768789291381836,0.4380257725715637,0.6595059633255005,0.3686079978942871,0.6322776675224304,0.31345489621162415,0.6997427940368652,0.5585277676582336,0.7219081521034241,0.4738112688064575,0.7167409062385559,0.41268235445022583,0.6985422968864441,0.3611641526222229,pinch
0.6900307536125183,0.807425320148468,0.6282460689544678,0.7935547828674316,0.5752706527709961,0.7176529169082642,0.5337688326835632,0.6576315760612488,0.4886525869369507,0.622542679309845,0.6135129332542419,0.5952883958816528,0.5638530254364014,0.5630587935447693,0.5246073007583618,0.5769623517990112,0.4998720586299896,0.595539391040802,0.6381034255027771,0.554038405418396,0.6038204431533813,0.45625948905944824,0.5726598501205444,0.38541167974472046,0.5451846718788147,0.3259066641330719,0.6692273020744324,0.5430814027786255,0.6774911880493164,0.43784844875335693,0.6603339910507202,0.3684247136116028,0.6333624124526978,0.31337884068489075,0.6995509266853333,0.5586997866630554,0.7219294309616089,0.4736059904098511,0.7166327834129333,0.41243264079093933,0.69838547706604,0.3609907031059265,pinch
0.6915809512138367,0.8065550923347473,0.6286964416503906,0.7932540774345398,0.5751171112060547,0.7179808020591736,0.5337761640548706,0.6578400135040283,0.4890415072441101,0.6218692064285278,0.6131431460380554,0.595403254032135,0.5634135603904724,0.5628040432929993,0.5237699151039124,0.5772800445556641,0.4986322522163391,0.5959606170654297,0.6380006670951843,0.5541074872016907,0.6039113998413086,0.4564240276813507,0.5725893378257751,0.38560760021209717,0.5447943210601807,0.3259182572364807,0.6692800521850586,0.5431472659111023,0.676664412021637,0.4381733536720276,0.6591586470603943,0.3687785565853119,0.6318163871765137,0.31345313787460327,0.6997900009155273,0.5586285591125488,0.7218860387802124,0.47378209233283997,0.7166368365287781,0.4124055504798889,0.6983903646469116,0.3603851795196533,pinch
0.6913415789604187,0.8068829774856567,0.6286890506744385,0.7931103706359863,0.5753402709960938,0.7178748250007629,0.5339533686637878,0.6583279371261597,0.48847639560699463,0.6236683130264282,0.6138181686401367,0.5948289036750793,0.5636852383613586,0.5628695487976074,0.5245251059532166,0.5775556564331055,0.5000596046447754,0.5963498950004578,0.6383286714553833,0.5534215569496155,0.603477418422699,0.45617926120758057,0.5721761584281921,0.3851289451122284,0.5449309945106506,0.32502302527427673,0.6693599820137024,0.542637825012207,0.6771087050437927,0.4375194311141968,0.6598989367485046,0.36758607625961304,0.6330806612968445,0.3118981122970581,0.699701726436615,0.5582062602043152,0.7223376631736755,0.47315889596939087,0.7165839672088623,0.41185450553894043,0.6977096796035767,0.3602600693702698,pinch
0.6915949583053589,0.8067443370819092,0.628933310508728,0.7937527894973755,0.5752996802330017,0.7177573442459106,0.5340393781661987,0.6579930782318115,0.48889458179473877,0.6228104829788208,0.6133816242218018,0.5940921902656555,0.5634914040565491,0.5616140365600586,0.5236564874649048,0.5770694613456726,0.4985087513923645,0.5964978337287903,0.6379079222679138,0.5526599884033203,0.6035259962081909,0.45578765869140625,0.5722136497497559,0.3852555751800537,0.54448401927948,0.32584887742996216,0.6689543128013611,0.5420495867729187,0.6767353415489197,0.43679434061050415,0.6594639420509338,0.3668481409549713,0.6323863863945007,0.31114184856414795,0.6991806626319885,0.558200478553772,0.7219563722610474,0.47381725907325745,0.7166042327880859,0.41236913204193115,0.6981804966926575,0.3603699803352356,pinch
0.6920555830001831,0.8081983923912048,0.6287592649459839,0.7941913604736328,0.5750641226768494,0.7186207175254822,0.5334888696670532,0.6592468619346619,0.48874431848526,0.6233508586883545,0.6130646467208862,0.5947827100753784,0.563366711139679,0.5618714094161987,0.5245270729064941,0.5767983198165894,0.5003043413162231,0.5960151553153992,0.6376736760139465,0.5531352162361145,0.603578507900238,0.45611172914505005,0.5721043348312378,0.3850100040435791,0.5443292856216431,0.3248310387134552,0.6687209010124207,0.5424426794052124,0.6771178841590881,0.43688148260116577,0.6596022248268127,0.36665743589401245,0.6326196789741516,0.31061771512031555,0.6989341378211975,0.5587301254272461,0.7224475741386414,0.4747526943683624,0.7172410488128662,0.4134938418865204,0.6993547677993774,0.36143040657043457,pinch
0.6915785670280457,0.8094171285629272,0.629198431968689,0.7957507967948914,0.5754189491271973,0.7195641994476318,0.5336215496063232,0.6598024368286133,0.48838773369789124,0.6254002451896667,0.612728476524353,0.5956573486328125,0.5632838010787964,0.5619488954544067,0.5244986414909363,0.5768058896064758,0.5004836320877075,0.5965254902839661,0.6370762586593628,0.5537703037261963,0.6031821966171265,0.45638784766197205,0.5719506144523621,0.3854418694972992,0.5443283915519714,0.32545924186706543,0.6682124733924866,0.5428952574729919,0.677306056022644,0.43736347556114197,0.6599933505058289,0.367037296295166,0.6329786777496338,0.31087321043014526,0.6986925005912781,0.5592790842056274,0.7221546173095703,0.47462910413742065,0.7168169617652893,0.41353753209114075,0.6986439824104309,0.3618186116218567,pinch
0.6927337050437927,0.8083727359771729,0.6302409172058105,0.7956219911575317,0.5760393142700195,0.7202012538909912,0.5338218212127686,0.6607654690742493,0.4888249635696411,0.6260499954223633,0.6135691404342651,0.5957298278808594,0.5638062357902527,0.5617392063140869,0.5245136022567749,0.5762102007865906,0.5002816915512085,0.5958258509635925,0.6376788020133972,0.5537595152854919,0.603533148765564,0.45649418234825134,0.5723519325256348,0.38584771752357483,0.5448456406593323,0.32590430974960327,0.6687910556793213,0.5427654981613159,0.6773031949996948,0.43756985664367676,0.6604866981506348,0.3669968247413635,0.6340097784996033,0.3102772831916809,0.6992101073265076,0.5588826537132263,0.722070038318634,0.4743945002555847,0.7165760397911072,0.4137957990169525,0.6983550786972046,0.36233487725257874,pinch
0.6938726902008057,0.808134913444519,0.6309308409690857,0.7949385046958923,0.576367199420929,0.7200727462768555,0.5340290069580078,0.660373866558075,0.48832565546035767,0.6257046461105347,0.6137712001800537,0.5953755378723145,0.56331866979599,0.5616790056228638,0.5235312581062317,0.5771535634994507,0.4986068606376648,0.5970200300216675,0.6379850506782532,0.5534232258796692,0.6023972630500793,0.45594096183776855,0.5710997581481934,0.3853437304496765,0.5437684059143066,0.32531774044036865,0.6693825125694275,0.5426947474479675,0.676986813545227,0.4365752637386322,0.6602083444595337,0.36559998989105225,0.6338326930999756,0.3088056147098541,0.7004146575927734,0.5588565468788147,0.7227912545204163,0.4733239710330963,0.7170109748840332,0.4125935435295105,0.698150634765625,0.36143597960472107,pinch
0.6941302418708801,0.8088898658752441,0.6309182047843933,0.794965922832489,0.5762366056442261,0.7199910879135132,0.5339452624320984,0.6609073281288147,0.48850154876708984,0.626469075679779,0.6139999032020569,0.5951193571090698,0.5636608004570007,0.5623047351837158,0.5243068337440491,0.5770777463912964,0.4995972514152527,0.5965622067451477,0.6381219029426575,0.5535709261894226,0.6029036641120911,0.4556635320186615,0.5716928839683533,0.38488298654556274,0.5443645715713501,0.32496175169944763,0.6694498062133789,0.5427284836769104,0.6765437126159668,0.4357420802116394,0.6592466235160828,0.3642369508743286,0.6325247287750244,0.3069770634174347,0.7004750967025757,0.5588608384132385,0.7224637269973755,0.4732319116592407,0.7164480090141296,0.41243502497673035,0.6974223852157593,0.3613051772117615,pinch
0.6943654417991638,0.8096119165420532,0.6307292580604553,0.7958003282546997,0.5761281251907349,0.7199708819389343,0.5341084599494934,0.660510778427124,0.4883992075920105,0.626014769077301,0.6136899590492249,0.594843327999115,0.5641248822212219,0.5617207288742065,0.5244306325912476,0.5763462781906128,0.49940726161003113,0.5958800911903381,0.6380144953727722,0.5532690286636353,0.603209912776947,0.45560380816459656,0.5717216730117798,0.38489478826522827,0.5441945195198059,0.3252161145210266,0.6694180965423584,0.5426690578460693,0.676872968673706,0.4357856512069702,0.6592943072319031,0.364282488822937,0.6323912739753723,0.3071715235710144,0.7003898024559021,0.5589105486869812,0.7228241562843323,0.47324126958847046,0.717042863368988,0.41207683086395264,0.6982037425041199,0.36058494448661804,pinch
0.6944223642349243,0.8105916380882263,0.6310640573501587,0.7968049049377441,0.5763139128684998,0.7200635075569153,0.5340065956115723,0.6603926420211792,0.48781710863113403,0.6265997290611267,0.6138674020767212,0.5949202179908752,0.5643490552902222,0.562095046043396,0.5244259834289551,0.5766429305076599,0.49914100766181946,0.5961822271347046,0.6378872990608215,0.5532703995704651,0.6032218933105469,0.45606231689453125,0.5719479918479919,0.3851512670516968,0.544508695602417,0.32534149289131165,0.6690919995307922,0.542608916759491,0.6768435835838318,0.4362450838088989,0.6594477891921997,0.36525171995162964,0.6325555443763733,0.30858221650123596,0.6999243497848511,0.5588696599006653,0.7227132320404053,0.47331780195236206,0.7170804142951965,0.4123539924621582,0.6982673406600952,0.36098045110702515,pinch
0.6938238143920898,0.8103310465812683,0.6300344467163086,0.7952712178230286,0.5762205123901367,0.7202145457267761,0.5339183807373047,0.6609917283058167,0.48762446641921997,0.6258723735809326,0.6128298044204712,0.5939411520957947,0.5628328919410706,0.5595452785491943,0.5232185125350952,0.5756834149360657,0.498848021030426,0.5962233543395996,0.6376042366027832,0.5522142648696899,0.6028485298156738,0.45443058013916016,0.571593165397644,0.38365989923477173,0.5443223714828491,0.323208212852478,0.6692781448364258,0.5418292880058289,0.6769172549247742,0.4356434941291809,0.6594451665878296,0.364418089389801,0.6327226758003235,0.3072686195373535,0.7002748847007751,0.5583597421646118,0.7224588394165039,0.47253620624542236,0.7167086601257324,0.4110405445098877,0.698151171207428,0.3588868975639343,pinch
0.6943056583404541,0.8098044395446777,0.6308329701423645,0.7951366305351257,0.576111912727356,0.7194063067436218,0.533600926399231,0.6604969501495361,0.4876445531845093,0.6259636878967285,0.6124345660209656,0.5935527086257935,0.5618462562561035,0.5604269504547119,0.5218932628631592,0.5764453411102295,0.4977206885814667,0.5971666574478149,0.6367955803871155,0.5513956546783447,0.602135181427002,0.45422273874282837,0.5709905624389648,0.38338449597358704,0.5436829328536987,0.3235965967178345,0.668082058429718,0.540287971496582,0.6774187684059143,0.4341844916343689,0.6598471403121948,0.3639145493507385,0.6322372555732727,0.3081038296222687,0.6989099979400635,0.5565012097358704,0.7226406335830688,0.4712972640991211,0.716866672039032,0.41033995151519775,0.697672426700592,0.35902783274650574,pinch
0.6932761073112488,0.8099832534790039,0.6302431225776672,0.7951505184173584,0.5757699608802795,0.7197916507720947,0.5328822731971741,0.6608204245567322,0.48630380630493164,0.6262125372886658,0.6122602820396423,0.5938581228256226,0.5619530081748962,0.5605219006538391,0.5216776132583618,0.5775785446166992,0.49717551469802856,0.5988602042198181,0.6363360285758972,0.5521721243858337,0.6013731360435486,0.455072820186615,0.5705286264419556,0.38387542963027954,0.5435797572135925,0.3231174051761627,0.6676044464111328,0.5412279367446899,0.6761566400527954,0.43467968702316284,0.6591604948043823,0.36382004618644714,0.6321168541908264,0.30692654848098755,0.6985477805137634,0.5572936534881592,0.7221272587776184,0.472057580947876,0.7168797850608826,0.41118863224983215,0.6981655955314636,0.35967200994491577,pinch
0.6943655014038086,0.8096255660057068,0.6307030916213989,0.796446681022644,0.5758355259895325,0.7201109528541565,0.5329947471618652,0.660791277885437,0.48655417561531067,0.627041220664978,0.6124781370162964,0.5945769548416138,0.5622425675392151,0.5605018734931946,0.5222803354263306,0.5768553614616394,0.49788862466812134,0.5977216958999634,0.6367239952087402,0.5524348020553589,0.6021029949188232,0.45540502667427063,0.5712032318115234,0.3843821585178375,0.5443013906478882,0.3239748477935791,0.6680755019187927,0.5414640307426453,0.676705002784729,0.4350029230117798,0.6594966650009155,0.36405324935913086,0.6325134038925171,0.30743592977523804,0.6989563703536987,0.5575402975082397,0.7226325869560242,0.4721093773841858,0.7170026302337646,0.4113902449607849,0.697982907295227,0.36014655232429504,pinch
0.6929965019226074,0.8091245889663696,0.6298812627792358,0.7946742177009583,0.5754788517951965,0.719265341758728,0.5319967269897461,0.6604796051979065,0.48485857248306274,0.6266918182373047,0.6124322414398193,0.5932452082633972,0.5621034502983093,0.5592725872993469,0.522038459777832,0.5766252279281616,0.4976157546043396,0.5980368256568909,0.6363645195960999,0.5516617894172668,0.6014434099197388,0.45430535078048706,0.570762038230896,0.38347887992858887,0.5441741943359375,0.32273441553115845,0.6676245927810669,0.5412877202033997,0.6755321025848389,0.4342406988143921,0.6584787964820862,0.36293262243270874,0.6319127082824707,0.30539438128471375,0.698529064655304,0.557787299156189,0.7220609784126282,0.472501277923584,0.7164512872695923,0.4117465615272522,0.6974470019340515,0.35999658703804016,pinch
0.6934648156166077,0.8085334300994873,0.6297833323478699,0.7942835092544556,0.5753520727157593,0.7189621925354004,0.5329076051712036,0.6597161889076233,0.48672938346862793,0.624887228012085,0.6116337776184082,0.5929597020149231,0.5616112351417542,0.5584348440170288,0.5216768980026245,0.5750423073768616,0.49741923809051514,0.5962773561477661,0.6357542872428894,0.5514044761657715,0.6014620065689087,0.4539836049079895,0.5705236196517944,0.38306474685668945,0.5437000393867493,0.32245752215385437,0.6671096086502075,0.5409716963768005,0.6758848428726196,0.4345549941062927,0.658706784248352,0.36364054679870605,0.6320058107376099,0.3066551089286804,0.6982325315475464,0.5575606822967529,0.7218907475471497,0.4721396565437317,0.7162344455718994,0.41127580404281616,0.6973748207092285,0.35979241132736206,pinch
0.6930654644966125,0.8080460429191589,0.6295554637908936,0.7936549186706543,0.5749611854553223,0.7180575132369995,0.5317369699478149,0.6590328812599182,0.4854770004749298,0.6253396272659302,0.6116688251495361,0.5921833515167236,0.5612512826919556,0.5580693483352661,0.521893322467804,0.5755396485328674,0.4983983635902405,0.5973373055458069,0.6356416344642639,0.5505064725875854,0.6009803414344788,0.4521881937980652,0.5701549649238586,0.38109129667282104,0.543576180934906,0.3211016356945038,0.6671191453933716,0.5402220487594604,0.6760324239730835,0.43354859948158264,0.6590809226036072,0.36257436871528625,0.6326555013656616,0.30600443482398987,0.6983200907707214,0.5568399429321289,0.721895158290863,0.47119081020355225,0.7159858345985413,0.41041725873947144,0.6969528198242188,0.358915776014328,pinch
0.6929638981819153,0.8085457682609558,0.6293953657150269,0.7944108247756958,0.5746865272521973,0.7184909582138062,0.5322480797767639,0.6596229076385498,0.4871799349784851,0.6250833868980408,0.611883282661438,0.5923106074333191,0.5615485906600952,0.557955801486969,0.5217370986938477,0.5743556618690491,0.4977588653564453,0.5957997441291809,0.6359100341796875,0.5507920980453491,0.6014665961265564,0.4529868960380554,0.5706732869148254,0.3825123608112335,0.5440040826797485,0.3235788345336914,0.6674277782440186,0.5398900508880615,0.6767120957374573,0.4337000250816345,0.6598971486091614,0.363071084022522,0.6333047151565552,0.30722805857658386,0.6984745264053345,0.5561817288398743,0.7221475839614868,0.4711477756500244,0.7165720462799072,0.4107963442802429,0.6979952454566956,0.3599609434604645,pinch
0.6927366256713867,0.808876633644104,0.6295401453971863,0.7946954369544983,0.5744978189468384,0.7186006307601929,0.5319688320159912,0.6595336198806763,0.4867662489414215,0.625470757484436,0.6110221147537231,0.5929179191589355,0.561089813709259,0.5585780739784241,0.5221463441848755,0.5743182897567749,0.4986080527305603,0.5951374769210815,0.6355833411216736,0.5508723855018616,0.6010047793388367,0.4536935091018677,0.5703561305999756,0.38325202465057373,0.5435522198677063,0.32406288385391235,0.6675106287002563,0.5398101210594177,0.6756810545921326,0.43411004543304443,0.6587251424789429,0.3637186884880066,0.6320179104804993,0.3077389895915985,0.6991212964057922,0.5560498833656311,0.722119152545929,0.4710686206817627,0.7166047692298889,0.41088274121284485,0.6979848742485046,0.3600817322731018,pinch
0.6928972601890564,0.8090512156486511,0.6298053860664368,0.7948544025421143,0.5746943354606628,0.7190975546836853,0.5318185091018677,0.6605138778686523,0.486092746257782,0.6259880065917969,0.6112103462219238,0.5932877063751221,0.561147928237915,0.5595366954803467,0.5216588973999023,0.5755113959312439,0.4976024031639099,0.5963366627693176,0.6355090141296387,0.5515912771224976,0.6010892987251282,0.45369309186935425,0.570288360118866,0.3827832341194153,0.5434149503707886,0.3227700889110565,0.6670397520065308,0.5408148765563965,0.6759359240531921,0.4345487356185913,0.658784031867981,0.3636569380760193,0.6318013668060303,0.3067811131477356,0.6982357501983643,0.5572418570518494,0.7217475175857544,0.47169506549835205,0.7164784073829651,0.410795122385025,0.6979779005050659,0.3591039776802063,pinch
0.6933388113975525,0.8083393573760986,0.6295905709266663,0.793892502784729,0.5748723149299622,0.7179138660430908,0.5324442386627197,0.6595947742462158,0.4870738983154297,0.625301718711853,0.6116952300071716,0.5918021202087402,0.5612432956695557,0.5580121278762817,0.5216091275215149,0.5746903419494629,0.497615247964859,0.5961632132530212,0.6357908844947815,0.5503984689712524,0.6007952690124512,0.4521876275539398,0.5696420669555664,0.38183876872062683,0.5426848530769348,0.32266709208488464,0.6674129962921143,0.5399768948554993,0.6753037571907043,0.43307024240493774,0.6580178737640381,0.36177629232406616,0.6313014030456543,0.3049585521221161,0.6986717581748962,0.5565178990364075,0.722027063369751,0.47137266397476196,0.7160829901695251,0.41097304224967957,0.6967164278030396,0.35988497734069824,pinch
0.6931087970733643,0.8090295791625977,0.6299071311950684,0.7946251630783081,0.5747908353805542,0.7181493639945984,0.5319362878799438,0.6592903137207031,0.4863004684448242,0.6252296566963196,0.611454963684082,0.5920034050941467,0.5610835552215576,0.5580291152000427,0.5214508175849915,0.5747917890548706,0.4973471164703369,0.5964571833610535,0.6355603933334351,0.5506687164306641,0.6014449000358582,0.45279595255851746,0.5706379413604736,0.3827517032623291,0.5435571670532227,0.3242436647415161,0.6670819520950317,0.5399078130722046,0.6761049032211304,0.4338630139827728,0.6589272618293762,0.3636520504951477,0.6318248510360718,0.3081217110157013,0.6980764269828796,0.5562279224395752,0.7218679785728455,0.4709564447402954,0.7165446281433105,0.41055333614349365,0.6978116631507874,0.3596472442150116,pinch
0.6926023364067078,0.809197187423706,0.6295074820518494,0.7945295572280884,0.575141191482544,0.7181718945503235,0.5322092175483704,0.6597975492477417,0.4866728186607361,0.6253306865692139,0.6120708584785461,0.5929908156394958,0.562338650226593,0.5593805313110352,0.5224382877349854,0.5749300718307495,0.49784234166145325,0.5955789685249329,0.6358813047409058,0.5512776970863342,0.601844847202301,0.45316338539123535,0.5706446170806885,0.38265472650527954,0.5431909561157227,0.3241007626056671,0.6671556830406189,0.540141761302948,0.6767915487289429,0.43350499868392944,0.6596329212188721,0.3632754683494568,0.632342517375946,0.308228999376297,0.6978261470794678,0.5559387803077698,0.7216355204582214,0.47068876028060913,0.7162148356437683,0.41038304567337036,0.6973708271980286,0.35991039872169495,pinch
0.6924110651016235,0.8096364736557007,0.6295952200889587,0.7946765422821045,0.5750892162322998,0.7186446785926819,0.5324003100395203,0.6601846814155579,0.4868876338005066,0.6257275342941284,0.6116526126861572,0.5933939814567566,0.5615251660346985,0.5600167512893677,0.521369993686676,0.576202929019928,0.4969143271446228,0.5972920656204224,0.6356772184371948,0.5517643690109253,0.6017486453056335,0.4542495608329773,0.570499837398529,0.38345015048980713,0.5428934097290039,0.32432278990745544,0.6670986413955688,0.540762722492218,0.6770610809326172,0.43450337648391724,0.6597739458084106,0.3641020655632019,0.6322504281997681,0.30863362550735474,0.6979193687438965,0.5570722818374634,0.7224419713020325,0.47149258852005005,0.7170643210411072,0.41040870547294617,0.6981356143951416,0.35892683267593384,pinch
0.692581832408905,0.8086678981781006,0.6299458742141724,0.7942781448364258,0.5752418637275696,0.719509482383728,0.5328906774520874,0.6607938408851624,0.4874098002910614,0.626015841960907,0.6112720966339111,0.5938944816589355,0.5612809658050537,0.5593745708465576,0.5218535661697388,0.5751076936721802,0.4978087544441223,0.5960311889648438,0.6355785131454468,0.5517298579216003,0.6012922525405884,0.4538649916648865,0.5703092217445374,0.3833133280277252,0.5430170893669128,0.32366934418678284,0.6669396758079529,0.5403540134429932,0.6758139133453369,0.43383359909057617,0.6582601070404053,0.3638678193092346,0.6307106018066406,0.3082319498062134,0.6979488134384155,0.5565124154090881,0.7219770550727844,0.47152864933013916,0.7166478633880615,0.410950243473053,0.6977399587631226,0.36009323596954346,pinch
0.6929274201393127,0.8082727789878845,0.63022381067276,0.7947622537612915,0.5751835703849792,0.7192161083221436,0.5329949855804443,0.6601355671882629,0.4877195358276367,0.6257303953170776,0.6110517382621765,0.5932376384735107,0.560843825340271,0.557712733745575,0.5211504697799683,0.5741689801216125,0.49673992395401,0.595666229724884,0.6354539394378662,0.5511943101882935,0.6013120412826538,0.4529837369918823,0.5706340074539185,0.38235747814178467,0.5436415076255798,0.3228710889816284,0.667066216468811,0.5403948426246643,0.6757608652114868,0.43384894728660583,0.658558189868927,0.3631517291069031,0.631558358669281,0.30687981843948364,0.6984543800354004,0.5569785237312317,0.722097635269165,0.4716782569885254,0.7165523171424866,0.4111332297325134,0.6974635124206543,0.3601832985877991,pinch
0.6927070617675781,0.8087196350097656,0.6301664710044861,0.7951358556747437,0.5753520131111145,0.7190608978271484,0.5328572392463684,0.6602502465248108,0.4875408411026001,0.6262917518615723,0.6114111542701721,0.5929164290428162,0.5615963935852051,0.558147668838501,0.521987795829773,0.5741952657699585,0.4975498914718628,0.5953797101974487,0.6355200409889221,0.55100417137146,0.601760745048523,0.45309245586395264,0.5707193613052368,0.38275253772735596,0.5431989431381226,0.3238344192504883,0.6670544743537903,0.5401467680931091,0.6761052012443542,0.43348821997642517,0.6588178873062134,0.3630518913269043,0.6315394639968872,0.30734166502952576,0.6984990835189819,0.5566129088401794,0.7224781513214111,0.471147745847702,0.7168579697608948,0.4109634459018707,0.6975590586662292,0.3606058955192566,pinch
0.6932210922241211,0.8087193369865417,0.6304624676704407,0.796044111251831,0.5755226612091064,0.720144510269165,0.5332326889038086,0.6607547402381897,0.48781654238700867,0.6260786056518555,0.6115320920944214,0.5925086736679077,0.5617400407791138,0.5580798983573914,0.5218630433082581,0.5740481615066528,0.497435599565506,0.5952123999595642,0.6359778642654419,0.550478458404541,0.6023492813110352,0.4531625509262085,0.5714021921157837,0.38290321826934814,0.5440801382064819,0.3240625560283661,0.667554497718811,0.5396224856376648,0.676482081413269,0.4337402880191803,0.6593236923217773,0.36388424038887024,0.632256269454956,0.30870431661605835,0.6986387372016907,0.5564735531806946,0.7222681641578674,0.47165098786354065,0.717138409614563,0.41186463832855225,0.6985722184181213,0.36173808574676514,pinch
0.6930311918258667,0.8097782731056213,0.630437970161438,0.796308159828186,0.5755553841590881,0.7200211882591248,0.5334045886993408,0.6610288023948669,0.48825183510780334,0.6267300844192505,0.6118621230125427,0.5932573080062866,0.5623478889465332,0.5586154460906982,0.5225436091423035,0.5743395090103149,0.49822166562080383,0.5954335927963257,0.6361762285232544,0.5515158772468567,0.6021820902824402,0.4534653127193451,0.5712029933929443,0.3824852705001831,0.5441902279853821,0.3231455087661743,0.6677728891372681,0.5407925844192505,0.6767029166221619,0.4341123104095459,0.6595911383628845,0.3636530041694641,0.6328129172325134,0.30802130699157715,0.6988931894302368,0.5576210618019104,0.7224926352500916,0.471923291683197,0.7171985507011414,0.4112427830696106,0.698914647102356,0.3602392077445984,pinch
0.6940298676490784,0.8098446130752563,0.6308839321136475,0.7964292764663696,0.575928807258606,0.7195794582366943,0.5337859988212585,0.6598493456840515,0.4884840250015259,0.625392496585846,0.6129078269004822,0.593098521232605,0.5631479024887085,0.558946430683136,0.5232399702072144,0.574511706829071,0.49886977672576904,0.5951695442199707,0.6371976137161255,0.5512391924858093,0.6031469106674194,0.4533572793006897,0.5719998478889465,0.38226544857025146,0.5446340441703796,0.3226001262664795,0.6688337326049805,0.5405300259590149,0.6775736212730408,0.43398696184158325,0.659803032875061,0.36359116435050964,0.6323837041854858,0.30805015563964844,0.6998543739318848,0.5571603775024414,0.7229917645454407,0.4717783033847809,0.7176238894462585,0.4111884832382202,0.6992408037185669,0.36023786664009094,pinch
0.6940892934799194,0.8099908828735352,0.6309766173362732,0.7959664463996887,0.5760538578033447,0.7196851968765259,0.5335609316825867,0.660255491733551,0.48753470182418823,0.6257900595664978,0.6128162145614624,0.593178927898407,0.5626975297927856,0.5594072937965393,0.522822380065918,0.5753082036972046,0.4983198940753937,0.596076250076294,0.637529730796814,0.5510551333427429,0.6031936407089233,0.4532489776611328,0.5718302726745605,0.38182467222213745,0.5440697073936462,0.32166844606399536,0.669340193271637,0.5400049686431885,0.6778189539909363,0.43356966972351074,0.6594657897949219,0.36328354477882385,0.6310665607452393,0.30796077847480774,0.7007477283477783,0.5562664270401001,0.7241332530975342,0.4708186089992523,0.7182347774505615,0.4100423753261566,0.6985411643981934,0.3594236373901367,pinch
0.6941834092140198,0.8109550476074219,0.6305094957351685,0.7962690591812134,0.5749300122261047,0.719186544418335,0.5329335331916809,0.6601055264472961,0.4875509738922119,0.6257426142692566,0.6126924753189087,0.5928161144256592,0.5625386238098145,0.5602428913116455,0.5225192308425903,0.575846254825592,0.49738094210624695,0.596333920955658,0.6377118825912476,0.5508898496627808,0.6038133502006531,0.45320671796798706,0.5723441243171692,0.38185954093933105,0.5441823601722717,0.32237595319747925,0.6693376302719116,0.5398382544517517,0.6781277656555176,0.4339151978492737,0.659643828868866,0.3633985221385956,0.6306734085083008,0.3078204393386841,0.7005415558815002,0.5560718178749084,0.7240263819694519,0.4709537625312805,0.7178272008895874,0.4105040431022644,0.6976681351661682,0.3603020906448364,pinch
0.6928184032440186,0.8118078708648682,0.6302012205123901,0.797711968421936,0.5751283168792725,0.7221527099609375,0.5332531929016113,0.6628021001815796,0.4887382686138153,0.6257461309432983,0.6118807196617126,0.5946819186210632,0.562532365322113,0.5607040524482727,0.5228489637374878,0.5755747556686401,0.4980911910533905,0.5954411625862122,0.6370657086372375,0.552634060382843,0.6041167974472046,0.45455068349838257,0.5724778771400452,0.38365158438682556,0.5443869233131409,0.32430097460746765,0.6685249209403992,0.5416644215583801,0.6792405843734741,0.43530964851379395,0.6610403060913086,0.36601522564888,0.6322869062423706,0.31122729182243347,0.699409544467926,0.5586866140365601,0.7235804200172424,0.4738474190235138,0.7179286479949951,0.4136205315589905,0.6987993717193604,0.363401859998703,pinch
0.693223774433136,0.8116440176963806,0.6305204033851624,0.7981789708137512,0.5753398537635803,0.7231593132019043,0.5337362289428711,0.663787841796875,0.48895972967147827,0.6268858313560486,0.6118091344833374,0.5954307317733765,0.5622650384902954,0.5614926218986511,0.5224367380142212,0.5771887302398682,0.49808502197265625,0.597898006439209,0.6369943618774414,0.5530730485916138,0.6035434603691101,0.4549378752708435,0.5721681714057922,0.38349127769470215,0.5444633960723877,0.32351043820381165,0.6685975790023804,0.5420816540718079,0.6782906651496887,0.4361667037010193,0.6602082252502441,0.366233229637146,0.6314976215362549,0.3110729455947876,0.699568510055542,0.5587442517280579,0.723932147026062,0.47393298149108887,0.7179348468780518,0.4136483669281006,0.6980035305023193,0.3634544610977173,pinch
0.6940141320228577,0.8118323087692261,0.6312453746795654,0.7981271743774414,0.5754169821739197,0.7224388718605042,0.5331634283065796,0.6630633473396301,0.48765629529953003,0.6273841857910156,0.6120748519897461,0.5948704481124878,0.5620192885398865,0.5608827471733093,0.5218339562416077,0.5774035453796387,0.4973076581954956,0.5986603498458862,0.6372584104537964,0.552780032157898,0.6034544706344604,0.4554722309112549,0.5718543529510498,0.38385581970214844,0.5438229441642761,0.32357627153396606,0.6687535047531128,0.5420918464660645,0.6778882145881653,0.436140239238739,0.6595086455345154,0.3661057949066162,0.6305669546127319,0.31067416071891785,0.6997009515762329,0.558870792388916,0.723945677280426,0.4738250970840454,0.7180076837539673,0.4133067727088928,0.6981487274169922,0.36278998851776123,pinch
0.6941283345222473,0.8110557794570923,0.6312620043754578,0.7973945140838623,0.5759515762329102,0.7227083444595337,0.5333622694015503,0.6631116271018982,0.48729804158210754,0.6280436515808105,0.6119552254676819,0.5953365564346313,0.5619734525680542,0.5600943565368652,0.5224707126617432,0.5772928595542908,0.4986840784549713,0.5991132259368896,0.6369802951812744,0.552846372127533,0.6029901504516602,0.4549129009246826,0.571412980556488,0.38397103548049927,0.5432428121566772,0.3238922357559204,0.6687541007995605,0.5419925451278687,0.677496075630188,0.4346795976161957,0.6592289805412292,0.3640316128730774,0.6309458017349243,0.3074670732021332,0.7002432942390442,0.5588191151618958,0.7240508794784546,0.4735831022262573,0.7183924913406372,0.41247478127479553,0.69929438829422,0.3610868453979492,pinch
0.6943434476852417,0.8120294809341431,0.6312258839607239,0.7977347373962402,0.576017439365387,0.7226106524467468,0.5333486795425415,0.6628079414367676,0.4874844253063202,0.6268880367279053,0.6121038198471069,0.5956085324287415,0.5618729591369629,0.560704231262207,0.5220984220504761,0.5771064162254333,0.49767059087753296,0.598000168800354,0.6368970274925232,0.5533055067062378,0.6029878258705139,0.4555211067199707,0.5715005397796631,0.38453805446624756,0.543417751789093,0.32456403970718384,0.6685668230056763,0.5424427390098572,0.6772179007530212,0.4354150593280792,0.6590971946716309,0.36464864015579224,0.630917489528656,0.3081988990306854,0.7000327110290527,0.559191882610321,0.7240272760391235,0.4735882878303528,0.7185873985290527,0.4124303460121155,0.6996209621429443,0.36126643419265747,pinch
0.6951311826705933,0.8124322891235352,0.6313950419425964,0.798114001750946,0.576171338558197,0.7230467200279236,0.5334020853042603,0.6637457609176636,0.4871962368488312,0.6282986998558044,0.6118250489234924,0.5948972105979919,0.5617484450340271,0.5612652897834778,0.5220285654067993,0.5779441595077515,0.4975963234901428,0.5988350510597229,0.6367030739784241,0.5529250502586365,0.6025322675704956,0.45506489276885986,0.5712378025054932,0.3840312361717224,0.5433748960494995,0.3243406414985657,0.6685535311698914,0.5425413846969604,0.6776244640350342,0.4353312849998474,0.6596555113792419,0.36417514085769653,0.6315339803695679,0.30740776658058167,0.7002052664756775,0.5596652626991272,0.7242431044578552,0.47351333498954773,0.7184880971908569,0.41210025548934937,0.6991271376609802,0.36063873767852783,pinch
0.6946645379066467,0.8129125237464905,0.6313561201095581,0.7982808947563171,0.5764265656471252,0.7234242558479309,0.5335512757301331,0.6641941070556641,0.4875947833061218,0.6286855340003967,0.6121498942375183,0.595881462097168,0.5619836449623108,0.5612001419067383,0.5224862098693848,0.5779975652694702,0.4986306428909302,0.5993496179580688,0.6367153525352478,0.5533366799354553,0.602622926235199,0.4552402198314667,0.5708305239677429,0.3840411305427551,0.5424861907958984,0.324663370847702,0.6682242155075073,0.5422613024711609,0.6783649325370789,0.4356202781200409,0.660105288028717,0.36525487899780273,0.6315338015556335,0.30978503823280334,0.6993284225463867,0.5589367747306824,0.7237429618835449,0.4731864333152771,0.7180609703063965,0.41201844811439514,0.6988504528999329,0.36090585589408875,pinch
0.6937035322189331,0.8134635090827942,0.6309691667556763,0.7988913655281067,0.57630455493927,0.7237054705619812,0.5333909392356873,0.6639270186424255,0.4876304268836975,0.6284626126289368,0.6124016642570496,0.5967167615890503,0.5630184412002563,0.5618058443069458,0.5234518051147461,0.5773745179176331,0.4993404150009155,0.5979666113853455,0.6370095610618591,0.55409175157547,0.6030089855194092,0.4561336636543274,0.5713825225830078,0.3850981891155243,0.5433517694473267,0.3253372609615326,0.6686629056930542,0.5424972772598267,0.6780657172203064,0.4361853003501892,0.6598286628723145,0.3656949996948242,0.6314852833747864,0.30973657965660095,0.7001138925552368,0.5584496259689331,0.7237643003463745,0.4726635217666626,0.7178207039833069,0.4118393063545227,0.6983485817909241,0.3609955906867981,pinch
0.6944580078125,0.8128404021263123,0.6307123899459839,0.7983189821243286,0.575850784778595,0.7238775491714478,0.5333845615386963,0.6642755270004272,0.4875616729259491,0.6283218860626221,0.612194836139679,0.5963666439056396,0.5626858472824097,0.562265157699585,0.5230034589767456,0.5781176686286926,0.49863201379776,0.5988792777061462,0.6372828483581543,0.5541512966156006,0.6036957502365112,0.45526689291000366,0.5716835856437683,0.38417625427246094,0.5428822040557861,0.32437554001808167,0.6690132021903992,0.5430489182472229,0.6782622337341309,0.43574005365371704,0.6595135927200317,0.3651359975337982,0.6302810907363892,0.3094702661037445,0.7002665400505066,0.5593549013137817,0.7243941426277161,0.4733237624168396,0.7182878255844116,0.41233372688293457,0.6981064081192017,0.36173272132873535,pinch
0.6938853859901428,0.8132537603378296,0.6310725808143616,0.7980647683143616,0.5763978958129883,0.723353922367096,0.533722460269928,0.6640244722366333,0.4879445731639862,0.6284096837043762,0.6125862002372742,0.5966471433639526,0.5629547238349915,0.5622192025184631,0.5233310461044312,0.5780770778656006,0.49917274713516235,0.5989060997962952,0.6373040080070496,0.5546757578849792,0.6033610105514526,0.455835223197937,0.5714797377586365,0.38442015647888184,0.5430970191955566,0.3245377540588379,0.669061005115509,0.5435081720352173,0.6780681610107422,0.43584898114204407,0.6593915820121765,0.3653246760368347,0.6305549740791321,0.30980241298675537,0.700600266456604,0.5596886873245239,0.7245330214500427,0.4732421934604645,0.718513011932373,0.4119158387184143,0.6987001299858093,0.36097729206085205,pinch
0.6946675777435303,0.8125582933425903,0.631379246711731,0.7977145910263062,0.5765207409858704,0.7234690189361572,0.5337423086166382,0.6640366315841675,0.48800498247146606,0.6282291412353516,0.6128981709480286,0.5967816710472107,0.5633144378662109,0.5626803636550903,0.5237228870391846,0.5777626037597656,0.4997708201408386,0.5979785919189453,0.6374965310096741,0.5545178651809692,0.603556215763092,0.45570749044418335,0.5715956091880798,0.3840731978416443,0.5434008240699768,0.32409343123435974,0.6690477132797241,0.543138861656189,0.6785899996757507,0.43642574548721313,0.6600286364555359,0.36637523770332336,0.631273090839386,0.31127017736434937,0.7003937363624573,0.5592419505119324,0.7246062755584717,0.4731963872909546,0.7186198234558105,0.4118717312812805,0.6988462209701538,0.3609985113143921,pinch
0.6951592564582825,0.8124355673789978,0.6318399310112,0.7975584864616394,0.5768228769302368,0.7233665585517883,0.5337305665016174,0.6644776463508606,0.4879229664802551,0.6286287307739258,0.6133618950843811,0.5961555242538452,0.5635719299316406,0.5621365904808044,0.5240976214408875,0.5777289867401123,0.5000960826873779,0.598316490650177,0.6378458738327026,0.5544410347938538,0.603802502155304,0.4558858275413513,0.5718789100646973,0.3845606744289398,0.5436275005340576,0.32485589385032654,0.6693457961082458,0.543405294418335,0.6782001256942749,0.43612122535705566,0.6595060229301453,0.36569705605506897,0.6309450268745422,0.3100890517234802,0.7006641030311584,0.5596064329147339,0.7244926691055298,0.47338181734085083,0.7185350656509399,0.411834716796875,0.6990387439727783,0.36064857244491577,pinch
0.6955190300941467,0.8111828565597534,0.6318534016609192,0.7974967360496521,0.5764225721359253,0.7234716415405273,0.5331693887710571,0.663945734500885,0.48679208755493164,0.6287364363670349,0.6124770045280457,0.5959789752960205,0.5632573962211609,0.5606343150138855,0.524527907371521,0.5762107968330383,0.5008832216262817,0.5969945192337036,0.637282133102417,0.5540889501571655,0.6029704213142395,0.4553651809692383,0.57108473777771,0.384011447429657,0.5429695248603821,0.3238191604614258,0.6692098379135132,0.5435355305671692,0.6774688959121704,0.4364856481552124,0.659198522567749,0.3660055994987488,0.6313027143478394,0.30961912870407104,0.7010189294815063,0.5601624250411987,0.7243061065673828,0.47431397438049316,0.7187201380729675,0.41279691457748413,0.6998683214187622,0.36082613468170166,pinch
0.695956826210022,0.8117246031761169,0.6317211389541626,0.7978736162185669,0.5765794515609741,0.722707986831665,0.5331947803497314,0.6630054116249084,0.48636144399642944,0.6290880441665649,0.6131297945976257,0.5962737798690796,0.5638371706008911,0.5597819089889526,0.524943470954895,0.5753402709960938,0.5011727809906006,0.5961845517158508,0.637847363948822,0.5541275143623352,0.6029918789863586,0.4556385278701782,0.5710324645042419,0.3844139277935028,0.5432241559028625,0.32456356287002563,0.6696977615356445,0.5433026552200317,0.6772412657737732,0.4355131983757019,0.6589246392250061,0.36408302187919617,0.631617546081543,0.3072326183319092,0.7014196515083313,0.559417188167572,0.7241088151931763,0.47302114963531494,0.7183047533035278,0.41173863410949707,0.699728786945343,0.36047840118408203,pinch
0.6954039335250854,0.8117005228996277,0.631453812122345,0.7971916198730469,0.5766831040382385,0.7225509881973267,0.5332247614860535,0.663284182548523,0.48704665899276733,0.6280936002731323,0.6128340363502502,0.596010148525238,0.5637916922569275,0.5588635802268982,0.5251333713531494,0.5750885009765625,0.5015924572944641,0.5961767435073853,0.63735032081604,0.5539565086364746,0.6032703518867493,0.45578402280807495,0.5710768103599548,0.3848226070404053,0.5424614548683167,0.3247920274734497,0.6690592765808105,0.5430257320404053,0.6776666045188904,0.43567556142807007,0.6591770648956299,0.3640143871307373,0.6311268210411072,0.30705055594444275,0.7005422115325928,0.5589641332626343,0.7242448329925537,0.47238075733184814,0.7185459136962891,0.41094058752059937,0.699596107006073,0.35951799154281616,pinch
0.696256160736084,0.8113937973976135,0.631889283657074,0.7973076105117798,0.5768314003944397,0.7232933640480042,0.5335216522216797,0.6637289524078369,0.4871128797531128,0.6283233165740967,0.6128267645835876,0.5959351658821106,0.5632942318916321,0.559144139289856,0.5245307087898254,0.5754103660583496,0.50084388256073,0.5963776707649231,0.6376011967658997,0.5537591576576233,0.6030940413475037,0.4555020332336426,0.5711509585380554,0.3846985697746277,0.5428285598754883,0.32471200823783875,0.669522762298584,0.5427942872047424,0.6773505210876465,0.4349481463432312,0.6587719321250916,0.36377835273742676,0.6307759284973145,0.30720263719558716,0.7013983726501465,0.5586462616920471,0.7245242595672607,0.4723588228225708,0.7186001539230347,0.41101744771003723,0.6994444727897644,0.359746515750885,pinch
0.696550190448761,0.8118684887886047,0.6323537826538086,0.7983652353286743,0.5766192674636841,0.7223265171051025,0.5329914093017578,0.6623690128326416,0.4860219359397888,0.6289052367210388,0.6125932931900024,0.5950376391410828,0.5629202127456665,0.5582091212272644,0.5243580937385559,0.5750228762626648,0.5010130405426025,0.5966247916221619,0.6375787854194641,0.5530509352684021,0.6025720238685608,0.45541703701019287,0.5707497000694275,0.3849043548107147,0.5427672266960144,0.32538902759552,0.6697038412094116,0.5424799919128418,0.6763877272605896,0.43475234508514404,0.6577569246292114,0.363830029964447,0.6300784945487976,0.30732205510139465,0.7016667723655701,0.558891236782074,0.724062442779541,0.47268450260162354,0.718429684638977,0.41139715909957886,0.6999388933181763,0.3598528206348419,pinch
0.6955507397651672,0.8113998174667358,0.6317444443702698,0.797292172908783,0.5763457417488098,0.7226396203041077,0.5330556631088257,0.6634647250175476,0.4868914484977722,0.6286364793777466,0.6125203371047974,0.5952765345573425,0.5628964900970459,0.558430016040802,0.5240225791931152,0.5752438902854919,0.5004750490188599,0.5969729423522949,0.6374112367630005,0.5534471273422241,0.6027489304542542,0.45554834604263306,0.5709498524665833,0.38505053520202637,0.5429958701133728,0.3252965211868286,0.6692732572555542,0.5427718758583069,0.676837146282196,0.4351690411567688,0.6586531400680542,0.3643317222595215,0.6314212083816528,0.3073735237121582,0.7007881999015808,0.5591248273849487,0.7233730554580688,0.4733152389526367,0.7179616093635559,0.4122564196586609,0.6998735070228577,0.36054331064224243,pinch
0.6970990896224976,0.8108590841293335,0.6320221424102783,0.7972521781921387,0.5763267874717712,0.7225220203399658,0.5329796075820923,0.6630184650421143,0.4863014817237854,0.6283273100852966,0.6133259534835815,0.5951303243637085,0.563399076461792,0.5587161779403687,0.5245907306671143,0.5750476717948914,0.5007599592208862,0.5962603688240051,0.6380416750907898,0.5530434846878052,0.6029416918754578,0.45514917373657227,0.5707625150680542,0.38448381423950195,0.5426622629165649,0.3246082365512848,0.6698697209358215,0.5423110723495483,0.676582932472229,0.43463224172592163,0.6579025983810425,0.36307889223098755,0.6304019689559937,0.30576619505882263,0.7014762163162231,0.5583142042160034,0.7236195802688599,0.4722526967525482,0.7174212336540222,0.4110528230667114,0.698400616645813,0.3596058487892151,pinch
0.6955423951148987,0.8111245632171631,0.6314436197280884,0.7971178889274597,0.5763712525367737,0.7220762968063354,0.5331229567527771,0.6627435088157654,0.4866303503513336,0.6282363533973694,0.6126949787139893,0.5949962735176086,0.5632307529449463,0.558519721031189,0.5241185426712036,0.5749794244766235,0.5001173615455627,0.5961707234382629,0.637220561504364,0.5527982711791992,0.6021593809127808,0.4549705982208252,0.5703879594802856,0.38410159945487976,0.5426639914512634,0.324539452791214,0.6690223813056946,0.542141318321228,0.6769657135009766,0.4344537854194641,0.6589255928993225,0.3628407120704651,0.631514310836792,0.3059520125389099,0.7007289528846741,0.5582797527313232,0.7240307331085205,0.472215473651886,0.7179115414619446,0.41105473041534424,0.6986203193664551,0.3598930239677429,pinch
0.6938615441322327,0.8130303621292114,0.6307827830314636,0.7983910441398621,0.5761720538139343,0.7228756546974182,0.5333890318870544,0.6638033390045166,0.48706549406051636,0.6288502216339111,0.6109919548034668,0.5951036214828491,0.5615198612213135,0.5608376860618591,0.5230410099029541,0.5777552723884583,0.5000660419464111,0.5993598103523254,0.635837972164154,0.5525567531585693,0.6023954153060913,0.45521101355552673,0.5708592534065247,0.3842025101184845,0.5425872802734375,0.32495126128196716,0.6676612496376038,0.5412948727607727,0.678350031375885,0.43451106548309326,0.6603224277496338,0.3642076849937439,0.6316942572593689,0.30923211574554443,0.698935866355896,0.5578505992889404,0.7243214845657349,0.4722333550453186,0.7180504202842712,0.411506712436676,0.6977672576904297,0.3616238236427307,pinch
0.6935282945632935,0.8142188191413879,0.6302244663238525,0.7999066114425659,0.575094997882843,0.7230795621871948,0.5331417918205261,0.6636290550231934,0.48751482367515564,0.6287992596626282,0.6108445525169373,0.5936050415039062,0.5615094900131226,0.559581995010376,0.5223566293716431,0.5772106647491455,0.49851804971694946,0.5992441177368164,0.635761559009552,0.551766574382782,0.6027250289916992,0.4547840654850006,0.570654571056366,0.3840218782424927,0.5418365597724915,0.32493966817855835,0.6672353148460388,0.5415221452713013,0.6777740716934204,0.43538886308670044,0.6595218777656555,0.36564362049102783,0.6306495070457458,0.31092026829719543,0.6980586051940918,0.5589151978492737,0.7231613397598267,0.4739305078983307,0.7166590690612793,0.413677841424942,0.6960647106170654,0.3636903762817383,pinch
0.6939185857772827,0.8127399682998657,0.6308544278144836,0.7982488870620728,0.5761474967002869,0.7228826284408569,0.5332211852073669,0.6639199256896973,0.48737508058547974,0.6286265254020691,0.6113547682762146,0.5952373743057251,0.5621424317359924,0.5599164366722107,0.5224391222000122,0.5761687159538269,0.4987126588821411,0.5975452661514282,0.6359983086585999,0.5528106689453125,0.602569580078125,0.455447256565094,0.5706828236579895,0.38429757952690125,0.5423758029937744,0.32464873790740967,0.6674515008926392,0.5417903065681458,0.6784579157829285,0.43621641397476196,0.6603144407272339,0.366662859916687,0.6315863132476807,0.31192854046821594,0.6982150673866272,0.5586325526237488,0.7232271432876587,0.4738744795322418,0.7173089981079102,0.41354605555534363,0.6974432468414307,0.3631231188774109,pinch
0.6925098299980164,0.8110935091972351,0.6297087073326111,0.7969633936882019,0.5746796727180481,0.7216225862503052,0.5313270092010498,0.6631749868392944,0.48496782779693604,0.6286402344703674,0.6111997961997986,0.592841386795044,0.5614694952964783,0.5582259297370911,0.5217574238777161,0.5757773518562317,0.49793297052383423,0.597396969795227,0.6359202861785889,0.5511460304260254,0.6017394661903381,0.453628808259964,0.5702306628227234,0.38265538215637207,0.542402982711792,0.3227856755256653,0.6673172116279602,0.5407739877700806,0.6773026585578918,0.43414223194122314,0.6590864658355713,0.36475563049316406,0.630414605140686,0.3101047873497009,0.6982788443565369,0.5578398704528809,0.7228919863700867,0.47230494022369385,0.7171109914779663,0.41134390234947205,0.6972127556800842,0.36034461855888367,pinch
0.694150447845459,0.8099067211151123,0.6305215358734131,0.7963964343070984,0.5751853585243225,0.7213873863220215,0.5324807167053223,0.6628019213676453,0.486982524394989,0.6278430819511414,0.610824704170227,0.593704879283905,0.5605407357215881,0.5600402355194092,0.5206845998764038,0.5766026377677917,0.49687179923057556,0.5978123545646667,0.6353195309638977,0.5511087775230408,0.6014369130134583,0.4533315598964691,0.5695730447769165,0.3818221092224121,0.5412562489509583,0.3222716450691223,0.6668833494186401,0.5399706959724426,0.6778507232666016,0.433992862701416,0.6592583060264587,0.3640105128288269,0.6298022270202637,0.30971094965934753,0.6981089115142822,0.5564693212509155,0.7230167388916016,0.4710890054702759,0.7162945866584778,0.41039419174194336,0.6952003240585327,0.36054009199142456,pinch
0.6940248608589172,0.8098957538604736,0.6307752132415771,0.7954811453819275,0.5757720470428467,0.7205141186714172,0.5323184728622437,0.6623126864433289,0.4862672686576843,0.627598762512207,0.6115942597389221,0.5931109189987183,0.5612262487411499,0.5580568909645081,0.5217911005020142,0.576250433921814,0.49883031845092773,0.5989214181900024,0.6357424259185791,0.5512852668762207,0.6015560030937195,0.45375722646713257,0.5699565410614014,0.38335829973220825,0.5422865748405457,0.32456907629966736,0.6670262813568115,0.5403568148612976,0.6771684288978577,0.4334845542907715,0.6592512130737305,0.3639783263206482,0.631359338760376,0.3091185986995697,0.6979684233665466,0.5570352077484131,0.7225087285041809,0.47063153982162476,0.7165118455886841,0.40962904691696167,0.6969932317733765,0.35860222578048706,pinch
0.6936542391777039,0.8112496137619019,0.6305162310600281,0.7974326610565186,0.5754057765007019,0.7212911248207092,0.5324226021766663,0.6627968549728394,0.4868919253349304,0.6281861662864685,0.6113560795783997,0.594366192817688,0.5620493292808533,0.5596885085105896,0.5222346782684326,0.5751531720161438,0.49830108880996704,0.595970869064331,0.6354031562805176,0.5523463487625122,0.6016728281974792,0.45548585057258606,0.5701664090156555,0.384587824344635,0.5425944924354553,0.3253658711910248,0.6665887832641602,0.541350245475769,0.6774436831474304,0.43522512912750244,0.660063624382019,0.36537787318229675,0.6325911283493042,0.3099217712879181,0.6975796818733215,0.558259129524231,0.7220999598503113,0.47293901443481445,0.7166730165481567,0.411826491355896,0.6981186866760254,0.36019766330718994,pinch
0.6934945583343506,0.8124129772186279,0.6308827996253967,0.7985925674438477,0.576494574546814,0.7225993871688843,0.5347244739532471,0.6642270088195801,0.49081605672836304,0.6293066143989563,0.6118041276931763,0.5960342884063721,0.5628513097763062,0.5612144470214844,0.5233203172683716,0.5769305229187012,0.4996653199195862,0.5982897877693176,0.6355563998222351,0.5541467666625977,0.6026238203048706,0.4563100337982178,0.5706529021263123,0.3855382800102234,0.5423392653465271,0.32729554176330566,0.6665864586830139,0.5432224273681641,0.6785014867782593,0.4361698031425476,0.661000669002533,0.36593949794769287,0.6334438323974609,0.3107644319534302,0.6973272562026978,0.5605043172836304,0.7233508825302124,0.47535088658332825,0.717840313911438,0.41467756032943726,0.6991043090820312,0.36384522914886475,pinch
0.6943188309669495,0.811529278755188,0.6319262385368347,0.7974825501441956,0.5768979787826538,0.7221903800964355,0.5339844822883606,0.6642290353775024,0.48927539587020874,0.6298152208328247,0.6115127801895142,0.5949955582618713,0.5619117617607117,0.5597423911094666,0.522757351398468,0.5770222544670105,0.49993205070495605,0.5994430780410767,0.6354650259017944,0.5529745221138,0.6021683216094971,0.45510879158973694,0.5710870027542114,0.38471347093582153,0.5435391664505005,0.325980007648468,0.6666624546051025,0.5421499013900757,0.6772039532661438,0.434794545173645,0.6599820256233215,0.36391252279281616,0.6327099204063416,0.3076072037220001,0.697675347328186,0.5597375631332397,0.7235369682312012,0.4742835760116577,0.7185643315315247,0.41314759850502014,0.7000537514686584,0.3618049621582031,pinch
0.6925159692764282,0.8104932308197021,0.631054699420929,0.7963227033615112,0.5761475563049316,0.7210444808006287,0.5340368747711182,0.6633989214897156,0.48984718322753906,0.6291604042053223,0.6115051507949829,0.5921449661254883,0.5621375441551208,0.5566261410713196,0.5227373838424683,0.573030412197113,0.4992935061454773,0.5954089164733887,0.6352785229682922,0.5505450367927551,0.6019816994667053,0.4512503147125244,0.5705249309539795,0.38134968280792236,0.5427838563919067,0.3242563307285309,0.6664773225784302,0.540259599685669,0.6773062348365784,0.43160319328308105,0.6598846316337585,0.36015498638153076,0.6325322389602661,0.30440282821655273,0.6974350214004517,0.5581119060516357,0.7235597372055054,0.4713740348815918,0.7179945707321167,0.40990543365478516,0.6984859704971313,0.3592410683631897,pinch
0.6931361556053162,0.8111617565155029,0.6315451860427856,0.7973268032073975,0.5763190388679504,0.7205297350883484,0.5341205596923828,0.6621822118759155,0.49019691348075867,0.6283037662506104,0.6113923192024231,0.5933282971382141,0.5622508525848389,0.5582358241081238,0.5226017832756042,0.5731435418128967,0.4984876811504364,0.5946717858314514,0.6354121565818787,0.5514062643051147,0.6026123762130737,0.4528610110282898,0.5717429518699646,0.3825022280216217,0.5441734194755554,0.3242882490158081,0.6667530536651611,0.5400649309158325,0.677225649356842,0.43350470066070557,0.6598935723304749,0.36348289251327515,0.6323291659355164,0.307660311460495,0.6979113817214966,0.5572304129600525,0.7228965163230896,0.4716995656490326,0.7176638841629028,0.41129565238952637,0.6989845633506775,0.3608635663986206,pinch
0.6928138136863708,0.8122144341468811,0.6311163306236267,0.7997017502784729,0.5756524801254272,0.7233573794364929,0.5339744091033936,0.664134681224823,0.48998576402664185,0.6286225914955139,0.6108934283256531,0.5943583846092224,0.5622339844703674,0.55937659740448,0.5229185223579407,0.5747109055519104,0.4984924793243408,0.5956091284751892,0.6353092193603516,0.551821231842041,0.6022828817367554,0.4539843499660492,0.5708566308021545,0.38350817561149597,0.542605459690094,0.32480400800704956,0.6667110919952393,0.5405857563018799,0.6781504154205322,0.4342067837715149,0.6608684659004211,0.36460843682289124,0.6325011253356934,0.30955830216407776,0.6979920268058777,0.5579742789268494,0.7236800193786621,0.47336679697036743,0.7178676724433899,0.4141199588775635,0.6979897022247314,0.36546790599823,pinch
0.6921184062957764,0.8133767247200012,0.6299670338630676,0.8001459836959839,0.5750241875648499,0.7242962121963501,0.533292293548584,0.6655168533325195,0.48901766538619995,0.6293979287147522,0.6098201870918274,0.5944463610649109,0.5599677562713623,0.5599427819252014,0.5215643048286438,0.577608585357666,0.49867773056030273,0.6002548336982727,0.6346653699874878,0.5526028275489807,0.6013593077659607,0.45410656929016113,0.5698192715644836,0.3847014904022217,0.5410218834877014,0.326377272605896,0.6664175987243652,0.5418360829353333,0.6762600541114807,0.43473368883132935,0.6584901809692383,0.36538803577423096,0.6294054388999939,0.309835284948349,0.6980032920837402,0.5596262812614441,0.7230388522148132,0.47453993558883667,0.7170398235321045,0.41483086347579956,0.696546196937561,0.3651355504989624,pinch
0.6937471032142639,0.8121724128723145,0.6316047310829163,0.7992335557937622,0.5762315988540649,0.7235974073410034,0.5333719849586487,0.665198802947998,0.4886772036552429,0.6303374171257019,0.6102954149246216,0.594636082649231,0.5607838034629822,0.5600156784057617,0.5218068361282349,0.5763123631477356,0.4984501004219055,0.5982746481895447,0.6345263123512268,0.5524676442146301,0.601747989654541,0.4550221860408783,0.5700701475143433,0.3863815367221832,0.5413956642150879,0.3291183412075043,0.666048526763916,0.5415067076683044,0.6772714257240295,0.4348847270011902,0.6595960855484009,0.3661486506462097,0.6309350728988647,0.3115890622138977,0.6970974802970886,0.5593661069869995,0.7223162651062012,0.4748026728630066,0.7168059945106506,0.41549405455589294,0.6974390745162964,0.36601266264915466,pinch
0.6944400072097778,0.8108096718788147,0.6315641403198242,0.7971318364143372,0.5765175819396973,0.7226380109786987,0.5330418944358826,0.6642223596572876,0.4882946312427521,0.6284209489822388,0.6110783219337463,0.5943958163261414,0.5607892274856567,0.5580998063087463,0.5214462876319885,0.5758272409439087,0.4989098310470581,0.5987443327903748,0.6350212097167969,0.5518916249275208,0.6017870903015137,0.45341944694519043,0.5699370503425598,0.38343608379364014,0.5421591997146606,0.32580244541168213,0.6662977337837219,0.5409401059150696,0.6782989501953125,0.43415600061416626,0.660393238067627,0.3642786741256714,0.6326488852500916,0.3097785711288452,0.6972123980522156,0.5578986406326294,0.7229965925216675,0.4713748097419739,0.7170907855033875,0.41055744886398315,0.6978587508201599,0.36011767387390137,pinch
0.6956303715705872,0.811285674571991,0.6313542723655701,0.7967333793640137,0.5761969685554504,0.7211153507232666,0.5328102111816406,0.6622164845466614,0.4872562885284424,0.6268892288208008,0.6114177703857422,0.5935860872268677,0.5611675381660461,0.557223916053772,0.5219886898994446,0.5742453336715698,0.49903327226638794,0.596563458442688,0.635658323764801,0.5512118339538574,0.6013270616531372,0.45319586992263794,0.5697304010391235,0.38287442922592163,0.5423493981361389,0.32497820258140564,0.6671868562698364,0.5403692722320557,0.6772953867912292,0.4338766932487488,0.6593449115753174,0.3637639284133911,0.6316630840301514,0.3091318607330322,0.698451578617096,0.5570900440216064,0.7232469916343689,0.4710867404937744,0.7172669768333435,0.41026949882507324,0.697991669178009,0.3598192632198334,pinch
0.696010410785675,0.811578631401062,0.6314265727996826,0.7966108322143555,0.5762866735458374,0.7211298942565918,0.5327944159507751,0.6624225378036499,0.4874318242073059,0.6269221901893616,0.6113581657409668,0.5932118892669678,0.5610768795013428,0.5568236708641052,0.5220198035240173,0.5739343762397766,0.4991879463195801,0.59637451171875,0.6355909705162048,0.5510841608047485,0.6015642881393433,0.45321452617645264,0.5700883865356445,0.3831409215927124,0.5426831841468811,0.3253510594367981,0.6670653223991394,0.5403546690940857,0.6775357127189636,0.4342707097530365,0.6597917079925537,0.3643667697906494,0.6323506832122803,0.3095265328884125,0.6981456279754639,0.5573010444641113,0.7229248285293579,0.471820592880249,0.7173949480056763,0.41113945841789246,0.6989261507987976,0.36037755012512207,pinch
0.6930018663406372,0.8132153749465942,0.6305375695228577,0.7986234426498413,0.5759745836257935,0.723407506942749,0.5337635278701782,0.6648086309432983,0.4894833266735077,0.6291907429695129,0.6109470725059509,0.5943894982337952,0.561018168926239,0.5594580173492432,0.521735668182373,0.5769625306129456,0.4986947774887085,0.5996171236038208,0.6351416110992432,0.5523837208747864,0.6019213795661926,0.4550135135650635,0.5701913833618164,0.38580697774887085,0.5417150259017944,0.32852238416671753,0.6663700938224792,0.5407585501670837,0.6774400472640991,0.4353625774383545,0.6594014763832092,0.3664757013320923,0.6307515501976013,0.3124348819255829,0.697316586971283,0.5573170781135559,0.7219575643539429,0.4721413254737854,0.7155086994171143,0.41233664751052856,0.695271372795105,0.36306247115135193,pinch
0.6938777565956116,0.8111224174499512,0.6307661533355713,0.7977637648582458,0.5753856897354126,0.7234067916870117,0.5333440899848938,0.6652928590774536,0.48898938298225403,0.630067765712738,0.6105356216430664,0.5932962894439697,0.5600341558456421,0.559075653553009,0.5199925303459167,0.5765303373336792,0.49593639373779297,0.5992684960365295,0.6349360942840576,0.5512426495552063,0.6006566286087036,0.4533132314682007,0.5689208507537842,0.3837324380874634,0.5405120253562927,0.32563516497612,0.6663232445716858,0.5401135683059692,0.676112174987793,0.433622270822525,0.6579148769378662,0.3646794557571411,0.628959596157074,0.3105162978172302,0.6973922848701477,0.5575240850448608,0.7217497825622559,0.4731690287590027,0.7156310677528381,0.41331803798675537,0.695302426815033,0.36362701654434204,pinch
0.6953949928283691,0.8099997043609619,0.6324857473373413,0.7969497442245483,0.57657790184021,0.7226312160491943,0.5341300368309021,0.6645074486732483,0.48938438296318054,0.629240095615387,0.6103655695915222,0.5934010744094849,0.5599868297576904,0.5594264268875122,0.5198886394500732,0.576395571231842,0.49588221311569214,0.5986706614494324,0.6346157193183899,0.5514324903488159,0.6005815267562866,0.4541008770465851,0.5688148736953735,0.384467214345932,0.540629506111145,0.32639315724372864,0.6660696268081665,0.5402202606201172,0.6765223741531372,0.43465548753738403,0.6585392951965332,0.36562472581863403,0.6299271583557129,0.311120867729187,0.697359025478363,0.557176947593689,0.7216594219207764,0.4727216362953186,0.7156597971916199,0.41285473108291626,0.6958584785461426,0.3627968728542328,pinch
0.6940994262695312,0.8109437823295593,0.6311350464820862,0.7970568537712097,0.5758041143417358,0.7220526933670044,0.5330826640129089,0.6635621786117554,0.4875509440898895,0.6291280388832092,0.6103593707084656,0.5936989188194275,0.5601910352706909,0.5585272908210754,0.5202106237411499,0.5757417678833008,0.4961583614349365,0.597879946231842,0.635094165802002,0.5516259670257568,0.6004388928413391,0.45404255390167236,0.5687052011489868,0.38418030738830566,0.5407694578170776,0.3260301649570465,0.666752815246582,0.5404775142669678,0.6755630970001221,0.4347825348377228,0.6571791768074036,0.36554569005966187,0.6288543343544006,0.31076058745384216,0.698104202747345,0.5570302605628967,0.7212333679199219,0.47188428044319153,0.7153849601745605,0.41166335344314575,0.6962337493896484,0.36130034923553467,pinch
0.6952305436134338,0.8101078867912292,0.6315001845359802,0.7970476150512695,0.5754355788230896,0.7226394414901733,0.5331906676292419,0.6642538905143738,0.488173246383667,0.6291202902793884,0.6099969148635864,0.5934048891067505,0.5599191188812256,0.5591562986373901,0.520153284072876,0.5758873224258423,0.49610406160354614,0.5977758169174194,0.6349972486495972,0.5514511466026306,0.6004999876022339,0.45320093631744385,0.5685788989067078,0.3833848536014557,0.5401488542556763,0.32521262764930725,0.6668615341186523,0.5405638217926025,0.675731360912323,0.43399113416671753,0.657100260257721,0.36482658982276917,0.6280626058578491,0.3101334273815155,0.6985486149787903,0.5576463341712952,0.7221893072128296,0.4726497530937195,0.7160905599594116,0.4126051068305969,0.6958827972412109,0.36235058307647705,pinch
0.6939134001731873,0.811093807220459,0.6312548518180847,0.7970229387283325,0.5757231116294861,0.722632110118866,0.53313809633255,0.6643496751785278,0.4881865382194519,0.6284947991371155,0.6099928021430969,0.5935606956481934,0.5601990222930908,0.5593650937080383,0.5204761028289795,0.5763692259788513,0.4964083135128021,0.598223090171814,0.6347230672836304,0.5515481233596802,0.600934624671936,0.45413482189178467,0.5689066648483276,0.38470709323883057,0.5402014255523682,0.32675492763519287,0.666471004486084,0.5404300093650818,0.6766631603240967,0.4349159896373749,0.6582654118537903,0.3663891553878784,0.6292164921760559,0.31225985288619995,0.6979759335517883,0.5573871731758118,0.7217333912849426,0.47216442227363586,0.7157560586929321,0.4121782183647156,0.6960203051567078,0.362127423286438,pinch
0.695186972618103,0.8106182813644409,0.6317562460899353,0.7967304587364197,0.5756812691688538,0.7226516008377075,0.5328639149665833,0.6642316579818726,0.48731571435928345,0.6292127966880798,0.6107674241065979,0.5942116379737854,0.5597311854362488,0.5601190328598022,0.5198742151260376,0.5771669745445251,0.4957929849624634,0.5988068580627441,0.6355414390563965,0.5520176887512207,0.6010342836380005,0.45437076687812805,0.5687628984451294,0.384177565574646,0.5399651527404785,0.32556527853012085,0.6670388579368591,0.5407246351242065,0.6767085194587708,0.4348568320274353,0.657379150390625,0.3663052022457123,0.6275738477706909,0.31248268485069275,0.6982842087745667,0.5572184324264526,0.7220162153244019,0.47192299365997314,0.71551913022995,0.4116036593914032,0.6950254440307617,0.36153605580329895,pinch
0.6940808892250061,0.8107836246490479,0.6306594014167786,0.7959291934967041,0.5753780007362366,0.7220869660377502,0.5325786471366882,0.6638175845146179,0.48662546277046204,0.6288610696792603,0.6104475259780884,0.5938205718994141,0.5595263838768005,0.5596831440925598,0.5195750594139099,0.5770764946937561,0.4953421354293823,0.5988751649856567,0.6350530982017517,0.5517746210098267,0.6002941727638245,0.45369601249694824,0.5680028796195984,0.3838714361190796,0.5391312837600708,0.3255852162837982,0.6665995121002197,0.5406116247177124,0.6757176518440247,0.4339869022369385,0.656588077545166,0.3648996949195862,0.6270540952682495,0.31032291054725647,0.6979988813400269,0.5572752356529236,0.7215552926063538,0.4720660448074341,0.7148747444152832,0.4117438495159149,0.6941879987716675,0.36152857542037964,pinch
0.6949995160102844,0.810265302658081,0.6314195394515991,0.796658992767334,0.5756262540817261,0.7226327061653137,0.5331999063491821,0.6640714406967163,0.48791608214378357,0.6282529830932617,0.6104229688644409,0.5938158631324768,0.5598200559616089,0.5603201389312744,0.5197991132736206,0.5770699381828308,0.4953587055206299,0.5985039472579956,0.6350778341293335,0.5516306161880493,0.6005545258522034,0.45399704575538635,0.5676833391189575,0.3844146728515625,0.5380844473838806,0.32643747329711914,0.6666515469551086,0.5403929352760315,0.6761384010314941,0.4344470500946045,0.6567016243934631,0.365297794342041,0.6266490817070007,0.31077954173088074,0.6979836225509644,0.5568484663963318,0.7215356826782227,0.47138577699661255,0.7147487998008728,0.41105109453201294,0.6937633156776428,0.3609837293624878,pinch
0.693906307220459,0.810711681842804,0.631032407283783,0.7968164682388306,0.5758377909660339,0.7223367691040039,0.5329759120941162,0.663869321346283,0.48712044954299927,0.6286712884902954,0.6103246808052063,0.5935899615287781,0.5596880316734314,0.5601344108581543,0.5197955369949341,0.577484130859375,0.4956398010253906,0.5990883111953735,0.6348586678504944,0.5514049530029297,0.6000996232032776,0.4539794623851776,0.5675657987594604,0.3843579888343811,0.5383894443511963,0.326187402009964,0.6665003895759583,0.5403355360031128,0.6756594181060791,0.4344397783279419,0.6564071774482727,0.36530429124832153,0.6266171932220459,0.31069740653038025,0.6979411244392395,0.5570155382156372,0.7214799523353577,0.47154754400253296,0.7147425413131714,0.411314994096756,0.693913996219635,0.361334890127182,pinch
0.6951080560684204,0.8100922107696533,0.6315752267837524,0.7973058223724365,0.5757197737693787,0.7228464484214783,0.5332707166671753,0.6640024185180664,0.48777246475219727,0.6286098957061768,0.6107200980186462,0.5944419503211975,0.5601884722709656,0.5608489513397217,0.5203294157981873,0.5769898295402527,0.4961707890033722,0.5981898903846741,0.6353217959403992,0.5520067811012268,0.6004137992858887,0.4542189836502075,0.5677908658981323,0.3844601809978485,0.5386936664581299,0.3263109028339386,0.6669781804084778,0.5401976108551025,0.6751810908317566,0.4337705373764038,0.655688464641571,0.36468714475631714,0.625771164894104,0.31043434143066406,0.6985024213790894,0.5560692548751831,0.7214387655258179,0.47103533148765564,0.7145062685012817,0.4109904170036316,0.693374752998352,0.361294686794281,pinch
0.6937223672866821,0.809698760509491,0.6303252577781677,0.7949438095092773,0.5754350423812866,0.7208049297332764,0.5326901078224182,0.6622004508972168,0.48657381534576416,0.6279487013816833,0.6108707189559937,0.593494176864624,0.5602473020553589,0.5582188963890076,0.5201684236526489,0.5749170184135437,0.4958644509315491,0.5965782999992371,0.6352798938751221,0.5516723990440369,0.6004239320755005,0.4532014727592468,0.5680471658706665,0.38341236114501953,0.5392765402793884,0.3251945376396179,0.6667876839637756,0.5403668880462646,0.6749243140220642,0.4337007701396942,0.6554595232009888,0.3644009232521057,0.6260009407997131,0.3100781738758087,0.698127806186676,0.5563101768493652,0.7216014862060547,0.4712718725204468,0.7151301503181458,0.4111515283584595,0.6946694254875183,0.361592173576355,pinch
0.6946962475776672,0.8093370199203491,0.6314757466316223,0.7968862652778625,0.5752411484718323,0.7225742340087891,0.5325627326965332,0.6639687418937683,0.4873606562614441,0.6282144784927368,0.6100767254829407,0.5930165648460388,0.5589785575866699,0.5599464774131775,0.5193012356758118,0.5768172144889832,0.4952537417411804,0.5982655882835388,0.6347783207893372,0.5508185029029846,0.599928617477417,0.4529053270816803,0.5678091645240784,0.38332730531692505,0.5389523506164551,0.3252577483654022,0.6665719151496887,0.5395491123199463,0.6752777099609375,0.43330350518226624,0.6565098166465759,0.36453625559806824,0.6269239783287048,0.31062179803848267,0.6983306407928467,0.5560259819030762,0.7214329242706299,0.47129881381988525,0.7148659825325012,0.41156214475631714,0.6939794421195984,0.3622402548789978,pinch
0.6952645778656006,0.8096290826797485,0.6315705180168152,0.7965153455734253,0.5756282210350037,0.7226617336273193,0.5328218340873718,0.6648563146591187,0.48776763677597046,0.6293411254882812,0.6102920770645142,0.5936415195465088,0.559248149394989,0.5598454475402832,0.5191552639007568,0.5773447155952454,0.4952307939529419,0.5995959043502808,0.6348780989646912,0.5514274835586548,0.6004146933555603,0.45421308279037476,0.568009614944458,0.38465383648872375,0.5391477942466736,0.32651233673095703,0.6663544178009033,0.5400424599647522,0.675570011138916,0.43380206823349,0.656548798084259,0.3650318384170532,0.6272687911987305,0.3108702003955841,0.6977457404136658,0.556738018989563,0.7209634780883789,0.47210270166397095,0.7149152755737305,0.4118138253688812,0.695344865322113,0.36147400736808777,pinch
0.6948674917221069,0.808813214302063,0.6309207677841187,0.7942280173301697,0.5755845904350281,0.7205842733383179,0.5326362252235413,0.6631152033805847,0.48698294162750244,0.6281919479370117,0.6109203696250916,0.5928118228912354,0.5600475668907166,0.5584341883659363,0.5199381113052368,0.5756387710571289,0.4960140287876129,0.5978301167488098,0.6351622939109802,0.5511480569839478,0.5994727611541748,0.4529827833175659,0.5670548677444458,0.38354814052581787,0.5388064980506897,0.3257041573524475,0.6664192080497742,0.5400899648666382,0.6738297939300537,0.4330163300037384,0.6544414758682251,0.36407139897346497,0.6254568696022034,0.30988675355911255,0.6976231932640076,0.5565940141677856,0.7208473682403564,0.4712126851081848,0.7146021127700806,0.41081303358078003,0.6944630146026611,0.36068087816238403,pinch
0.6938678026199341,0.8087692260742188,0.6312704682350159,0.7953419089317322,0.5759124755859375,0.7213075757026672,0.5335700511932373,0.663455069065094,0.4884992837905884,0.6279664635658264,0.6104381680488586,0.5921868681907654,0.5601379871368408,0.558634340763092,0.5198286771774292,0.5755309462547302,0.4956931471824646,0.5977519750595093,0.6346351504325867,0.5505101680755615,0.6000645756721497,0.45230185985565186,0.5672783851623535,0.38325148820877075,0.5382717251777649,0.3263389468193054,0.6659759283065796,0.5395527482032776,0.675128698348999,0.43253135681152344,0.6560050249099731,0.3639829456806183,0.6266986131668091,0.3102452754974365,0.6973424553871155,0.556605875492096,0.7215914130210876,0.4705162048339844,0.7153010964393616,0.40996769070625305,0.694737434387207,0.359733909368515,pinch
0.6930320858955383,0.8092330694198608,0.6310142278671265,0.7957170605659485,0.5751505494117737,0.7212401628494263,0.5326736569404602,0.6634747982025146,0.48766759037971497,0.6283941864967346,0.6092745661735535,0.5913970470428467,0.5589051246643066,0.5586718916893005,0.5196308493614197,0.5751896500587463,0.495738685131073,0.5970515608787537,0.6338744163513184,0.5497092604637146,0.5998079180717468,0.45158958435058594,0.5674006342887878,0.38255706429481506,0.5381244421005249,0.32565125823020935,0.6655806303024292,0.5388233661651611,0.6750320196151733,0.4318401515483856,0.6561185121536255,0.36370930075645447,0.6262305974960327,0.31050384044647217,0.6973389983177185,0.5561497807502747,0.7213656902313232,0.4703451693058014,0.7148221135139465,0.4104404151439667,0.6937242746353149,0.3609709143638611,pinch
0.693729043006897,0.8106410503387451,0.6305312514305115,0.7977501749992371,0.5750685334205627,0.7232493758201599,0.5333854556083679,0.6649593710899353,0.4896346926689148,0.6289580464363098,0.6085318922996521,0.5933400392532349,0.5588606595993042,0.5580804944038391,0.5202430486679077,0.5753269195556641,0.4971581697463989,0.5981290340423584,0.6331729292869568,0.5512962937355042,0.6001311540603638,0.4538887143135071,0.56715327501297,0.38526052236557007,0.5370834469795227,0.3283534646034241,0.664724588394165,0.539757251739502,0.6741275787353516,0.4339020252227783,0.6548169255256653,0.3660908341407776,0.6250544190406799,0.3131105899810791,0.6959425806999207,0.5564892292022705,0.7204933166503906,0.47225314378738403,0.7140842080116272,0.41271355748176575,0.6938915848731995,0.3632218539714813,pinch
0.6941916942596436,0.8112050890922546,0.630764901638031,0.7975119352340698,0.575258731842041,0.7226993441581726,0.5331450700759888,0.6644344329833984,0.4885232150554657,0.6294435858726501,0.6097266674041748,0.5936551690101624,0.5590941309928894,0.5594229698181152,0.5193762183189392,0.5767459869384766,0.495704710483551,0.5990483164787292,0.6341512203216553,0.551315426826477,0.5995659828186035,0.45390504598617554,0.5666978359222412,0.38411664962768555,0.5375446081161499,0.32610073685646057,0.6655527353286743,0.5399587750434875,0.6748687028884888,0.43377628922462463,0.6554157733917236,0.3652998208999634,0.6257530450820923,0.3120749294757843,0.6966652274131775,0.5567209720611572,0.7205613851547241,0.4719144105911255,0.7137824296951294,0.41192853450775146,0.693252682685852,0.36218100786209106,pinch
0.6940133571624756,0.8106752634048462,0.6302047967910767,0.7961608171463013,0.5753743052482605,0.7227219343185425,0.5328034162521362,0.6652414798736572,0.48769646883010864,0.6295724511146545,0.6102367639541626,0.5934533476829529,0.560100257396698,0.558756411075592,0.5202807188034058,0.5757191777229309,0.4964025914669037,0.5980568528175354,0.6345311999320984,0.5513242483139038,0.6002889275550842,0.45340824127197266,0.5671445727348328,0.384028822183609,0.5376700162887573,0.3265599012374878,0.6657329797744751,0.5401135683059692,0.6750952005386353,0.4338448643684387,0.6556238532066345,0.3655959963798523,0.6260508894920349,0.3125254809856415,0.6965261697769165,0.5569068789482117,0.7202880382537842,0.47192180156707764,0.7136664986610413,0.4118458032608032,0.6932689547538757,0.362106591463089,pinch
0.6943303346633911,0.8106625080108643,0.6305645704269409,0.7963520884513855,0.5756378173828125,0.7225147485733032,0.5332648754119873,0.6650760173797607,0.4882503151893616,0.6296839714050293,0.6103737950325012,0.5933254361152649,0.5599166750907898,0.5587430596351624,0.5198429822921753,0.5757736563682556,0.49599751830101013,0.5982622504234314,0.6347103118896484,0.5511981248855591,0.6003270745277405,0.4535953402519226,0.5671271681785583,0.38421493768692017,0.5376485586166382,0.32683634757995605,0.6658920645713806,0.5399281978607178,0.6754394173622131,0.43401044607162476,0.6558656096458435,0.3656315207481384,0.6261043548583984,0.31251204013824463,0.6965970396995544,0.556664764881134,0.7205113172531128,0.47204655408859253,0.713778018951416,0.4119567275047302,0.6932215690612793,0.36214274168014526,pinch
0.6942754983901978,0.8103042840957642,0.6304209232330322,0.7955187559127808,0.575661301612854,0.7227623462677002,0.532992959022522,0.6652860641479492,0.48798853158950806,0.6286242008209229,0.6102041006088257,0.5934353470802307,0.5600908994674683,0.5594503879547119,0.5199897885322571,0.5759117603302002,0.49593228101730347,0.5975766181945801,0.6344588994979858,0.5512438416481018,0.6005159020423889,0.45311570167541504,0.5671143531799316,0.3832431435585022,0.5374670028686523,0.3251667618751526,0.6655755043029785,0.5400240421295166,0.6761796474456787,0.43362778425216675,0.656486451625824,0.3647953271865845,0.6265435814857483,0.31095415353775024,0.6963633298873901,0.5570064187049866,0.7208617329597473,0.4718768000602722,0.7143610715866089,0.4115459620952606,0.6939510107040405,0.36158835887908936,pinch
0.6942734718322754,0.8105411529541016,0.6304523348808289,0.7963653206825256,0.5748711824417114,0.722034752368927,0.532509446144104,0.6639440059661865,0.48732298612594604,0.6290040612220764,0.6101020574569702,0.5929683446884155,0.5597464442253113,0.5587887167930603,0.5197231769561768,0.5759840607643127,0.4957393407821655,0.5982196927070618,0.6344836950302124,0.5508383512496948,0.6001969575881958,0.4531092643737793,0.5673714876174927,0.38351503014564514,0.538329005241394,0.3258265554904938,0.6658014059066772,0.5396878123283386,0.6754201054573059,0.43356263637542725,0.6558617353439331,0.36489516496658325,0.6263260245323181,0.3112107515335083,0.6969171166419983,0.5564056038856506,0.7204685211181641,0.47152119874954224,0.713735818862915,0.41151294112205505,0.6933494210243225,0.3616776466369629,pinch
0.6939796805381775,0.8104300498962402,0.6311090588569641,0.7979514598846436,0.5756241679191589,0.7242006063461304,0.5333829522132874,0.665611982345581,0.4885147213935852,0.6293318867683411,0.6097710728645325,0.5944001078605652,0.5594242215156555,0.5603225231170654,0.519289493560791,0.5770673751831055,0.49528083205223083,0.5989518165588379,0.6343327760696411,0.5513814091682434,0.6005867719650269,0.453615665435791,0.5673204064369202,0.38344576954841614,0.5376840233802795,0.3257598876953125,0.665625274181366,0.5396266579627991,0.6763166785240173,0.4337238073348999,0.6568652391433716,0.3652236759662628,0.6268423795700073,0.3123244047164917,0.6966454386711121,0.5560963153839111,0.7211273908615112,0.47130197286605835,0.7143547534942627,0.4113067388534546,0.69370436668396,0.36186090111732483,pinch
0.6928806900978088,0.810944676399231,0.6300318241119385,0.7965534329414368,0.5753746628761292,0.72405606508255,0.5327652096748352,0.6666344404220581,0.48770245909690857,0.6292955875396729,0.6098441481590271,0.5938253998756409,0.5593622922897339,0.5604742765426636,0.5192842483520508,0.5780786871910095,0.4949086904525757,0.60008704662323,0.6341252326965332,0.5515583157539368,0.6001840829849243,0.45341289043426514,0.5672336220741272,0.3839617073535919,0.5373227000236511,0.3258589804172516,0.6654466986656189,0.5402500033378601,0.6750445365905762,0.4333764612674713,0.6558330059051514,0.3650454878807068,0.6256664991378784,0.3114323318004608,0.6966917514801025,0.5570957064628601,0.7210059762001038,0.47188812494277954,0.7141441702842712,0.41213035583496094,0.6929182410240173,0.36281806230545044,pinch
0.693498432636261,0.8113903403282166,0.6305181384086609,0.7974945306777954,0.5754657983779907,0.7247748374938965,0.5329709053039551,0.6672278046607971,0.48838865756988525,0.6300348043441772,0.6093429923057556,0.5942789316177368,0.5594502091407776,0.5609042644500732,0.5192725658416748,0.5777126550674438,0.49494245648384094,0.5997928380966187,0.633572518825531,0.5517865419387817,0.6005799174308777,0.4533569812774658,0.5670305490493774,0.3840002417564392,0.5366219878196716,0.3267720639705658,0.664879560470581,0.5403535962104797,0.6759277582168579,0.4333244562149048,0.65632164478302,0.36485356092453003,0.6255598664283752,0.31201204657554626,0.695967435836792,0.5573407411575317,0.7213070392608643,0.47217971086502075,0.7142521739006042,0.41218581795692444,0.6925305724143982,0.36310893297195435,pinch
0.6924282312393188,0.8131446838378906,0.6295651793479919,0.797464907169342,0.5750652551651001,0.7250915765762329,0.53304523229599,0.667980432510376,0.4889886975288391,0.6302204132080078,0.609006941318512,0.5948598980903625,0.5591466426849365,0.560053825378418,0.5193170309066772,0.5772488713264465,0.4950793385505676,0.5998847484588623,0.6338235139846802,0.5526100397109985,0.6007104516029358,0.45411866903305054,0.5673550367355347,0.38504913449287415,0.5368213057518005,0.3278549611568451,0.6652386784553528,0.5408939123153687,0.6745815277099609,0.4344879388809204,0.6546677350997925,0.36600086092948914,0.6240452527999878,0.31265437602996826,0.6964318156242371,0.5575923323631287,0.7209606766700745,0.47253111004829407,0.7135878801345825,0.4127023220062256,0.6917226314544678,0.36389216780662537,pinch
0.6937662363052368,0.8121849298477173,0.6301523447036743,0.7978779077529907,0.5751345157623291,0.7261157035827637,0.5333963632583618,0.6689203381538391,0.4892769455909729,0.6319350600242615,0.6091371774673462,0.5949693322181702,0.5586760640144348,0.5606691837310791,0.5187931060791016,0.5780473351478577,0.4946834444999695,0.600791871547699,0.634035587310791,0.5524755120277405,0.6000601649284363,0.4540327191352844,0.5663378238677979,0.38482505083084106,0.5353838205337524,0.3274833559989929,0.6655735969543457,0.5404537320137024,0.6749690175056458,0.43353068828582764,0.6546464562416077,0.3656851053237915,0.6233623623847961,0.3131994903087616,0.6969691514968872,0.5568455457687378,0.7213810682296753,0.472261518239975,0.7141149640083313,0.41270315647125244,0.6920652985572815,0.36423391103744507,pinch
0.693986713886261,0.8131716847419739,0.6299662590026855,0.7986100912094116,0.5747528076171875,0.7258294820785522,0.5324988961219788,0.667922854423523,0.4880695939064026,0.6305646896362305,0.6090822219848633,0.5962491035461426,0.55922931432724,0.5610986351966858,0.5197066068649292,0.5780670642852783,0.49556025862693787,0.6002812385559082,0.6340503096580505,0.5536702275276184,0.6003484725952148,0.45494216680526733,0.5664106607437134,0.38527530431747437,0.5352367162704468,0.3275439143180847,0.665607213973999,0.541785717010498,0.6749215126037598,0.43471041321754456,0.6545522212982178,0.3664584159851074,0.6233739256858826,0.31366896629333496,0.6969155073165894,0.558233916759491,0.7208290696144104,0.4728873074054718,0.7133130431175232,0.4130372107028961,0.6915138363838196,0.3643239140510559,pinch
0.6944112181663513,0.813075602054596,0.6300903558731079,0.7987970113754272,0.5747876763343811,0.7259486317634583,0.5325465202331543,0.6682581901550293,0.4881376028060913,0.6315919160842896,0.6094910502433777,0.5962129831314087,0.5600802898406982,0.5613048076629639,0.5206345319747925,0.5774792432785034,0.4964562654495239,0.5994513034820557,0.6340354681015015,0.5536773800849915,0.6001951098442078,0.4542626142501831,0.5664172768592834,0.38383960723876953,0.5359206199645996,0.3258632719516754,0.6653043627738953,0.5421268939971924,0.6751294732093811,0.4351029396057129,0.6548810005187988,0.36583077907562256,0.6242960095405579,0.31200411915779114,0.6963774561882019,0.5589008927345276,0.7205727696418762,0.4734840989112854,0.7132864594459534,0.41344529390335083,0.6920660734176636,0.36445510387420654,pinch
0.6945955753326416,0.8134465217590332,0.6303502321243286,0.7990677952766418,0.5750238299369812,0.7260206937789917,0.5325309038162231,0.6682536602020264,0.48812752962112427,0.631623387336731,0.6093661189079285,0.5965988039970398,0.5597572326660156,0.5613440275192261,0.5201305747032166,0.5774605870246887,0.4961129426956177,0.5995298027992249,0.6339131593704224,0.5540207028388977,0.6005994081497192,0.4546777009963989,0.5668683052062988,0.3839813470840454,0.5365814566612244,0.326281875371933,0.6651051044464111,0.5423576235771179,0.6758273243904114,0.43547946214675903,0.6555342078208923,0.3662998080253601,0.6251146197319031,0.3128957450389862,0.6959341168403625,0.5591124296188354,0.7204370498657227,0.4735783338546753,0.7131806015968323,0.4133063554763794,0.6924447417259216,0.364071786403656,pinch
0.6944888830184937,0.8136221766471863,0.6305021643638611,0.7996723651885986,0.5747798085212708,0.726307213306427,0.5318523645401001,0.668008029460907,0.4863039255142212,0.6328765153884888,0.6090542674064636,0.5964197516441345,0.5589936375617981,0.5608669519424438,0.5194149017333984,0.5776335597038269,0.4955648183822632,0.6000571250915527,0.6339905261993408,0.5541368722915649,0.6006725430488586,0.4549558162689209,0.5675660371780396,0.384319931268692,0.5378570556640625,0.32625922560691833,0.6654332280158997,0.5429580807685852,0.6757315397262573,0.4362538456916809,0.6556721329689026,0.36685699224472046,0.6255431175231934,0.3129984736442566,0.6965285539627075,0.5598824620246887,0.7203993797302246,0.4742930829524994,0.7134426832199097,0.41359859704971313,0.6931741833686829,0.36357617378234863,pinch
0.6946296691894531,0.813658595085144,0.6303035020828247,0.7995726466178894,0.5745337009429932,0.7262827157974243,0.5313479900360107,0.6682935357093811,0.4859686493873596,0.6327071785926819,0.6098397970199585,0.5966974496841431,0.5598661303520203,0.561242401599884,0.5198050141334534,0.5774921774864197,0.49558138847351074,0.5995223522186279,0.6345913410186768,0.5543957948684692,0.6011407971382141,0.45522958040237427,0.5678422451019287,0.38455730676651,0.5382893085479736,0.3266839385032654,0.6657556295394897,0.5432758331298828,0.675891101360321,0.4359482526779175,0.6556279063224792,0.366376668214798,0.6255359649658203,0.3128579258918762,0.6963704228401184,0.5601874589920044,0.7202593088150024,0.4742473363876343,0.7130123972892761,0.41357749700546265,0.6923797130584717,0.3639123737812042,pinch
0.6940484046936035,0.8136360049247742,0.6294862031936646,0.7995626330375671,0.5742623209953308,0.7268741726875305,0.5318691730499268,0.6688209772109985,0.4865938127040863,0.6324314475059509,0.6094171404838562,0.5970054864883423,0.5598626732826233,0.5616445541381836,0.5196495652198792,0.5782977938652039,0.49538183212280273,0.6007919907569885,0.634235680103302,0.5548886656761169,0.600941002368927,0.45594626665115356,0.5673750042915344,0.3856091797351837,0.5373684167861938,0.32768478989601135,0.6653949022293091,0.543606698513031,0.675452709197998,0.43609046936035156,0.6547712683677673,0.36649996042251587,0.624191164970398,0.31267061829566956,0.6960500478744507,0.560488224029541,0.720112144947052,0.47487321496009827,0.7127883434295654,0.4143146276473999,0.691935122013092,0.36487042903900146,pinch
0.6934121251106262,0.8143681287765503,0.6287592053413391,0.7995319366455078,0.5737600922584534,0.7261973023414612,0.5309206247329712,0.66852867603302,0.4852685332298279,0.6333938241004944,0.610018253326416,0.5969880223274231,0.5600013136863708,0.5622913837432861,0.5196493864059448,0.5792367458343506,0.4949584901332855,0.6014225482940674,0.6344465613365173,0.5549221038818359,0.600918173789978,0.4565694332122803,0.567425012588501,0.3861727714538574,0.5371491312980652,0.32787588238716125,0.6654261946678162,0.5436452031135559,0.6748631000518799,0.43641817569732666,0.6543207764625549,0.3664354681968689,0.6236070394515991,0.3121594190597534,0.6959514617919922,0.5602985620498657,0.7201836109161377,0.4747510552406311,0.7128894329071045,0.41441822052001953,0.6916971802711487,0.3653569221496582,pinch
0.6930258870124817,0.8136776089668274,0.6293278336524963,0.8007863759994507,0.5738175511360168,0.7270445823669434,0.5311757922172546,0.6686356663703918,0.4857839345932007,0.6333416104316711,0.6097234487533569,0.5974433422088623,0.5602988004684448,0.5624479651451111,0.5203702449798584,0.5783438682556152,0.4959612488746643,0.5999776124954224,0.633941113948822,0.5548347234725952,0.6002200841903687,0.45604801177978516,0.5665625333786011,0.3859744071960449,0.5363170504570007,0.3282182514667511,0.6650228500366211,0.5434109568595886,0.6745668649673462,0.43598735332489014,0.6540607213973999,0.3661571145057678,0.6231873631477356,0.3119516670703888,0.6958238482475281,0.5601334571838379,0.7205694913864136,0.4747731685638428,0.7131126523017883,0.41436272859573364,0.6912691593170166,0.36505502462387085,pinch
0.695188581943512,0.8134952783584595,0.6310250759124756,0.8014697432518005,0.574695885181427,0.7278729677200317,0.5321363210678101,0.6692953705787659,0.4869011640548706,0.6322991847991943,0.6097317934036255,0.597376823425293,0.5602690577507019,0.5623689293861389,0.5198735594749451,0.5780510306358337,0.4944200813770294,0.5995118021965027,0.634390115737915,0.5547251105308533,0.6010021567344666,0.45601963996887207,0.5666064620018005,0.3859463930130005,0.5353837013244629,0.32883569598197937,0.6657025814056396,0.5435632467269897,0.6748648881912231,0.4360496401786804,0.6537112593650818,0.36599230766296387,0.6222357153892517,0.31189289689064026,0.696644127368927,0.5603958368301392,0.7208616733551025,0.4744775891304016,0.7133978009223938,0.4137488007545471,0.6915892362594604,0.3643495440483093,pinch
0.6943377256393433,0.813971996307373,0.6309257745742798,0.8006875514984131,0.574525773525238,0.7267396450042725,0.5312631130218506,0.6681504845619202,0.4854615330696106,0.6331149935722351,0.6093389987945557,0.5977998375892639,0.5597366094589233,0.5623539090156555,0.5202805399894714,0.5779898762702942,0.49595481157302856,0.5996114611625671,0.6340522170066833,0.5553489327430725,0.5999019145965576,0.4559827446937561,0.5660320520401001,0.3854949474334717,0.535569429397583,0.3279053866863251,0.6655979156494141,0.543864905834198,0.6745138764381409,0.4356246590614319,0.6535975337028503,0.3659857511520386,0.6223779320716858,0.31217077374458313,0.6971253156661987,0.5602328777313232,0.721137285232544,0.4740031361579895,0.7135735750198364,0.4131201505661011,0.6918080449104309,0.36337387561798096,pinch
0.6950419545173645,0.8139514327049255,0.630874752998352,0.8005890846252441,0.5744289755821228,0.7271599769592285,0.5313194394111633,0.6688553094863892,0.48583322763442993,0.633314311504364,0.6096697449684143,0.597755491733551,0.560140073299408,0.5624697804450989,0.5199593305587769,0.5783960819244385,0.49518951773643494,0.600220799446106,0.6343591809272766,0.5553211569786072,0.6007436513900757,0.45593154430389404,0.5665889382362366,0.38547322154045105,0.5359264016151428,0.3283073604106903,0.6657539010047913,0.5440335273742676,0.6753823161125183,0.43609368801116943,0.6542729735374451,0.3666810393333435,0.6230753660202026,0.3132087290287018,0.6968435049057007,0.5606192946434021,0.7211818695068359,0.47435033321380615,0.7136189937591553,0.4132125973701477,0.692163348197937,0.3631032109260559,pinch
0.6953334808349609,0.8146936893463135,0.6310679316520691,0.8014830350875854,0.574669361114502,0.7270622253417969,0.5314969420433044,0.6682921051979065,0.4853616952896118,0.6334975957870483,0.6103804111480713,0.5977951288223267,0.5610554814338684,0.562044084072113,0.5204674005508423,0.5769357085227966,0.49502208828926086,0.5980806350708008,0.6352633833885193,0.5555189251899719,0.601475715637207,0.45588231086730957,0.5675181150436401,0.3848281502723694,0.5370940566062927,0.3268463611602783,0.6665181517601013,0.5442413091659546,0.6752109527587891,0.436693012714386,0.6544745564460754,0.3670612573623657,0.6237706542015076,0.3133617341518402,0.6971596479415894,0.5605654716491699,0.7204967737197876,0.4742816090583801,0.7133651971817017,0.41333645582199097,0.6925724148750305,0.363293319940567,pinch
0.695483922958374,0.8145527839660645,0.6309437155723572,0.8016294240951538,0.5744022727012634,0.7275042533874512,0.5312761664390564,0.6688228845596313,0.4853174388408661,0.6336418390274048,0.6103531718254089,0.5979503393173218,0.5608928203582764,0.562026858329773,0.5201798677444458,0.5772964954376221,0.49479252099990845,0.5986782908439636,0.6352803111076355,0.5555382966995239,0.6014161109924316,0.45583438873291016,0.567345380783081,0.38498520851135254,0.5368516445159912,0.32714203000068665,0.6665234565734863,0.5442015528678894,0.6753756403923035,0.4362505376338959,0.6545683741569519,0.36674773693084717,0.6236600875854492,0.3132377862930298,0.697149395942688,0.5604739189147949,0.7206327319145203,0.47414296865463257,0.7133086323738098,0.4132016897201538,0.6920930743217468,0.3631497323513031,pinch
0.6947575211524963,0.8149831891059875,0.630378246307373,0.8020206093788147,0.5739923715591431,0.7274720668792725,0.5303601622581482,0.6687091588973999,0.4840613305568695,0.6342198848724365,0.6104644536972046,0.5978115797042847,0.560272753238678,0.562483549118042,0.5195829272270203,0.5780318379402161,0.4945066571235657,0.5996130108833313,0.6350444555282593,0.5552849769592285,0.6007146835327148,0.4552815556526184,0.5665738582611084,0.3846242427825928,0.5361407399177551,0.32714900374412537,0.6663197875022888,0.5438361167907715,0.6743422150611877,0.43545031547546387,0.6534921526908875,0.36566343903541565,0.6228062510490417,0.3118610382080078,0.6968206167221069,0.5599179267883301,0.7201831936836243,0.4740683436393738,0.712643027305603,0.41317421197891235,0.691308319568634,0.36293256282806396,pinch
0.6955422163009644,0.8140602707862854,0.6311659812927246,0.8014998435974121,0.5743899941444397,0.7277511358261108,0.5311837196350098,0.6691104769706726,0.48591578006744385,0.6332814693450928,0.609859824180603,0.5982211828231812,0.5595347881317139,0.5614157915115356,0.5191383957862854,0.5775548815727234,0.49432921409606934,0.6000792384147644,0.6348808407783508,0.55535489320755,0.6009299755096436,0.4554808437824249,0.5664644837379456,0.3851904273033142,0.5353113412857056,0.32819879055023193,0.6663733124732971,0.5433378219604492,0.674075186252594,0.435737669467926,0.6525538563728333,0.3667341470718384,0.6211528778076172,0.3141207695007324,0.697024405002594,0.5588060617446899,0.7197785973548889,0.47305673360824585,0.7120965719223022,0.4124903082847595,0.6905605792999268,0.3631311058998108,pinch
0.6935740113258362,0.8161342144012451,0.6296605467796326,0.8022292852401733,0.5736536979675293,0.7273678183555603,0.5304612517356873,0.6683571934700012,0.48460304737091064,0.6338015794754028,0.6098145842552185,0.5977916121482849,0.5597208142280579,0.5615774393081665,0.5194568634033203,0.5773816108703613,0.494651734828949,0.599419891834259,0.6346805691719055,0.5552181005477905,0.6008235216140747,0.45592984557151794,0.566935122013092,0.38557925820350647,0.5364354252815247,0.3281504511833191,0.6660333275794983,0.5434800386428833,0.6736571192741394,0.4360048472881317,0.6525172591209412,0.3665838837623596,0.621685266494751,0.31343749165534973,0.6965630650520325,0.5593050122261047,0.7195147275924683,0.47352731227874756,0.7119705080986023,0.4128973186016083,0.690808892250061,0.3635537028312683,pinch
0.6940715312957764,0.8153527975082397,0.6294244527816772,0.8015302419662476,0.5733319520950317,0.7274337410926819,0.5311534404754639,0.6695627570152283,0.4867391884326935,0.6339691877365112,0.6094671487808228,0.5969313383102417,0.5593541860580444,0.5614456534385681,0.519358217716217,0.5781409740447998,0.49502575397491455,0.6012232899665833,0.6344705820083618,0.5548296570777893,0.6010478138923645,0.45486748218536377,0.5663540363311768,0.3849029541015625,0.534561812877655,0.3282357454299927,0.6658684611320496,0.5434877276420593,0.6740595102310181,0.4356728792190552,0.6522016525268555,0.3667926788330078,0.6202548146247864,0.31434282660484314,0.6961784958839417,0.5598357915878296,0.7196143865585327,0.47414058446884155,0.7117087841033936,0.4134918451309204,0.6896370053291321,0.3642120659351349,pinch
0.6943374872207642,0.8166660070419312,0.6296184659004211,0.8022493124008179,0.573967456817627,0.7277036905288696,0.5315688848495483,0.6695367097854614,0.48668283224105835,0.6336963772773743,0.6098516583442688,0.597777247428894,0.5598945021629333,0.562100887298584,0.5199181437492371,0.5783990025520325,0.49578267335891724,0.6012018918991089,0.6348110437393188,0.5559698343276978,0.6012738943099976,0.4558938145637512,0.5661088824272156,0.3853776156902313,0.5340608358383179,0.3282608091831207,0.6660982370376587,0.5448326468467712,0.6741134524345398,0.43705105781555176,0.6522908210754395,0.3677906095981598,0.6207115650177002,0.31449639797210693,0.6963681578636169,0.5613745450973511,0.7196871042251587,0.4751485586166382,0.7121939063072205,0.413807213306427,0.6910713315010071,0.36338573694229126,pinch
0.6948820352554321,0.8150952458381653,0.6303350329399109,0.8009820580482483,0.5740981698036194,0.7275955677032471,0.5312129855155945,0.6692792773246765,0.48605719208717346,0.633323073387146,0.6092274785041809,0.5974332690238953,0.5593152642250061,0.5620625615119934,0.5192369222640991,0.5779581665992737,0.4946730136871338,0.6005461812019348,0.6343847513198853,0.5552315711975098,0.601330578327179,0.45495179295539856,0.5664940476417542,0.38504981994628906,0.5347700119018555,0.3284429609775543,0.6657596826553345,0.5438728332519531,0.6741898655891418,0.4363046884536743,0.6524760127067566,0.3672959804534912,0.6209825277328491,0.31422173976898193,0.6961007118225098,0.5604454874992371,0.7194145917892456,0.4746992588043213,0.7119762897491455,0.41396790742874146,0.6907686591148376,0.3641919195652008,pinch
0.6949406266212463,0.8156291842460632,0.6305250525474548,0.8020544052124023,0.5744326114654541,0.7278265953063965,0.5309413075447083,0.6691820025444031,0.4851515293121338,0.6331083178520203,0.6102733612060547,0.5982624292373657,0.5602925419807434,0.5624644160270691,0.5197091698646545,0.5784595608711243,0.4948991537094116,0.6007458567619324,0.6350345611572266,0.5561390519142151,0.6013712882995605,0.45603352785110474,0.5667333006858826,0.38483625650405884,0.535831093788147,0.3264771103858948,0.6662663221359253,0.5449703931808472,0.674972414970398,0.43795788288116455,0.6540083885192871,0.36818021535873413,0.6235406994819641,0.3139643967151642,0.6965212225914001,0.5614529848098755,0.7194925546646118,0.4751927852630615,0.7124171257019043,0.41396307945251465,0.6922633647918701,0.363216757774353,pinch
0.6950701475143433,0.8148254156112671,0.6307656764984131,0.8012633919715881,0.5743653774261475,0.7274727821350098,0.5308042764663696,0.6693031787872314,0.4850137233734131,0.6331664323806763,0.6100081205368042,0.5978904366493225,0.5596230030059814,0.5618489980697632,0.5189191102981567,0.5776312947273254,0.4938989281654358,0.5993450284004211,0.6347517967224121,0.5557902455329895,0.6002511978149414,0.4563940167427063,0.5659025311470032,0.3858020007610321,0.5352355241775513,0.3275878131389618,0.6659858226776123,0.544797956943512,0.6745750904083252,0.43671026825904846,0.6537129878997803,0.3669055700302124,0.6230399012565613,0.3127250075340271,0.696537435054779,0.5618137717247009,0.7199243903160095,0.4757114052772522,0.7130329608917236,0.41439324617385864,0.6924412250518799,0.36373603343963623,pinch
0.6943649649620056,0.8146520853042603,0.6303114891052246,0.8011125922203064,0.5741332173347473,0.7279151678085327,0.53105628490448,0.6701411604881287,0.48579132556915283,0.6339017152786255,0.6096524000167847,0.5974321961402893,0.5597823858261108,0.5616785287857056,0.5191524028778076,0.576783299446106,0.49405184388160706,0.5981009602546692,0.6344984173774719,0.5555786490440369,0.6008188128471375,0.4558084309101105,0.5666489601135254,0.3847752511501312,0.536067008972168,0.3263900876045227,0.6656712293624878,0.5447472333908081,0.6749417185783386,0.436551034450531,0.6542604565620422,0.3668416738510132,0.6238269805908203,0.3128189444541931,0.6961260437965393,0.5619810223579407,0.7200497984886169,0.4760516285896301,0.7132766842842102,0.41498035192489624,0.6929970979690552,0.36457279324531555,pinch
0.6939365863800049,0.8150614500045776,0.6300293803215027,0.8011043071746826,0.574088990688324,0.7282233238220215,0.531251072883606,0.6698088645935059,0.48613405227661133,0.6328152418136597,0.6091974377632141,0.598408043384552,0.5592668652534485,0.5623292326927185,0.5189778208732605,0.5774898529052734,0.49428242444992065,0.5989033579826355,0.6341864466667175,0.5559845566749573,0.6003577709197998,0.4559671878814697,0.5659931898117065,0.3852200508117676,0.5351474285125732,0.32722288370132446,0.6654790639877319,0.544542670249939,0.6745901703834534,0.4364625811576843,0.6535047888755798,0.36709821224212646,0.6225079298019409,0.3134467601776123,0.6962488889694214,0.5613465309143066,0.7200412750244141,0.47540706396102905,0.7128713130950928,0.41451430320739746,0.6919721364974976,0.3646208643913269,pinch
0.6939963102340698,0.8150205016136169,0.6300042271614075,0.8010909557342529,0.5741020441055298,0.7283669710159302,0.5313805341720581,0.6698542833328247,0.4862925708293915,0.6325976848602295,0.6089995503425598,0.598201334476471,0.5591302514076233,0.5621539950370789,0.5189850330352783,0.5774882435798645,0.49426203966140747,0.5990045666694641,0.6340852975845337,0.5555661916732788,0.6003853678703308,0.4554113745689392,0.5658888220787048,0.3849708139896393,0.5347281098365784,0.327325701713562,0.6654127240180969,0.544073760509491,0.6745413541793823,0.43594884872436523,0.6533639430999756,0.3669419288635254,0.6221561431884766,0.3136308193206787,0.696235179901123,0.5609210133552551,0.7199774980545044,0.4749636948108673,0.7126376628875732,0.41420644521713257,0.6914056539535522,0.3645680248737335,pinch
0.6943857073783875,0.8150848150253296,0.630248486995697,0.8012750148773193,0.5741302967071533,0.728368878364563,0.5314663052558899,0.6701134443283081,0.48649221658706665,0.6332035660743713,0.6086724400520325,0.5981836915016174,0.5589098334312439,0.5614625215530396,0.5194307565689087,0.5774520039558411,0.4952930510044098,0.5996803641319275,0.6339539289474487,0.5557411313056946,0.6002374887466431,0.4559481739997864,0.5658381581306458,0.385556697845459,0.5345708727836609,0.3275989294052124,0.6655309200286865,0.5443729162216187,0.6736450791358948,0.43686443567276,0.6526312232017517,0.3674677610397339,0.6217705011367798,0.31311407685279846,0.696584165096283,0.5611668825149536,0.7192491292953491,0.4752025604248047,0.711868405342102,0.4144926369190216,0.6909708380699158,0.3642979860305786,pinch
0.6946631669998169,0.8143534660339355,0.6307717561721802,0.8018539547920227,0.574442982673645,0.7287176847457886,0.5311890840530396,0.6697918772697449,0.48568689823150635,0.6332732439041138,0.6086088418960571,0.5979362726211548,0.5586322546005249,0.5605822801589966,0.518680989742279,0.5764404535293579,0.4943035840988159,0.5984945893287659,0.6338257193565369,0.55548095703125,0.5996582508087158,0.4559672474861145,0.565692663192749,0.3857606053352356,0.5353608131408691,0.32803791761398315,0.6656442880630493,0.5443593263626099,0.6734442114830017,0.43681788444519043,0.6525088548660278,0.36696332693099976,0.6221367120742798,0.3124980926513672,0.6968364119529724,0.561313271522522,0.7191948890686035,0.4751715660095215,0.7120240926742554,0.4140459895133972,0.6916052103042603,0.36325323581695557,pinch
0.6960493922233582,0.814942479133606,0.6309647560119629,0.8017390370368958,0.5741838216781616,0.7278628349304199,0.530552327632904,0.6691212058067322,0.4849553108215332,0.6333328485488892,0.6094295978546143,0.5983400940895081,0.5594831705093384,0.5608176589012146,0.5193126797676086,0.576852560043335,0.4948599338531494,0.5992591381072998,0.6344946026802063,0.5561366677284241,0.6007891893386841,0.4559200704097748,0.5664670467376709,0.3850685954093933,0.5359141826629639,0.32754454016685486,0.6660277247428894,0.5449503064155579,0.6748510003089905,0.4366852939128876,0.6534348130226135,0.3666840195655823,0.622835636138916,0.31313347816467285,0.6968052983283997,0.5613170266151428,0.7198444604873657,0.4747793674468994,0.7124524116516113,0.41344910860061646,0.6920170187950134,0.36297136545181274,pinch
0.6946959495544434,0.8157770037651062,0.6309068202972412,0.8021134734153748,0.5751110315322876,0.72800612449646,0.5314992666244507,0.6704302430152893,0.48690265417099,0.6341784596443176,0.6098435521125793,0.5976276993751526,0.5604075193405151,0.5608718395233154,0.5208855867385864,0.5773467421531677,0.4975661635398865,0.6003979444503784,0.6342019438743591,0.5558813214302063,0.6010080575942993,0.4558364450931549,0.5671513080596924,0.38544100522994995,0.5369080305099487,0.3281707465648651,0.6655532121658325,0.5448634028434753,0.6748889684677124,0.4372473657131195,0.6542460322380066,0.3673638105392456,0.6243384480476379,0.313035786151886,0.6961674094200134,0.5618733167648315,0.7198333144187927,0.4758763909339905,0.7131621241569519,0.4146049916744232,0.6938585042953491,0.3636328876018524,pinch
0.6955066919326782,0.8149637579917908,0.6312964558601379,0.8019988536834717,0.5751972198486328,0.7281873226165771,0.5317072868347168,0.6698921918869019,0.48710155487060547,0.6335680484771729,0.6101084351539612,0.5982531309127808,0.5602409243583679,0.5599454641342163,0.520227313041687,0.5766792297363281,0.49641695618629456,0.6002824306488037,0.634905219078064,0.5562713742256165,0.6019409894943237,0.4561828374862671,0.5681231617927551,0.3861579895019531,0.5376487970352173,0.3292078971862793,0.6662353873252869,0.544814944267273,0.6761525273323059,0.43700435757637024,0.6555190682411194,0.36781156063079834,0.6250841617584229,0.31462156772613525,0.6967911124229431,0.5610989332199097,0.7206254601478577,0.47459813952445984,0.7136988639831543,0.413596510887146,0.6935601830482483,0.36351367831230164,pinch
0.695343554019928,0.8141912221908569,0.6312075853347778,0.8012281656265259,0.5749180316925049,0.7281702756881714,0.5316564440727234,0.6701084971427917,0.48686984181404114,0.6329328417778015,0.6097908020019531,0.5971530675888062,0.5603274703025818,0.5601736307144165,0.520524263381958,0.5765030384063721,0.4965415894985199,0.5991007685661316,0.6348519921302795,0.5552169680595398,0.6010271906852722,0.4551486670970917,0.5669203996658325,0.38493967056274414,0.5366312265396118,0.3275724947452545,0.6664594411849976,0.5445570945739746,0.6754208207130432,0.435874879360199,0.654391348361969,0.3666805922985077,0.6238915920257568,0.31309154629707336,0.6975038051605225,0.5618219375610352,0.7205020785331726,0.47529441118240356,0.7136256098747253,0.41395458579063416,0.6936424374580383,0.36299458146095276,pinch
0.6956548690795898,0.8159469366073608,0.6309817433357239,0.8012303113937378,0.5754542350769043,0.7277532815933228,0.5322235226631165,0.6698980927467346,0.4875725507736206,0.6326749920845032,0.6109119653701782,0.5975353121757507,0.561113715171814,0.5618882775306702,0.5205755829811096,0.5777738690376282,0.4961462616920471,0.5999327898025513,0.6356841921806335,0.5556619763374329,0.6032438278198242,0.4555149972438812,0.568757176399231,0.3844650983810425,0.5380451679229736,0.32698914408683777,0.6667742133140564,0.5446421504020691,0.6773415207862854,0.4372008442878723,0.6559736132621765,0.36815518140792847,0.6252940893173218,0.3156208097934723,0.6968936920166016,0.5615297555923462,0.7211670875549316,0.47503578662872314,0.7144371271133423,0.41366708278656006,0.6949708461761475,0.3633212447166443,pinch
0.6947545409202576,0.8158050775527954,0.6309065818786621,0.8014768958091736,0.5751171708106995,0.7281333804130554,0.5322173237800598,0.670045793056488,0.487588107585907,0.6335949301719666,0.6100860834121704,0.5988777279853821,0.5603199601173401,0.562816321849823,0.5204362869262695,0.5787436962127686,0.4962846636772156,0.6007309556007385,0.6350852251052856,0.5566007494926453,0.6013287901878357,0.45658791065216064,0.5669417381286621,0.3861589729785919,0.5358654856681824,0.32825013995170593,0.6667307615280151,0.5450147986412048,0.6753459572792053,0.43701720237731934,0.6543170809745789,0.36808592081069946,0.6232818365097046,0.3146892189979553,0.6978641152381897,0.5613911151885986,0.7204710841178894,0.4749399423599243,0.7132807970046997,0.4144350290298462,0.6925462484359741,0.3648071587085724,pinch
0.69499671459198,0.8144577741622925,0.6312680244445801,0.8011879324913025,0.5749735236167908,0.7281783819198608,0.5321399569511414,0.6702070832252502,0.4876692593097687,0.6335999965667725,0.609822154045105,0.5983577370643616,0.5602123737335205,0.5619657635688782,0.5203567743301392,0.5780720710754395,0.4962638020515442,0.600557804107666,0.6347284317016602,0.5562199950218201,0.6012653112411499,0.4558767080307007,0.5669817924499512,0.385434091091156,0.5361111760139465,0.32746240496635437,0.6661309003829956,0.5448546409606934,0.6754140853881836,0.436784565448761,0.6545771956443787,0.3670364320278168,0.6237435340881348,0.31279054284095764,0.6970208883285522,0.561416506767273,0.7202274799346924,0.4752618670463562,0.7130545377731323,0.41457849740982056,0.6922575235366821,0.36468505859375,pinch
0.6952479481697083,0.81535404920578,0.6304652094841003,0.7997316718101501,0.5755767822265625,0.7265997529029846,0.5326293110847473,0.6695576310157776,0.48870325088500977,0.6327705979347229,0.6106751561164856,0.5976468324661255,0.5615098476409912,0.5601062178611755,0.5214359164237976,0.5762190818786621,0.497530460357666,0.59901362657547,0.6351781487464905,0.5559284090995789,0.6024137735366821,0.45564430952072144,0.56830233335495,0.3853414058685303,0.5377518534660339,0.32817715406417847,0.6663728356361389,0.5448724031448364,0.6763758659362793,0.43686649203300476,0.6554465889930725,0.36662545800209045,0.625130832195282,0.31249871850013733,0.6967263221740723,0.5615212321281433,0.7213018536567688,0.4746449887752533,0.7141081690788269,0.41296350955963135,0.6938875317573547,0.3621797561645508,pinch
0.6955189108848572,0.814697265625,0.6307757496833801,0.7996828556060791,0.5753788352012634,0.7269840240478516,0.5330962538719177,0.6695065498352051,0.48903343081474304,0.6327823996543884,0.6105540990829468,0.5967845916748047,0.561307430267334,0.5598331689834595,0.5215693712234497,0.5762301683425903,0.49736833572387695,0.5990912318229675,0.6351636052131653,0.5550438165664673,0.6019854545593262,0.4544350504875183,0.5672695636749268,0.38446709513664246,0.535688579082489,0.3273864984512329,0.6663613319396973,0.5436835289001465,0.6762295961380005,0.4351509213447571,0.6547610759735107,0.3653481900691986,0.6232772469520569,0.3118862211704254,0.6969422698020935,0.5602606534957886,0.7207506895065308,0.4731699824333191,0.7131742835044861,0.412057101726532,0.6917861700057983,0.36254262924194336,pinch
0.695722222328186,0.8144619464874268,0.6310157775878906,0.7994093894958496,0.5754084587097168,0.7268495559692383,0.5326791405677795,0.6689375042915344,0.48810938000679016,0.631872296333313,0.6102232336997986,0.5972345471382141,0.5610138773918152,0.5589978098869324,0.5209763050079346,0.5754268169403076,0.4964536130428314,0.5981838703155518,0.6349057555198669,0.5554250478744507,0.6022039651870728,0.4555126130580902,0.5678296089172363,0.38604646921157837,0.5365287065505981,0.32896852493286133,0.6660099625587463,0.5439593195915222,0.6760892271995544,0.43612992763519287,0.654930591583252,0.3664975166320801,0.6239008903503418,0.31240975856781006,0.6966124773025513,0.5602642893791199,0.7202852964401245,0.4733816981315613,0.7126083970069885,0.4123114347457886,0.6914225816726685,0.36233365535736084,pinch
0.695705771446228,0.8142142295837402,0.6311221122741699,0.8002716302871704,0.5752944350242615,0.7267873883247375,0.5325998067855835,0.6685937643051147,0.4876123070716858,0.6327317357063293,0.6101112365722656,0.5968371629714966,0.5612478852272034,0.5596176385879517,0.5214970111846924,0.5758991241455078,0.4974784553050995,0.598575234413147,0.6344559788703918,0.5549278259277344,0.6013860106468201,0.4548550248146057,0.5673571825027466,0.3847511410713196,0.5371041297912598,0.3272540271282196,0.6655905842781067,0.5438938736915588,0.6761017441749573,0.4357448220252991,0.6554064750671387,0.3660278916358948,0.6250075101852417,0.31220564246177673,0.6963244080543518,0.5606240630149841,0.7212674021720886,0.47424080967903137,0.713903546333313,0.4133654832839966,0.6927547454833984,0.36338260769844055,pinch
0.6943871974945068,0.8146427273750305,0.6303656697273254,0.7995710968971252,0.5754226446151733,0.7264986634254456,0.5331900715827942,0.6684427261352539,0.4888295531272888,0.6323970556259155,0.6103231906890869,0.5970922708511353,0.561254620552063,0.5602024793624878,0.5219343900680542,0.5766249895095825,0.4982822835445404,0.5992023944854736,0.6346560120582581,0.5553407669067383,0.601754903793335,0.4555400013923645,0.5676201581954956,0.3856779932975769,0.5367438197135925,0.32863950729370117,0.6656047701835632,0.5438429713249207,0.6756107807159424,0.4363594651222229,0.6546878218650818,0.3677806258201599,0.6239086985588074,0.31520727276802063,0.6961468458175659,0.55997633934021,0.7201730012893677,0.47383081912994385,0.7126668691635132,0.4135207235813141,0.6915994882583618,0.36439213156700134,pinch
0.6944786906242371,0.8138076663017273,0.6301537156105042,0.7989065051078796,0.5747438073158264,0.7262322902679443,0.5322420597076416,0.6681182384490967,0.4871205985546112,0.6325626373291016,0.6102240085601807,0.5964664816856384,0.560321033000946,0.5595943331718445,0.520294725894928,0.5768140554428101,0.4959639012813568,0.5998392105102539,0.6349930167198181,0.5544430017471313,0.6014332175254822,0.4545794725418091,0.5672457218170166,0.38530874252319336,0.5361817479133606,0.3284837305545807,0.6661673784255981,0.5428987145423889,0.6750639081001282,0.4348239302635193,0.6539955139160156,0.36609208583831787,0.6228159666061401,0.31342700123786926,0.6968052387237549,0.559026300907135,0.7204573750495911,0.47320520877838135,0.7125697135925293,0.41308319568634033,0.690522313117981,0.36429816484451294,pinch
0.6957100033760071,0.8130896091461182,0.6309060454368591,0.7989749312400818,0.5750989317893982,0.7258015871047974,0.5328197479248047,0.6670546531677246,0.4875287413597107,0.6317386031150818,0.6098874807357788,0.5959794521331787,0.560194194316864,0.5596528053283691,0.5204180479049683,0.5765978097915649,0.496626615524292,0.5994899868965149,0.6347729563713074,0.553969144821167,0.6014463901519775,0.4545243978500366,0.5667974352836609,0.3847348093986511,0.5355142951011658,0.32750824093818665,0.666014552116394,0.5427061319351196,0.6755751371383667,0.4347617030143738,0.6541809439659119,0.3658878803253174,0.6229023337364197,0.31309154629707336,0.6967273354530334,0.5593348145484924,0.7205229997634888,0.4732211232185364,0.7130492925643921,0.4127761125564575,0.691736102104187,0.36348533630371094,pinch
0.6953520774841309,0.8132574558258057,0.6305715441703796,0.7984415888786316,0.5753700137138367,0.7261539101600647,0.5332428812980652,0.6679800152778625,0.48803311586380005,0.6320359706878662,0.6101040244102478,0.5955509543418884,0.5604949593544006,0.5594207048416138,0.5204454660415649,0.576667308807373,0.496246874332428,0.5994057059288025,0.6350231766700745,0.5539994239807129,0.6018738746643066,0.4544491767883301,0.5673782825469971,0.3849596679210663,0.5361814498901367,0.3277348577976227,0.6662186980247498,0.5428922772407532,0.6759504079818726,0.43519437313079834,0.6545290946960449,0.36674317717552185,0.623162567615509,0.3142509162425995,0.6968810558319092,0.5595060586929321,0.720420777797699,0.47261929512023926,0.7128287553787231,0.41179317235946655,0.6915687322616577,0.36222201585769653,pinch
0.6943708658218384,0.813840389251709,0.6300186514854431,0.7998109459877014,0.5747149586677551,0.7266780734062195,0.5326548218727112,0.6677719950675964,0.4874383807182312,0.6320501565933228,0.6087190508842468,0.5963703989982605,0.559560239315033,0.559998095035553,0.5212018489837646,0.5770516991615295,0.49831655621528625,0.6002017855644226,0.633727490901947,0.5545163750648499,0.600205659866333,0.45470374822616577,0.5658602118492126,0.38605159521102905,0.534567654132843,0.329211950302124,0.6655139327049255,0.5429967045783997,0.672447144985199,0.43542566895484924,0.6512570381164551,0.3670427203178406,0.6203027963638306,0.31343862414360046,0.6970645785331726,0.5594418048858643,0.7193876504898071,0.4735936224460602,0.7119541168212891,0.41361480951309204,0.6908187866210938,0.3640909194946289,pinch
0.6943957209587097,0.8139079809188843,0.6301069259643555,0.7998314499855042,0.5748147964477539,0.7276149988174438,0.533099889755249,0.6694399118423462,0.4885551631450653,0.6329472064971924,0.6089253425598145,0.596729576587677,0.5589883327484131,0.5603664517402649,0.5198667645454407,0.5773073434829712,0.49647727608680725,0.6005619764328003,0.6340335011482239,0.5547425746917725,0.6000698804855347,0.45511627197265625,0.565723180770874,0.3867858648300171,0.5345054268836975,0.33030441403388977,0.6656723618507385,0.5428602695465088,0.6719921827316284,0.43608835339546204,0.6505077481269836,0.36815986037254333,0.6193626523017883,0.31528446078300476,0.696996808052063,0.5590597987174988,0.7189576625823975,0.4738425612449646,0.7112651467323303,0.4142189621925354,0.6897287368774414,0.36532720923423767,pinch
0.6952954530715942,0.813495397567749,0.6299212574958801,0.7990254163742065,0.5741996765136719,0.7265682220458984,0.5320608019828796,0.6687400937080383,0.48728615045547485,0.6330305337905884,0.6097359657287598,0.5971443057060242,0.5592871904373169,0.5611277222633362,0.5199334621429443,0.5779735445976257,0.4962427616119385,0.6010181903839111,0.6347696185112,0.5546359419822693,0.6009300351142883,0.45487964153289795,0.5658416152000427,0.38592785596847534,0.5339229702949524,0.3295920193195343,0.6659630537033081,0.542251467704773,0.6727786064147949,0.43500789999961853,0.6503212451934814,0.3670131266117096,0.61827552318573,0.31514453887939453,0.6966632008552551,0.5577489137649536,0.7191395163536072,0.47198015451431274,0.7108764052391052,0.41229426860809326,0.688591480255127,0.36434635519981384,pinch
0.6954948902130127,0.8132951259613037,0.6297452449798584,0.7984623312950134,0.573997437953949,0.7253310084342957,0.5313913226127625,0.6679074168205261,0.4861142635345459,0.6332644820213318,0.6098484396934509,0.5953333973884583,0.5593337416648865,0.5604326128959656,0.5187780857086182,0.5771569609642029,0.4939585030078888,0.5998696684837341,0.6345347762107849,0.5537985563278198,0.601655900478363,0.45471200346946716,0.5665472745895386,0.3853027820587158,0.5346750020980835,0.3287919759750366,0.665500819683075,0.5422911643981934,0.674482524394989,0.4345909357070923,0.651948094367981,0.36632078886032104,0.6197682023048401,0.3148539364337921,0.6956332921981812,0.5586276650428772,0.7190499305725098,0.472450315952301,0.7113802433013916,0.4121793508529663,0.6898260712623596,0.3636016249656677,pinch
0.8108906745910645,1.1444674730300903,0.7246274352073669,1.1021422147750854,0.6779853105545044,1.0054571628570557,0.6722131371498108,0.9110339879989624,0.6914204955101013,0.8424134254455566,0.6786651611328125,0.9480379819869995,0.6317785978317261,0.7950042486190796,0.6090142726898193,0.697100818157196,0.589394211769104,0.6195039749145508,0.7484480738639832,0.9318758845329285,0.7329505085945129,0.7358571290969849,0.727976381778717,0.6176621317863464,0.7195620536804199,0.5283850431442261,0.8171112537384033,0.940423846244812,0.8232737183570862,0.7574173808097839,0.8295515775680542,0.6421899199485779,0.8325740694999695,0.5539865493774414,0.878127932548523,0.9645872712135315,0.903684139251709,0.8319545984268188,0.9240224957466125,0.7525020241737366,0.9392789602279663,0.6902034282684326,open
0.7697662711143494,1.1243252754211426,0.6973079442977905,1.0893791913986206,0.6537830829620361,1.0192532539367676,0.6473847031593323,0.964024007320404,0.6523016095161438,0.9327628016471863,0.6570292711257935,0.8678864240646362,0.6135274171829224,0.7387472987174988,0.5888670086860657,0.6546681523323059,0.5702396631240845,0.5861137509346008,0.7245795130729675,0.8371831178665161,0.7040646076202393,0.6770903468132019,0.6918699741363525,0.5721104145050049,0.6832838654518127,0.4883233606815338,0.7897319197654724,0.8430292010307312,0.7895085215568542,0.6883730292320251,0.7884162664413452,0.5890480279922485,0.7867666482925415,0.5085768103599548,0.8491758108139038,0.8775291442871094,0.8737345933914185,0.7636278867721558,0.8877822160720825,0.6865933537483215,0.8976597785949707,0.6183295249938965,open
0.7884017825126648,1.0925891399383545,0.6930891871452332,1.0669240951538086,0.6127924919128418,1.0156804323196411,0.5419045686721802,0.9870165586471558,0.48143282532691956,0.9803435206413269,0.644071102142334,0.8336189389228821,0.5968007445335388,0.7023196220397949,0.5724654197692871,0.6198333501815796,0.5549100637435913,0.5547251105308533,0.706170380115509,0.8041820526123047,0.6870745420455933,0.6399631500244141,0.6771913170814514,0.5376558303833008,0.6730554103851318,0.45857635140419006,0.7711295485496521,0.8052349090576172,0.7669252157211304,0.6494985818862915,0.7639337182044983,0.553485095500946,0.7626957297325134,0.4760497808456421,0.8340998888015747,0.8279033303260803,0.8564361929893494,0.71296626329422,0.8689731955528259,0.6399388313293457,0.8773254752159119,0.5744615793228149,open
0.7889088988304138,1.0726399421691895,0.6926196217536926,1.0557281970977783,0.6015974879264832,1.002050518989563,0.5301364660263062,0.9702448844909668,0.46985897421836853,0.9577111601829529,0.6364774107933044,0.803732693195343,0.5911287069320679,0.6742823123931885,0.5665256977081299,0.5955899953842163,0.5495872497558594,0.5322937369346619,0.6978353261947632,0.7707175612449646,0.6767905950546265,0.6100901365280151,0.6655101776123047,0.5126551389694214,0.6582962274551392,0.4377313554286957,0.7604958415031433,0.7691613435745239,0.7553787231445312,0.6184951663017273,0.7522404193878174,0.5280676484107971,0.7471110820770264,0.4523395597934723,0.8202225565910339,0.7909831404685974,0.8397325873374939,0.6805542707443237,0.8515498638153076,0.6096938848495483,0.8594557642936707,0.5454787015914917,open
0.7764120697975159,1.0462080240249634,0.685702383518219,1.0258256196975708,0.5997269153594971,0.9735745787620544,0.527262806892395,0.9401019811630249,0.4656185507774353,0.9314717054367065,0.630190372467041,0.7721376419067383,0.5831120610237122,0.6470712423324585,0.5586369037628174,0.5714940428733826,0.5420674085617065,0.5100364685058594,0.6918632984161377,0.7382901906967163,0.6689291000366211,0.5827702879905701,0.6565142273902893,0.49045437574386597,0.6475649476051331,0.42115914821624756,0.7536945939064026,0.7369964122772217,0.7475427985191345,0.5918518304824829,0.743310272693634,0.5057333707809448,0.7366943955421448,0.4355696737766266,0.8123515844345093,0.7592565417289734,0.8315974473953247,0.6507543325424194,0.8427510857582092,0.5821532011032104,0.8497060537338257,0.5212671756744385,open
0.7664089202880859,0.9901063442230225,0.6831063628196716,0.9850762486457825,0.5986403226852417,0.9492197036743164,0.5281216502189636,0.9255880117416382,0.465914249420166,0.9147806167602539,0.6260979771614075,0.7459368705749512,0.5800416469573975,0.6319990158081055,0.5547027587890625,0.5628311634063721,0.5373579263687134,0.5019692182540894,0.6848728060722351,0.7117230296134949,0.6594648361206055,0.569156289100647,0.6461883783340454,0.48219558596611023,0.6376171708106995,0.4116564393043518,0.7452803254127502,0.7116093635559082,0.740083634853363,0.5757285952568054,0.7353771328926086,0.49408116936683655,0.7289702892303467,0.4226962625980377,0.8041371703147888,0.7371572256088257,0.8217300772666931,0.6326728463172913,0.8307501673698425,0.5655826330184937,0.8356968760490417,0.5021602511405945,open
0.7745295763015747,0.9775663614273071,0.6844947338104248,0.977321982383728,0.5980443358421326,0.935490608215332,0.5296943187713623,0.9038761258125305,0.4688403606414795,0.8959986567497253,0.6254269480705261,0.7255378365516663,0.5781813859939575,0.6175225377082825,0.5535265803337097,0.550635814666748,0.5358219146728516,0.491105854511261,0.6832374334335327,0.6903964281082153,0.6576609015464783,0.5526211857795715,0.6431740522384644,0.4687538146972656,0.6330769658088684,0.39887234568595886,0.7428122758865356,0.6899065375328064,0.7367642521858215,0.5576308369636536,0.7309825420379639,0.4769265651702881,0.7241010665893555,0.4049156606197357,0.8013656139373779,0.7155659198760986,0.8185428380966187,0.6136989593505859,0.8266106247901917,0.5461339354515076,0.8313208818435669,0.48099756240844727,open
0.77956223487854,0.9666116833686829,0.6862456202507019,0.9688999652862549,0.5969761610031128,0.9230060577392578,0.5307190418243408,0.8871400356292725,0.4726264476776123,0.8774060606956482,0.6258890628814697,0.7108260989189148,0.5783865451812744,0.6015677452087402,0.551735520362854,0.5354222059249878,0.5307549834251404,0.4774785041809082,0.6836092472076416,0.6763138175010681,0.6563606858253479,0.5393427610397339,0.6412343382835388,0.45567891001701355,0.6308310627937317,0.3863624334335327,0.7428783178329468,0.6754331588745117,0.735335648059845,0.5434930324554443,0.729361891746521,0.4634140431880951,0.722656786441803,0.3923077881336212,0.8012382984161377,0.7002213001251221,0.8168476819992065,0.5981505513191223,0.8240576982498169,0.5309445858001709,0.8279966115951538,0.46603378653526306,open
0.781975269317627,0.9542437195777893,0.6879173517227173,0.9549670219421387,0.5983276963233948,0.9080547094345093,0.534119725227356,0.8726197481155396,0.4792441725730896,0.865166425704956,0.6264907717704773,0.6960355043411255,0.58033287525177,0.5883381366729736,0.554288923740387,0.523049533367157,0.5331302881240845,0.46661949157714844,0.6833212375640869,0.6610755920410156,0.6556247472763062,0.5258080363273621,0.6405521631240845,0.4441741108894348,0.6293731927871704,0.3773343861103058,0.7419537901878357,0.6595650911331177,0.7335213422775269,0.5292770266532898,0.7273330688476562,0.4500659704208374,0.7201179265975952,0.38029545545578003,0.8000792264938354,0.6836897134780884,0.8155468702316284,0.5822920799255371,0.8224462270736694,0.515397310256958,0.8261284828186035,0.45115119218826294,open
0.7814195156097412,0.9441409111022949,0.6883842349052429,0.9447306990623474,0.5981653928756714,0.896597146987915,0.5331119894981384,0.8607467412948608,0.4776868224143982,0.8530084490776062,0.6271611452102661,0.6861702799797058,0.5820639133453369,0.5800720453262329,0.5560615062713623,0.5162739157676697,0.5347403883934021,0.4617863595485687,0.6832937002182007,0.6506272554397583,0.6563451886177063,0.5160739421844482,0.6410899758338928,0.4354848861694336,0.6295936107635498,0.3707944452762604,0.7415079474449158,0.6478803157806396,0.7326001524925232,0.5184624791145325,0.7267299294471741,0.44037532806396484,0.7199157476425171,0.37234601378440857,0.7992638349533081,0.6706244945526123,0.8139452338218689,0.5700031518936157,0.8207781910896301,0.5041825771331787,0.8246427178382874,0.4418299198150635,open
0.7822771668434143,0.9307848215103149,0.6899201273918152,0.930923581123352,0.6009328365325928,0.885996401309967,0.535304844379425,0.8539816737174988,0.4789748191833496,0.8461822271347046,0.6269187927246094,0.6780104041099548,0.5822713971138,0.5755618810653687,0.557247519493103,0.513765811920166,0.5370992422103882,0.4600642919540405,0.6818907856941223,0.6409832835197449,0.6546151638031006,0.5086703896522522,0.6398671865463257,0.4293992817401886,0.6291430592536926,0.3653242886066437,0.7398886680603027,0.6369789838790894,0.7305423617362976,0.509877622127533,0.7242975234985352,0.4332007169723511,0.7169608473777771,0.36668047308921814,0.7983384132385254,0.6585941314697266,0.8122868537902832,0.5593700408935547,0.8186009526252747,0.49503210186958313,0.821824848651886,0.434585839509964,open
0.7819074988365173,0.9193627834320068,0.6907764673233032,0.9205875396728516,0.601921558380127,0.8772369027137756,0.5351630449295044,0.8459296226501465,0.4789445400238037,0.8384426236152649,0.6277142763137817,0.6683952808380127,0.5819872617721558,0.5666340589523315,0.5559309124946594,0.5051471590995789,0.5346747040748596,0.4517586827278137,0.6822593212127686,0.6312347650527954,0.6544510126113892,0.5013951063156128,0.6389784216880798,0.4237405061721802,0.6271768808364868,0.3611670434474945,0.739781379699707,0.6271383166313171,0.7306470274925232,0.5015250444412231,0.7243353128433228,0.42622846364974976,0.7164992690086365,0.360504150390625,0.7975528836250305,0.6487918496131897,0.812035858631134,0.55061274766922,0.8183285593986511,0.48643767833709717,0.8214735984802246,0.42546457052230835,open
0.7794594168663025,0.913232684135437,0.6890255808830261,0.9123141765594482,0.6017684936523438,0.8675052523612976,0.5347859263420105,0.8361488580703735,0.47859394550323486,0.8309711813926697,0.6271025538444519,0.6601282954216003,0.5817914605140686,0.5599307417869568,0.5561659336090088,0.49957096576690674,0.5356190204620361,0.4468255043029785,0.6817606687545776,0.6227918863296509,0.6535095572471619,0.4943215548992157,0.6376791000366211,0.41619962453842163,0.6260209083557129,0.3535035252571106,0.7396494150161743,0.6184033751487732,0.7297397255897522,0.4941610097885132,0.7232702374458313,0.4202686846256256,0.7155793309211731,0.35624468326568604,0.7977182269096375,0.6396211385726929,0.8124023675918579,0.542142927646637,0.8190498352050781,0.4778701364994049,0.8227611780166626,0.4169010519981384,open
0.7814270853996277,0.9034553170204163,0.6892242431640625,0.9039082527160645,0.6009231805801392,0.858308732509613,0.5331838130950928,0.8260758519172668,0.47631222009658813,0.8229398131370544,0.6282652616500854,0.6547242403030396,0.5825697183609009,0.5553241968154907,0.5576033592224121,0.4952995181083679,0.538335382938385,0.4420466125011444,0.6831062436103821,0.6169562935829163,0.6540316939353943,0.48843884468078613,0.6380088329315186,0.4095746576786041,0.6266642212867737,0.34544631838798523,0.7409483194351196,0.6121988296508789,0.7305411100387573,0.48722073435783386,0.7243359684944153,0.4133501648902893,0.7169862389564514,0.3492392599582672,0.798835277557373,0.6325254440307617,0.8134522438049316,0.5349922180175781,0.8201306462287903,0.4711190462112427,0.8238864541053772,0.4101807177066803,open
0.7839230895042419,0.8997842669487,0.6918409466743469,0.9018614292144775,0.6027113199234009,0.8567720651626587,0.5342958569526672,0.8229328989982605,0.47611379623413086,0.8202832341194153,0.6293874979019165,0.6516823768615723,0.583500325679779,0.551895797252655,0.5578553676605225,0.4914866089820862,0.5377295613288879,0.4377221167087555,0.6837604641914368,0.6136569976806641,0.6548173427581787,0.48482730984687805,0.6385381817817688,0.40539026260375977,0.6271802186965942,0.3403381109237671,0.7412028312683105,0.6083600521087646,0.7311693429946899,0.4845752418041229,0.7251671552658081,0.41092509031295776,0.7181856632232666,0.346953421831131,0.7988575100898743,0.6278769373893738,0.813520610332489,0.5310903787612915,0.820888876914978,0.46709612011909485,0.8254285454750061,0.40602877736091614,open
0.784850001335144,0.8941483497619629,0.6931388974189758,0.8980425596237183,0.603361964225769,0.8535778522491455,0.5349993705749512,0.8200454711914062,0.4771830439567566,0.8183117508888245,0.6295726895332336,0.6483048796653748,0.5835975408554077,0.5487100481987,0.5580328702926636,0.48784446716308594,0.5380154848098755,0.433782160282135,0.6839787364006042,0.6106715798377991,0.6543042659759521,0.4828105568885803,0.637854814529419,0.40385618805885315,0.6266081929206848,0.33886492252349854,0.7415854930877686,0.6053963303565979,0.7310494780540466,0.4825608432292938,0.72479248046875,0.40924322605133057,0.717947244644165,0.3453434109687805,0.7994183301925659,0.6249082088470459,0.8137165307998657,0.5293015837669373,0.821112871170044,0.46549272537231445,0.825901448726654,0.4044789969921112,open
0.7840606570243835,0.8924370408058167,0.6922478079795837,0.8968855142593384,0.6035786271095276,0.8516949415206909,0.5359423160552979,0.8173061609268188,0.47781050205230713,0.8152288794517517,0.6287229657173157,0.6450525522232056,0.5830227136611938,0.5461886525154114,0.5578042268753052,0.48633188009262085,0.5380713939666748,0.43322592973709106,0.6832113265991211,0.6071212887763977,0.6539999842643738,0.4797464609146118,0.6375468373298645,0.40098461508750916,0.6261368989944458,0.33634233474731445,0.7409018278121948,0.6017976999282837,0.730860710144043,0.47971194982528687,0.7242481112480164,0.4072049856185913,0.7168681025505066,0.34410250186920166,0.7988536357879639,0.621254026889801,0.8137160539627075,0.5257617831230164,0.8212746381759644,0.4624437689781189,0.8259421586990356,0.40192773938179016,open
0.7839231491088867,0.8865856528282166,0.6924170255661011,0.8914239406585693,0.6040536165237427,0.8484404683113098,0.5358292460441589,0.8146085739135742,0.47769027948379517,0.8108490705490112,0.6295650005340576,0.6435211896896362,0.5832232236862183,0.544608473777771,0.558455765247345,0.48437386751174927,0.5394273400306702,0.4308936297893524,0.6837851405143738,0.6054584980010986,0.654300332069397,0.4778442978858948,0.6376659870147705,0.39924541115760803,0.6262013912200928,0.33510929346084595,0.7409966588020325,0.5996622443199158,0.7310826182365417,0.478191614151001,0.7244201898574829,0.4054889380931854,0.71702641248703,0.3424099087715149,0.7988306283950806,0.6183637380599976,0.8133713603019714,0.5228940844535828,0.8205417990684509,0.45982974767684937,0.8247010707855225,0.39947667717933655,open
0.7841311693191528,0.8858126997947693,0.6938982009887695,0.8892570734024048,0.6055502891540527,0.8454447984695435,0.5373505353927612,0.8124600648880005,0.479022741317749,0.8099262118339539,0.6300207376480103,0.6407138109207153,0.5838236212730408,0.5430253148078918,0.5586826205253601,0.48282191157341003,0.5391254425048828,0.42897939682006836,0.6838697195053101,0.6023987531661987,0.6541398763656616,0.4762040376663208,0.6374284029006958,0.3978705406188965,0.6257761716842651,0.33324792981147766,0.741113007068634,0.5965442657470703,0.730985701084137,0.4763672947883606,0.7239473462104797,0.40347352623939514,0.7161899209022522,0.33983922004699707,0.7991625070571899,0.6155180931091309,0.8135883808135986,0.5210652351379395,0.8206201195716858,0.4579083025455475,0.8246141076087952,0.3973315358161926,open
0.7858006954193115,0.8825620412826538,0.6948193311691284,0.8869260549545288,0.6065566539764404,0.8431205749511719,0.5385308265686035,0.8104383945465088,0.4800187647342682,0.8084833025932312,0.6309771537780762,0.6377754211425781,0.585679829120636,0.5401727557182312,0.5609952211380005,0.4809347987174988,0.5413202047348022,0.4281865358352661,0.6849003434181213,0.5999951958656311,0.6552331447601318,0.47362738847732544,0.6384514570236206,0.3950749933719635,0.6266998648643494,0.33005809783935547,0.7423602342605591,0.594739556312561,0.7320201396942139,0.4749261736869812,0.7253203988075256,0.4020293056964874,0.7178850173950195,0.3379981219768524,0.8004273772239685,0.6140701770782471,0.8144314289093018,0.519528865814209,0.8218011260032654,0.4564870595932007,0.8262534141540527,0.39568600058555603,open
0.7869014739990234,0.8825230598449707,0.6960388422012329,0.8872223496437073,0.6068394780158997,0.8413633108139038,0.5381573438644409,0.8072700500488281,0.47952204942703247,0.8053122758865356,0.6325995326042175,0.636172354221344,0.5866409540176392,0.5389580130577087,0.5615597367286682,0.4796100854873657,0.5416690111160278,0.42676106095314026,0.6864821910858154,0.5979108214378357,0.6566625237464905,0.47150495648384094,0.6398808360099792,0.39265355467796326,0.627997875213623,0.3271394968032837,0.7436399459838867,0.5921916365623474,0.7330483198165894,0.4728415012359619,0.7261109352111816,0.40009447932243347,0.7182583212852478,0.33587899804115295,0.8013931512832642,0.6112182140350342,0.8151589035987854,0.5174614191055298,0.8228628039360046,0.4548439383506775,0.8274673223495483,0.3942817449569702,open
0.7874420285224915,0.880801796913147,0.6958763599395752,0.8859883546829224,0.6074574589729309,0.840383768081665,0.5396704077720642,0.8056034445762634,0.4814998209476471,0.8034395575523376,0.6335793733596802,0.6347548961639404,0.5869768857955933,0.5376946330070496,0.5621656179428101,0.4775809943675995,0.5429625511169434,0.42373159527778625,0.6879019737243652,0.5964590311050415,0.658386766910553,0.4702705144882202,0.6413082480430603,0.3918731212615967,0.6292280554771423,0.3266961872577667,0.7451692819595337,0.5908598303794861,0.7343733310699463,0.4709259271621704,0.7272171378135681,0.397869348526001,0.7194243669509888,0.33336758613586426,0.8028188943862915,0.6101740598678589,0.8167930245399475,0.5158075094223022,0.8247213363647461,0.45295774936676025,0.8297958970069885,0.3922065198421478,open
0.7881007790565491,0.878292441368103,0.6970646977424622,0.8848924040794373,0.6074467301368713,0.8395317196846008,0.5384693145751953,0.8040893077850342,0.48013055324554443,0.8017893433570862,0.635013222694397,0.6332618594169617,0.5879579782485962,0.5374974012374878,0.5630125403404236,0.4775075912475586,0.5442026853561401,0.423220157623291,0.6888617873191833,0.5947412848472595,0.6591033339500427,0.46902620792388916,0.6417582631111145,0.39101800322532654,0.6296082735061646,0.32603615522384644,0.7457581758499146,0.5890469551086426,0.7357192635536194,0.46863090991973877,0.7284111380577087,0.39550676941871643,0.7203218340873718,0.33124375343322754,0.8032048940658569,0.6081877946853638,0.8175283670425415,0.5134949088096619,0.8248279094696045,0.4504420757293701,0.8288522958755493,0.3897669017314911,open
0.787735104560852,0.8793861269950867,0.697854220867157,0.8840481042861938,0.6083754301071167,0.8378851413726807,0.5391656756401062,0.80278480052948,0.48062658309936523,0.8003394603729248,0.6357153654098511,0.6323977112770081,0.5887234807014465,0.5358534455299377,0.563412070274353,0.47572851181030273,0.5439980030059814,0.4216718077659607,0.689705491065979,0.5941877961158752,0.6601552963256836,0.4678455591201782,0.6433230638504028,0.38977763056755066,0.6318143606185913,0.3250316083431244,0.7466707825660706,0.5883926749229431,0.7361425757408142,0.46759921312332153,0.7290607690811157,0.3941520154476166,0.7215278148651123,0.3296273350715637,0.8040551543235779,0.6072041392326355,0.8180719614028931,0.5126707553863525,0.8259625434875488,0.44958770275115967,0.8308513164520264,0.3889734148979187,open
0.789375364780426,0.8760921359062195,0.6991884708404541,0.8814605474472046,0.6099767088890076,0.8363645076751709,0.5411743521690369,0.8018153309822083,0.48319679498672485,0.7986284494400024,0.6355214715003967,0.6298381090164185,0.5889750719070435,0.5329037308692932,0.5640868544578552,0.4731268584728241,0.5452082753181458,0.41946667432785034,0.6896123290061951,0.5920981168746948,0.6604949831962585,0.4661487340927124,0.6439443826675415,0.388174831867218,0.6327572464942932,0.32344916462898254,0.7466054558753967,0.5868167877197266,0.737075924873352,0.4665047228336334,0.7308781147003174,0.39418160915374756,0.7239943146705627,0.3306840658187866,0.8040016293525696,0.6061930656433105,0.8185901045799255,0.511494517326355,0.8264886736869812,0.4489098787307739,0.8313525319099426,0.3886353075504303,open
0.7882546186447144,0.8744354248046875,0.6980773210525513,0.8815256357192993,0.608609139919281,0.8366694450378418,0.5395323634147644,0.8014823198318481,0.481567919254303,0.7993636131286621,0.6353821754455566,0.6300533413887024,0.5887009501457214,0.5337496399879456,0.5637363195419312,0.4738761782646179,0.5449537634849548,0.4201134145259857,0.6895014643669128,0.5919543504714966,0.6602528691291809,0.466357558965683,0.6433898210525513,0.38836416602134705,0.63204026222229,0.3233290910720825,0.7464321851730347,0.5860708951950073,0.7368142008781433,0.4660907983779907,0.7299213409423828,0.3938409388065338,0.7225368618965149,0.330039381980896,0.8039341568946838,0.6048151254653931,0.8183251023292542,0.5106102228164673,0.8263541460037231,0.4481200575828552,0.8312143087387085,0.3879487216472626,open
0.7895055413246155,0.8734320402145386,0.6994434595108032,0.8812144994735718,0.6096908450126648,0.8373287320137024,0.54053795337677,0.8018631935119629,0.4821573495864868,0.7984065413475037,0.6353814005851746,0.6311241984367371,0.5884729623794556,0.5343630909919739,0.5631633400917053,0.474179744720459,0.5437945127487183,0.42004767060279846,0.6897149085998535,0.5927300453186035,0.6603960394859314,0.4667625427246094,0.6437044739723206,0.38862866163253784,0.6324737668037415,0.32359352707862854,0.7468397617340088,0.5866224765777588,0.7370474934577942,0.4669528901576996,0.7297939658164978,0.39430710673332214,0.7221328020095825,0.33018043637275696,0.804578423500061,0.6049187779426575,0.8187128305435181,0.5104859471321106,0.8266549706459045,0.4479384422302246,0.8314346075057983,0.38766688108444214,open
0.7896037101745605,0.873306393623352,0.6993608474731445,0.8815546035766602,0.608539342880249,0.8372184038162231,0.5389211773872375,0.8016666769981384,0.4807625412940979,0.799035370349884,0.6352002620697021,0.6307462453842163,0.5882916450500488,0.5341185331344604,0.5630237460136414,0.47415900230407715,0.5435590147972107,0.42048364877700806,0.6895287036895752,0.5922645330429077,0.6603241562843323,0.4662064015865326,0.6434130072593689,0.3883685767650604,0.6317415833473206,0.32361358404159546,0.7465640306472778,0.5859774351119995,0.73652583360672,0.46642839908599854,0.7291063666343689,0.3941417336463928,0.7212583422660828,0.3304239809513092,0.8041746020317078,0.6041624546051025,0.8186917901039124,0.5096861124038696,0.8270927667617798,0.4472382664680481,0.8323016166687012,0.3872528374195099,open
0.788875162601471,0.8739057779312134,0.698747456073761,0.8815407156944275,0.6084046363830566,0.8366042971611023,0.5393617153167725,0.8018445372581482,0.4819346070289612,0.7996659874916077,0.6355032324790955,0.6297523975372314,0.5886954665184021,0.5332971215248108,0.5637058019638062,0.4732683598995209,0.5446377992630005,0.4195781946182251,0.6894342303276062,0.5910456776618958,0.6600697636604309,0.46502405405044556,0.6429187655448914,0.3872598707675934,0.631218671798706,0.32306721806526184,0.7461825609207153,0.5847256779670715,0.7367135882377625,0.46521979570388794,0.7293570041656494,0.3934372067451477,0.721691370010376,0.33021077513694763,0.8034555315971375,0.6030349731445312,0.8183609247207642,0.5087133646011353,0.8266270756721497,0.4462273418903351,0.8319025635719299,0.38612285256385803,open
0.7889583706855774,0.873060941696167,0.6987104415893555,0.880811333656311,0.6089046597480774,0.8365731239318848,0.5396372675895691,0.8016373515129089,0.4815760850906372,0.7975759506225586,0.6351759433746338,0.629798948764801,0.588133692741394,0.5332844257354736,0.5631237030029297,0.4734606146812439,0.5441662073135376,0.4199281334877014,0.689249575138092,0.5910108685493469,0.6600635051727295,0.46468329429626465,0.6431164741516113,0.3867243528366089,0.6316800117492676,0.3227103352546692,0.7461426854133606,0.5848256349563599,0.7366914749145508,0.4648193418979645,0.7292739152908325,0.3925085663795471,0.7215603590011597,0.32896876335144043,0.8037058711051941,0.6033694744110107,0.8186517953872681,0.5088016390800476,0.8266739845275879,0.4462233781814575,0.8315192461013794,0.38610634207725525,open
0.7877523303031921,0.8736475110054016,0.6977197527885437,0.8805591464042664,0.6083391308784485,0.8359673023223877,0.5396803021430969,0.8007230162620544,0.48175549507141113,0.796468198299408,0.6343613266944885,0.6300452947616577,0.587602972984314,0.533396303653717,0.5626366138458252,0.4734203815460205,0.5437358617782593,0.4194810390472412,0.6889333724975586,0.5914015173912048,0.6599206924438477,0.46493279933929443,0.6429108381271362,0.3865182101726532,0.6313075423240662,0.3216141164302826,0.7461205720901489,0.5852528810501099,0.7371557950973511,0.46571460366249084,0.7297244071960449,0.39328306913375854,0.7218523621559143,0.3293931484222412,0.8037376403808594,0.603696346282959,0.8190313577651978,0.5092626810073853,0.8275019526481628,0.44636908173561096,0.8326412439346313,0.3857666552066803,open
0.7874184250831604,0.87265944480896,0.6975787878036499,0.880046546459198,0.6082563400268555,0.8350454568862915,0.5395937561988831,0.7993373274803162,0.4815751016139984,0.7955412268638611,0.634222686290741,0.6294169425964355,0.5875279903411865,0.5330247282981873,0.5622026324272156,0.4728074073791504,0.5429060459136963,0.41895967721939087,0.6888072490692139,0.5905202627182007,0.6600831747055054,0.46393388509750366,0.6433413028717041,0.3851739466190338,0.6321133971214294,0.3200069069862366,0.7460342049598694,0.5844703912734985,0.7369350790977478,0.464050829410553,0.7298524379730225,0.39128950238227844,0.7223755121231079,0.32711201906204224,0.8036757707595825,0.6035155653953552,0.8189202547073364,0.5091270208358765,0.8277165293693542,0.4463050365447998,0.833221435546875,0.3857351839542389,open
0.787403404712677,0.8718725442886353,0.6973221302032471,0.8785865306854248,0.6079286336898804,0.8328573703765869,0.5400532484054565,0.7970048189163208,0.4825356900691986,0.7943891882896423,0.6343645453453064,0.6274787187576294,0.5873329639434814,0.5313541293144226,0.562042772769928,0.47129976749420166,0.5427783131599426,0.41716456413269043,0.6890609860420227,0.5888773202896118,0.6601676344871521,0.4625905156135559,0.6433281898498535,0.38397178053855896,0.6318752765655518,0.31843259930610657,0.7463289499282837,0.5832510590553284,0.7374534010887146,0.4630550146102905,0.7304571866989136,0.38999688625335693,0.7229719758033752,0.32536953687667847,0.8039564490318298,0.6027230620384216,0.8193069696426392,0.5085107088088989,0.8281053304672241,0.4457828104496002,0.8336066007614136,0.3851349949836731,open
0.7873489260673523,0.8696260452270508,0.6971641182899475,0.8769002556800842,0.607901930809021,0.8314558267593384,0.5394992232322693,0.794581949710846,0.48150551319122314,0.7900010347366333,0.6345106363296509,0.6266947984695435,0.5876394510269165,0.5303009748458862,0.5627393126487732,0.4702249765396118,0.5440483689308167,0.416314959526062,0.6893385648727417,0.588082492351532,0.6604243516921997,0.46142059564590454,0.6439878344535828,0.38238710165023804,0.6331750750541687,0.3169003129005432,0.7466738820075989,0.5822299718856812,0.7374758124351501,0.4619828164577484,0.7308425903320312,0.38923150300979614,0.7237839102745056,0.3250639736652374,0.8043120503425598,0.6011140942573547,0.8192917704582214,0.5066507458686829,0.828198254108429,0.44446882605552673,0.833814263343811,0.38459816575050354,open
0.785882830619812,0.8687945604324341,0.696671187877655,0.8760899305343628,0.6081916093826294,0.8303050994873047,0.5403509736061096,0.792655348777771,0.4826182723045349,0.7869035601615906,0.634149968624115,0.6260671615600586,0.5877301692962646,0.5295379757881165,0.5629987716674805,0.4692111909389496,0.544373095035553,0.41500937938690186,0.6889962553977966,0.5875942707061768,0.6606939435005188,0.4601988196372986,0.6444662809371948,0.38110655546188354,0.6337424516677856,0.3157877027988434,0.7462555766105652,0.5820043087005615,0.7370468974113464,0.46119827032089233,0.7302517294883728,0.3884337246417999,0.722981870174408,0.323942631483078,0.8039867877960205,0.6013568639755249,0.8196526765823364,0.5068054795265198,0.828910231590271,0.44439035654067993,0.8346577286720276,0.3840875029563904,open
0.785571277141571,0.8672903776168823,0.6960843801498413,0.8758189082145691,0.6071944236755371,0.8294318318367004,0.538780927658081,0.7911058664321899,0.48016682267189026,0.7877490520477295,0.6343907117843628,0.6259149312973022,0.5882664322853088,0.5293384790420532,0.5637316703796387,0.46844637393951416,0.5455701351165771,0.4138237237930298,0.6894205212593079,0.5873184204101562,0.6609944701194763,0.4605470597743988,0.6448825001716614,0.38149333000183105,0.6345424652099609,0.3162899613380432,0.7466661930084229,0.5814560055732727,0.7377172112464905,0.4604760408401489,0.7309920787811279,0.38734033703804016,0.7239195704460144,0.32276907563209534,0.8041262626647949,0.6004570126533508,0.8202090263366699,0.506286084651947,0.8294588327407837,0.4438614547252655,0.8351185321807861,0.3836946189403534,open
0.7858208417892456,0.8682142496109009,0.6964576840400696,0.8752957582473755,0.6078922152519226,0.8282952904701233,0.5394283533096313,0.7901058197021484,0.48101645708084106,0.7873649597167969,0.6354642510414124,0.6252374053001404,0.5890533924102783,0.528221607208252,0.5643192529678345,0.4670344591140747,0.5459188222885132,0.41210848093032837,0.6902770400047302,0.5865309238433838,0.6612093448638916,0.4597550630569458,0.6449176669120789,0.38061338663101196,0.634351909160614,0.31510210037231445,0.7474547624588013,0.5806162357330322,0.7382097244262695,0.4594171643257141,0.7316743731498718,0.38667261600494385,0.7246902585029602,0.3223762810230255,0.8051156401634216,0.5996823906898499,0.8216469287872314,0.5060174465179443,0.8310142755508423,0.4436890184879303,0.8367941379547119,0.383513867855072,open
0.786865234375,0.8691723346710205,0.6979348063468933,0.8750267028808594,0.6100084781646729,0.8278598785400391,0.540953516960144,0.7899014949798584,0.4812677502632141,0.7875339984893799,0.6373810768127441,0.6244847774505615,0.5908287763595581,0.5263716578483582,0.5651512145996094,0.4649208188056946,0.545366644859314,0.40946030616760254,0.692435085773468,0.5866771340370178,0.6636796593666077,0.46000146865844727,0.6469024419784546,0.3805959224700928,0.6353977918624878,0.31437504291534424,0.7496905326843262,0.5815500617027283,0.7410281300544739,0.4609626531600952,0.7345430850982666,0.38818976283073425,0.7271708846092224,0.32327747344970703,0.8070023059844971,0.6013492345809937,0.824188232421875,0.5075926184654236,0.834304690361023,0.44523271918296814,0.8405439853668213,0.3845198154449463,open
0.7887447476387024,0.8683484196662903,0.6984919309616089,0.8756241202354431,0.6099045276641846,0.8288893103599548,0.54095458984375,0.7915527820587158,0.4813253879547119,0.7891625165939331,0.6394272446632385,0.6240659356117249,0.5925941467285156,0.5258340835571289,0.5669047832489014,0.4636213779449463,0.5474279522895813,0.40789157152175903,0.6943249106407166,0.5863253474235535,0.6658092737197876,0.4590362310409546,0.6497809886932373,0.37909096479415894,0.6394758820533752,0.3128121495246887,0.7512949705123901,0.5816785097122192,0.7423809766769409,0.46025538444519043,0.73619145154953,0.386818528175354,0.7296557426452637,0.32129234075546265,0.8084894418716431,0.6022429466247559,0.8266724944114685,0.5091402530670166,0.8370721936225891,0.4464999735355377,0.8434990048408508,0.3853279948234558,open
0.7910795211791992,0.870465874671936,0.7006262540817261,0.8766739368438721,0.612050473690033,0.8293765187263489,0.5425522327423096,0.790805459022522,0.4824332594871521,0.7876169085502625,0.6413741111755371,0.6245353817939758,0.5939362049102783,0.5257608890533447,0.568070113658905,0.46287858486175537,0.5486635565757751,0.40690648555755615,0.6964699625968933,0.5865921378135681,0.6677911877632141,0.4585782289505005,0.651236891746521,0.37811923027038574,0.640309751033783,0.3116423487663269,0.7536191940307617,0.5819136500358582,0.7449507117271423,0.46027761697769165,0.7381891012191772,0.3867568075656891,0.7309998869895935,0.3213755488395691,0.8108683824539185,0.6025047898292542,0.8295670747756958,0.5089588165283203,0.8401581048965454,0.44631367921829224,0.8467874526977539,0.38510796427726746,open
0.7915261387825012,0.8725146055221558,0.7016018629074097,0.8777051568031311,0.6129522919654846,0.829494833946228,0.5433976650238037,0.7907807230949402,0.4834931790828705,0.788231372833252,0.6429082155227661,0.6253307461738586,0.5962851047515869,0.5272772908210754,0.5702605843544006,0.464921236038208,0.550324022769928,0.40984171628952026,0.698045015335083,0.5873792171478271,0.6707497835159302,0.45806145668029785,0.6548917293548584,0.37714719772338867,0.6443803906440735,0.31090202927589417,0.755085289478302,0.58296799659729,0.7480489611625671,0.45972391963005066,0.7418827414512634,0.38555458188056946,0.7350127696990967,0.31985825300216675,0.8121182918548584,0.6043844223022461,0.8325695991516113,0.5110577344894409,0.8437875509262085,0.4476628303527832,0.8508186340332031,0.3859555721282959,open
0.7932807207107544,0.8748692870140076,0.7028268575668335,0.8797105550765991,0.6144154667854309,0.8311688303947449,0.5448803901672363,0.7916735410690308,0.4847490191459656,0.7884155511856079,0.6445362567901611,0.6259546875953674,0.5972186326980591,0.5271356105804443,0.57075434923172,0.46426600217819214,0.5506421327590942,0.40861591696739197,0.7000501155853271,0.5878406167030334,0.672525942325592,0.45773136615753174,0.6569131016731262,0.3768361210823059,0.6467128992080688,0.3108554482460022,0.7573906779289246,0.5832938551902771,0.7492431402206421,0.4595443606376648,0.7435107827186584,0.3856933116912842,0.7372985482215881,0.3206551969051361,0.8146433234214783,0.6045640707015991,0.8344180583953857,0.510620653629303,0.8459612131118774,0.4474840760231018,0.8537360429763794,0.3863242566585541,open
0.7924865484237671,0.8763694763183594,0.7014123797416687,0.8804176449775696,0.6141055822372437,0.8332699537277222,0.5457592010498047,0.7952150106430054,0.48587971925735474,0.7905818223953247,0.6445796489715576,0.6272232532501221,0.5981037616729736,0.527934193611145,0.5711325407028198,0.46530115604400635,0.5501512885093689,0.40976089239120483,0.7004798054695129,0.5895763039588928,0.6742388606071472,0.45937347412109375,0.658588707447052,0.37801411747932434,0.647742748260498,0.3111448585987091,0.7577986121177673,0.5859274864196777,0.7512762546539307,0.4620494246482849,0.7454215288162231,0.3875482380390167,0.7385644912719727,0.3214932978153229,0.8149453401565552,0.6085805892944336,0.836564838886261,0.5141746401786804,0.8483261466026306,0.4503541588783264,0.8558650612831116,0.3885605037212372,open
0.7931252121925354,0.878261387348175,0.7026711702346802,0.8827576637268066,0.6160207986831665,0.8359556198120117,0.5470947623252869,0.7990778088569641,0.48564422130584717,0.7955211400985718,0.6449810266494751,0.6272887587547302,0.5983744859695435,0.528197705745697,0.5712746381759644,0.4658524692058563,0.5500743389129639,0.4105229675769806,0.7010627388954163,0.5903906226158142,0.6747878789901733,0.46002182364463806,0.6594089269638062,0.37884360551834106,0.6488823294639587,0.31234970688819885,0.7586701512336731,0.5877111554145813,0.7514745593070984,0.46291279792785645,0.7458837032318115,0.38844677805900574,0.7391321063041687,0.32215580344200134,0.816137433052063,0.6112201809883118,0.8375918865203857,0.5159769058227539,0.8494546413421631,0.4517970681190491,0.8569058179855347,0.3894326388835907,open
0.7932554483413696,0.8797764182090759,0.7025747299194336,0.8855278491973877,0.6160157918930054,0.8383785486221313,0.5471357107162476,0.8000902533531189,0.4854970872402191,0.7965067028999329,0.6457421779632568,0.6299704909324646,0.5990952253341675,0.530188798904419,0.5717708468437195,0.46729201078414917,0.5504319667816162,0.41124340891838074,0.7019604444503784,0.5929158926010132,0.6755855083465576,0.4620155096054077,0.659911036491394,0.38023489713668823,0.6492135524749756,0.31264322996139526,0.7596721649169922,0.5901376605033875,0.7521413564682007,0.4648473858833313,0.7466029524803162,0.38977712392807007,0.7401496767997742,0.32263028621673584,0.817116379737854,0.6133090257644653,0.8381367325782776,0.5172414779663086,0.8501625061035156,0.45273691415786743,0.8579835891723633,0.3898150324821472,open
0.7935593724250793,0.879875659942627,0.703075110912323,0.8850032687187195,0.6159079074859619,0.8376634120941162,0.5467393398284912,0.7994248867034912,0.48543140292167664,0.7957010865211487,0.6461940407752991,0.6296523809432983,0.5992706418037415,0.5300180912017822,0.5719557404518127,0.46688979864120483,0.5509239435195923,0.4103291928768158,0.7022003531455994,0.5924635529518127,0.6759682297706604,0.4609558880329132,0.6602274179458618,0.3785208463668823,0.6495562791824341,0.31062188744544983,0.7598971128463745,0.5898632407188416,0.7528243064880371,0.4650643467903137,0.7469918131828308,0.38956424593925476,0.740376889705658,0.3223179578781128,0.8173746466636658,0.6133857369422913,0.8386507034301758,0.5172045230865479,0.8509503602981567,0.4525543451309204,0.8591302037239075,0.38986271619796753,open
0.7938039898872375,0.8802921772003174,0.7035990953445435,0.8849160671234131,0.6151337623596191,0.8355308771133423,0.5447252988815308,0.7960621118545532,0.48341041803359985,0.7932819128036499,0.6465920209884644,0.6301378607749939,0.599731981754303,0.5296327471733093,0.5725322961807251,0.466169536113739,0.5514336228370667,0.40949153900146484,0.7027236819267273,0.5931679606437683,0.6764197945594788,0.46083247661590576,0.6607534289360046,0.37809592485427856,0.6501492261886597,0.30977460741996765,0.7604350447654724,0.5905396342277527,0.7531948089599609,0.4652597904205322,0.7473758459091187,0.38936561346054077,0.7407552003860474,0.321856826543808,0.8178244829177856,0.613770067691803,0.8390300273895264,0.5177905559539795,0.8512619733810425,0.45305711030960083,0.859341025352478,0.3902354836463928,open
0.793677568435669,0.8801745176315308,0.7033576369285583,0.885165810585022,0.6150673031806946,0.8360023498535156,0.5447733402252197,0.7961972951889038,0.4833863377571106,0.7934309244155884,0.6462898850440979,0.6297892928123474,0.5995453596115112,0.5293329358100891,0.5725001692771912,0.46611493825912476,0.5513443350791931,0.4097352623939514,0.7025952339172363,0.5928985476493835,0.6762981414794922,0.4606703519821167,0.6606900095939636,0.3782653212547302,0.6500530242919922,0.31017059087753296,0.7603400349617004,0.5904669165611267,0.7532902956008911,0.4651331305503845,0.7475613355636597,0.38934066891670227,0.7409908771514893,0.3218049108982086,0.8177076578140259,0.6138508915901184,0.8389958143234253,0.5175532102584839,0.8512529730796814,0.4528370201587677,0.8593307733535767,0.3898410201072693,open
0.7920897006988525,0.8784136176109314,0.702248215675354,0.8812873363494873,0.612999677658081,0.831688642501831,0.5428075194358826,0.7918635606765747,0.48248228430747986,0.7885408401489258,0.6460117101669312,0.6273618936538696,0.5995621681213379,0.5273987650871277,0.572651743888855,0.4644709825515747,0.5519068241119385,0.40800875425338745,0.701970100402832,0.5901845097541809,0.6762269735336304,0.45796599984169006,0.6613290905952454,0.375204861164093,0.6516076922416687,0.30645477771759033,0.7595544457435608,0.5874277353286743,0.7527390718460083,0.46237391233444214,0.7477076053619385,0.3869137167930603,0.7420393824577332,0.3195688724517822,0.8170427083969116,0.6104485988616943,0.8387377262115479,0.5152750611305237,0.8513897657394409,0.4507722556591034,0.8601331114768982,0.38790571689605713,open
0.7914458513259888,0.8779106736183167,0.7015551924705505,0.8796579837799072,0.6133835315704346,0.8298858404159546,0.5437265634536743,0.7899874448776245,0.48346957564353943,0.785757839679718,0.6456590890884399,0.6258327960968018,0.5991417765617371,0.5256027579307556,0.5721408724784851,0.46253031492233276,0.551442563533783,0.40638118982315063,0.7016944885253906,0.5890761613845825,0.6756259799003601,0.4573900103569031,0.66038978099823,0.37525126338005066,0.6503888368606567,0.3073374927043915,0.7591416239738464,0.5863869190216064,0.7530755996704102,0.46092334389686584,0.7481525540351868,0.3855663537979126,0.7423864006996155,0.3185267746448517,0.8162123560905457,0.6092202663421631,0.8379748463630676,0.5137174129486084,0.8504956960678101,0.44926077127456665,0.8591824173927307,0.3865063190460205,open
0.7901191115379333,0.875815212726593,0.6999517679214478,0.8784348964691162,0.6128942966461182,0.8284364938735962,0.5446649789810181,0.7884758114814758,0.4847602844238281,0.7857999205589294,0.6453605890274048,0.62395179271698,0.5996050834655762,0.5243335962295532,0.5722588896751404,0.46188026666641235,0.5507464408874512,0.406801700592041,0.7011394500732422,0.5875486135482788,0.6758743524551392,0.45594707131385803,0.6607614159584045,0.3744264245033264,0.6505664587020874,0.30751994252204895,0.7581186294555664,0.5850131511688232,0.752560555934906,0.45904237031936646,0.7478734254837036,0.3837217092514038,0.7420698404312134,0.31716388463974,0.8145893812179565,0.6080777645111084,0.8369655609130859,0.5120128393173218,0.8495005965232849,0.4473690390586853,0.8580971956253052,0.3848622441291809,open
0.7918158173561096,0.8714998960494995,0.700829803943634,0.8769418001174927,0.6130179166793823,0.828197717666626,0.544780433177948,0.7888859510421753,0.4850355386734009,0.7855239510536194,0.6448633074760437,0.6236568689346313,0.59882652759552,0.52424156665802,0.5720716714859009,0.4617157578468323,0.5512662529945374,0.40690985321998596,0.7006587386131287,0.586677610874176,0.6752288341522217,0.45573675632476807,0.6599632501602173,0.37454524636268616,0.649885356426239,0.30826878547668457,0.7577711939811707,0.5834411382675171,0.7514812350273132,0.45843034982681274,0.7464418411254883,0.3836553990840912,0.7406229376792908,0.3174683153629303,0.8143908381462097,0.6057504415512085,0.836393415927887,0.5109702348709106,0.8487828969955444,0.4471427798271179,0.8573437929153442,0.3849569857120514,open
0.7914416193962097,0.8722519278526306,0.7006770968437195,0.8780498504638672,0.6123883724212646,0.8297198414802551,0.5446789264678955,0.789618730545044,0.4855313003063202,0.7856861352920532,0.6447069048881531,0.6247521638870239,0.5982469320297241,0.5250454545021057,0.5713662505149841,0.46239227056503296,0.5504329800605774,0.4072527289390564,0.7001613974571228,0.5869417190551758,0.6742936968803406,0.4555976986885071,0.6590855121612549,0.374055415391922,0.6488946676254272,0.3076670169830322,0.7569606900215149,0.5829624533653259,0.7506675124168396,0.4580836892127991,0.7454049587249756,0.382832795381546,0.7394100427627563,0.31647738814353943,0.8135202527046204,0.6050885915756226,0.8359867334365845,0.5103691816329956,0.8484227061271667,0.446178674697876,0.8568994998931885,0.38408786058425903,open
0.7902103662490845,0.8722724318504333,0.699973464012146,0.8770372867584229,0.6119893789291382,0.8285019397735596,0.5440442562103271,0.7894486784934998,0.48490163683891296,0.7863043546676636,0.6442599296569824,0.624477207660675,0.5981178879737854,0.5252739787101746,0.5714718699455261,0.46282267570495605,0.550700306892395,0.40784603357315063,0.6997413039207458,0.5868210792541504,0.6740449666976929,0.4554458260536194,0.6587459444999695,0.3735794723033905,0.6483240723609924,0.3069785237312317,0.7566143870353699,0.5828982591629028,0.7503882646560669,0.4582292139530182,0.7452393174171448,0.38299205899238586,0.7392310500144958,0.31669917702674866,0.8131880760192871,0.6050056219100952,0.8357473611831665,0.5102735757827759,0.8484348654747009,0.4460862874984741,0.8570908904075623,0.38416436314582825,open
0.7905628085136414,0.8719392418861389,0.7005308866500854,0.8767973780632019,0.6122490167617798,0.8282569050788879,0.5435782074928284,0.7892309427261353,0.4839150309562683,0.7863702774047852,0.6442165970802307,0.6243845820426941,0.5978212356567383,0.5250500440597534,0.5708655118942261,0.46259158849716187,0.5498983263969421,0.40757447481155396,0.6998717784881592,0.5867878794670105,0.6740108728408813,0.4555776119232178,0.6586887240409851,0.37379899621009827,0.6484941840171814,0.3071501851081848,0.7568883299827576,0.5831219553947449,0.7507577538490295,0.4584551453590393,0.7456376552581787,0.38327252864837646,0.7396867275238037,0.3169633150100708,0.8135116100311279,0.605211615562439,0.8356415033340454,0.5104202032089233,0.848120927810669,0.4461662173271179,0.8566046953201294,0.38403022289276123,open
0.7911392450332642,0.8731818795204163,0.7006208896636963,0.8782528042793274,0.6127042770385742,0.8297097682952881,0.5439258813858032,0.7911287546157837,0.48416608572006226,0.7865793704986572,0.6437820196151733,0.6249721646308899,0.5972779989242554,0.5259755253791809,0.5703933238983154,0.4636416435241699,0.5492820739746094,0.40896502137184143,0.6998026371002197,0.5872941017150879,0.6737899780273438,0.45614391565322876,0.6584416627883911,0.37437164783477783,0.6478930711746216,0.307948499917984,0.7569203972816467,0.5838198661804199,0.7503479719161987,0.45871445536613464,0.7452954053878784,0.3835617005825043,0.7390018701553345,0.3169296681880951,0.8135584592819214,0.6062919497489929,0.8357813954353333,0.5109832882881165,0.8483917713165283,0.44676661491394043,0.8566360473632812,0.38433119654655457,open
0.7896915078163147,0.8756411671638489,0.6988072991371155,0.8808291554450989,0.611056923866272,0.8324066400527954,0.5425583124160767,0.7937971353530884,0.4827193021774292,0.788837194442749,0.6430853009223938,0.6264580488204956,0.5970982909202576,0.5275861620903015,0.5707157850265503,0.46507927775382996,0.5501493811607361,0.41013890504837036,0.6992918848991394,0.5895237922668457,0.6739063858985901,0.4579329788684845,0.658562958240509,0.37586095929145813,0.6478347182273865,0.308838814496994,0.7564265727996826,0.5865879654884338,0.7502464056015015,0.46069419384002686,0.7451207637786865,0.3851138651371002,0.738830029964447,0.3178553283214569,0.8130905032157898,0.6096926331520081,0.835767388343811,0.5136148929595947,0.8486294746398926,0.44885051250457764,0.857058584690094,0.38595303893089294,open
0.7901161909103394,0.8752691149711609,0.7000446319580078,0.8799229264259338,0.6120007634162903,0.8314352631568909,0.5420593023300171,0.7930623888969421,0.48155099153518677,0.78957599401474,0.6434546709060669,0.6269903779029846,0.5974084138870239,0.5279516577720642,0.5710550546646118,0.46551528573036194,0.550445556640625,0.4104563593864441,0.699347972869873,0.5900222063064575,0.6737463474273682,0.4582214951515198,0.658355712890625,0.37655559182167053,0.647649884223938,0.30979445576667786,0.7566527724266052,0.5872670412063599,0.7503137588500977,0.4612724781036377,0.745207667350769,0.3854658901691437,0.7390315532684326,0.3182354271411896,0.813524603843689,0.6106295585632324,0.8357830047607422,0.5143839120864868,0.8484829068183899,0.44944149255752563,0.8569108247756958,0.3865811228752136,open
0.7895708084106445,0.8786190152168274,0.6993604302406311,0.8828673958778381,0.6114358305931091,0.8341573476791382,0.541655421257019,0.7961004972457886,0.48121190071105957,0.7915772199630737,0.6432241201400757,0.6289571523666382,0.5976760387420654,0.5290688276290894,0.5713458061218262,0.46634018421173096,0.5505181550979614,0.4111730456352234,0.6993158459663391,0.5921373963356018,0.6738832592964172,0.46019214391708374,0.6585531234741211,0.3784653842449188,0.6477462649345398,0.31166958808898926,0.7564850449562073,0.5892205238342285,0.7508523464202881,0.46281158924102783,0.7460477948188782,0.38735607266426086,0.739852249622345,0.32056140899658203,0.8131648302078247,0.6123549938201904,0.8360076546669006,0.5162416696548462,0.849036455154419,0.4515698552131653,0.8576378226280212,0.3892773687839508,open
0.7885632514953613,0.8786447644233704,0.6986414194107056,0.8835437893867493,0.6118852496147156,0.8370243310928345,0.5430169105529785,0.8001564741134644,0.48242467641830444,0.7965936064720154,0.6428573131561279,0.629708468914032,0.5973155498504639,0.5301141142845154,0.5710117220878601,0.4676721692085266,0.5501967668533325,0.41241222620010376,0.6990333199501038,0.5928142070770264,0.6733928918838501,0.46089088916778564,0.6583206057548523,0.37905341386795044,0.6479825973510742,0.3118409812450409,0.7564722299575806,0.590326726436615,0.7504778504371643,0.4644736051559448,0.7458134293556213,0.38887709379196167,0.7399606704711914,0.3216993510723114,0.8134322762489319,0.6140636205673218,0.8359601497650146,0.5177800059318542,0.8492083549499512,0.45308947563171387,0.8580480813980103,0.3905988335609436,open
0.7893283367156982,0.8812017440795898,0.698656439781189,0.8859272003173828,0.611473023891449,0.8385146856307983,0.5412435531616211,0.802280068397522,0.479695200920105,0.7988705635070801,0.6423795223236084,0.6308803558349609,0.5966451168060303,0.5309281349182129,0.5703091025352478,0.4680304527282715,0.5496993064880371,0.41272491216659546,0.6985276341438293,0.5941742062568665,0.6733188629150391,0.46229493618011475,0.6583220958709717,0.3799959123134613,0.6479876637458801,0.3128231167793274,0.7559431791305542,0.5919091105461121,0.7499582171440125,0.46567127108573914,0.7450834512710571,0.38989633321762085,0.7387987971305847,0.32246893644332886,0.812911868095398,0.615905225276947,0.8362460732460022,0.5201244950294495,0.8495233058929443,0.45552170276641846,0.8581159710884094,0.39298272132873535,open
0.7890645265579224,0.8808600902557373,0.6985921263694763,0.8849565982818604,0.6114760637283325,0.8387322425842285,0.5415636301040649,0.8021750450134277,0.48053401708602905,0.7981492280960083,0.6425440907478333,0.6317633986473083,0.5964763760566711,0.5309643745422363,0.5704518556594849,0.46727293729782104,0.5504266023635864,0.41052335500717163,0.6987282633781433,0.5947960615158081,0.6732680201530457,0.4624837636947632,0.6581197381019592,0.3798465132713318,0.6478171944618225,0.31200507283210754,0.7561505436897278,0.5923418402671814,0.7506313323974609,0.4670238494873047,0.7454920411109924,0.39107951521873474,0.739330530166626,0.3234128952026367,0.8131871819496155,0.6161205172538757,0.8363157510757446,0.5205475687980652,0.8496275544166565,0.45593851804733276,0.8584785461425781,0.39306938648223877,open
0.7899336218833923,0.8808587789535522,0.6989746689796448,0.8851181864738464,0.6110440492630005,0.8378093242645264,0.5406414866447449,0.8008780479431152,0.4795147478580475,0.7982280254364014,0.6423599123954773,0.6319350600242615,0.5960652232170105,0.5307514667510986,0.5699973702430725,0.4669102430343628,0.5498178005218506,0.4101093113422394,0.6984665393829346,0.5948569178581238,0.672929048538208,0.4623831510543823,0.6578875184059143,0.3794196546077728,0.6477336287498474,0.3112304210662842,0.7558537125587463,0.5923011302947998,0.7504197955131531,0.466661274433136,0.7455053925514221,0.3906441032886505,0.7395485043525696,0.3228113353252411,0.8127998113632202,0.6158397793769836,0.8361691236495972,0.5206451416015625,0.849712610244751,0.45609548687934875,0.8587665557861328,0.39308449625968933,open
0.7885891795158386,0.8811020851135254,0.6985819339752197,0.8842134475708008,0.6108262538909912,0.8366755843162537,0.5404610633850098,0.7990995049476624,0.47966283559799194,0.7962227463722229,0.6422330141067505,0.6317030787467957,0.5963350534439087,0.530316948890686,0.5707108974456787,0.46617400646209717,0.5513122081756592,0.40887969732284546,0.6983548402786255,0.5945799946784973,0.6730830073356628,0.46244603395462036,0.6581112146377563,0.379710853099823,0.6479504108428955,0.3113003969192505,0.7556972503662109,0.5918012857437134,0.7505606412887573,0.4663611352443695,0.7452512383460999,0.39058607816696167,0.7388400435447693,0.32274264097213745,0.8126439452171326,0.6152281761169434,0.8365106582641602,0.5205868482589722,0.8498985767364502,0.45619332790374756,0.8586408495903015,0.3930093050003052,open
0.790259838104248,0.8796460628509521,0.6994099020957947,0.8837453722953796,0.6110036969184875,0.8359391689300537,0.5406880378723145,0.7980912327766418,0.47983014583587646,0.795823335647583,0.6421362161636353,0.6305443048477173,0.5961936712265015,0.5292633175849915,0.5703397989273071,0.46533143520355225,0.5504898428916931,0.40871843695640564,0.6983447670936584,0.593521237373352,0.6729649901390076,0.46106502413749695,0.657932698726654,0.3784731924533844,0.6477912068367004,0.31098127365112305,0.755927562713623,0.5909698605537415,0.7509122490882874,0.4653279185295105,0.7459385991096497,0.3893031179904938,0.7400171756744385,0.3218275308609009,0.8130131363868713,0.6145281791687012,0.8369089961051941,0.5194615125656128,0.850492000579834,0.4547941982746124,0.8596510291099548,0.3916837275028229,open
0.7906739115715027,0.8792081475257874,0.7000046372413635,0.8841699957847595,0.6110259294509888,0.836313009262085,0.5405645370483398,0.797672688961029,0.47986066341400146,0.7944753170013428,0.6423155665397644,0.630005955696106,0.5962831974029541,0.5286445021629333,0.5705600380897522,0.46471312642097473,0.5508129596710205,0.4078799784183502,0.6986189484596252,0.5929791927337646,0.6731383204460144,0.4609234929084778,0.6580489873886108,0.37817513942718506,0.6477295756340027,0.30988213419914246,0.7560154795646667,0.5903395414352417,0.7509950399398804,0.465133398771286,0.7457981705665588,0.38926824927330017,0.7394753098487854,0.3212471604347229,0.8129263520240784,0.6137037873268127,0.8368964195251465,0.519092857837677,0.8504310846328735,0.4549506902694702,0.8593298196792603,0.39178431034088135,open
0.7896482944488525,0.878441333770752,0.6995382308959961,0.8834421038627625,0.6111342906951904,0.8354785442352295,0.5409095287322998,0.7968756556510925,0.4800102710723877,0.7936728000640869,0.6428293585777283,0.6303874850273132,0.5969645380973816,0.5297532081604004,0.5711125135421753,0.4661414623260498,0.5512558221817017,0.4093223214149475,0.698847234249115,0.5933287143707275,0.6734209656715393,0.461154043674469,0.6584272980690002,0.378537654876709,0.6481048464775085,0.3100982904434204,0.7561541199684143,0.5906028747558594,0.7511247396469116,0.4655470848083496,0.745897114276886,0.38960692286491394,0.7394758462905884,0.32153457403182983,0.8132480382919312,0.6139992475509644,0.8370792865753174,0.5192199349403381,0.8505860567092896,0.45485061407089233,0.8593364357948303,0.39179733395576477,open
0.7901589274406433,0.8780547976493835,0.6998513340950012,0.8824209570884705,0.6115635633468628,0.8344632387161255,0.5419408082962036,0.7957355976104736,0.48162177205085754,0.7921093702316284,0.6429293751716614,0.6298469305038452,0.5967258810997009,0.5289372205734253,0.5704623460769653,0.46558260917663574,0.5501002073287964,0.4091040790081024,0.6990993022918701,0.5926136374473572,0.6731648445129395,0.4604044556617737,0.6579151749610901,0.37779614329338074,0.6474834680557251,0.3093048930168152,0.7566224932670593,0.5896597504615784,0.7511696815490723,0.4650856852531433,0.7461110353469849,0.3889164328575134,0.7400752305984497,0.32096749544143677,0.8136962652206421,0.612519383430481,0.836675763130188,0.5174000263214111,0.849830150604248,0.4527193307876587,0.8586758971214294,0.3894497752189636,open
0.7901912927627563,0.8779098987579346,0.7000861167907715,0.8830719590187073,0.6119604706764221,0.8345010876655579,0.542264461517334,0.7957109212875366,0.48146894574165344,0.7933939695358276,0.642849326133728,0.6295700073242188,0.5967206358909607,0.5292139649391174,0.5702601671218872,0.4661656618118286,0.5495631694793701,0.410180926322937,0.6989600658416748,0.5922716856002808,0.6732459664344788,0.460296094417572,0.6580045223236084,0.37785816192626953,0.6473895311355591,0.30958080291748047,0.7564690113067627,0.5893284678459167,0.7508172988891602,0.4643615484237671,0.7458245754241943,0.38828402757644653,0.7396684288978577,0.3204147219657898,0.8135033845901489,0.6124181747436523,0.8367006182670593,0.5172290802001953,0.8499511480331421,0.45257341861724854,0.8587278723716736,0.3893326222896576,open
0.7899553775787354,0.8767274618148804,0.6994540095329285,0.8820390105247498,0.6111724376678467,0.8342102766036987,0.5415813326835632,0.7952839136123657,0.480959415435791,0.7920584678649902,0.6431822180747986,0.6289384365081787,0.5971676707267761,0.5290220975875854,0.5706307291984558,0.4659818112850189,0.54995197057724,0.4098721742630005,0.699073076248169,0.5916874408721924,0.6732486486434937,0.45994579792022705,0.6579959392547607,0.37778621912002563,0.6475211977958679,0.30979156494140625,0.7563978433609009,0.5886654853820801,0.7507792711257935,0.4636664390563965,0.7456180453300476,0.38760900497436523,0.7393214702606201,0.3197921812534332,0.8134101033210754,0.6115975975990295,0.8361326456069946,0.5161707401275635,0.8490875959396362,0.4514440894126892,0.8575683832168579,0.3883068561553955,open
0.7902377843856812,0.8758282661437988,0.6997786164283752,0.8814138174057007,0.6112905144691467,0.8335074186325073,0.5417324900627136,0.794578492641449,0.48120808601379395,0.7913913130760193,0.6432338953018188,0.6290014386177063,0.5973261594772339,0.5288273096084595,0.5710022449493408,0.4654961824417114,0.5505063533782959,0.4091535210609436,0.6991638541221619,0.5917380452156067,0.6732945442199707,0.45978498458862305,0.6580839157104492,0.3773695230484009,0.6476860046386719,0.30903181433677673,0.7565194964408875,0.5887526869773865,0.7506561875343323,0.4636229872703552,0.7454566955566406,0.3873711824417114,0.7391805648803711,0.3193201720714569,0.8137537240982056,0.6116799712181091,0.8365375995635986,0.5162395238876343,0.8493372201919556,0.4513709545135498,0.8576098680496216,0.38796210289001465,open
0.7896215915679932,0.8768163919448853,0.6994104981422424,0.8820494413375854,0.611415445804596,0.8339008688926697,0.5417265295982361,0.7952283620834351,0.48099109530448914,0.7926840782165527,0.6428713798522949,0.6282920837402344,0.5974787473678589,0.5285703539848328,0.5713157057762146,0.4655066132545471,0.5508707761764526,0.40922868251800537,0.6989316940307617,0.5914208889007568,0.6732158660888672,0.4599301517009735,0.6579919457435608,0.37746232748031616,0.6475825905799866,0.3089927136898041,0.7564629316329956,0.5890042781829834,0.7509211897850037,0.4638737440109253,0.7456701397895813,0.3876071870326996,0.7392270565032959,0.3195006549358368,0.8137212991714478,0.6126931309700012,0.8368189930915833,0.5171048641204834,0.8498066067695618,0.4522005319595337,0.8580608367919922,0.3889228403568268,open
0.7898560166358948,0.8756288290023804,0.6996883749961853,0.8811763525009155,0.6120451092720032,0.8337084650993347,0.5422490835189819,0.7962694764137268,0.4812581539154053,0.7943044900894165,0.6429563760757446,0.6287055015563965,0.5970577597618103,0.5289594531059265,0.5706575512886047,0.4659509062767029,0.5498436093330383,0.40976348519325256,0.6991016268730164,0.5913830995559692,0.6733983755111694,0.4598710536956787,0.6581575274467468,0.3774615526199341,0.647581160068512,0.30898788571357727,0.7565926909446716,0.5887582898139954,0.7509453296661377,0.463731586933136,0.745680570602417,0.38766151666641235,0.7390605807304382,0.3194218575954437,0.8138049840927124,0.6123329997062683,0.8374637365341187,0.5176371335983276,0.8509077429771423,0.453257292509079,0.8594497442245483,0.3902181386947632,open
0.7908671498298645,0.8755936026573181,0.7003573775291443,0.8814031481742859,0.6118967533111572,0.8341500163078308,0.5413240194320679,0.7965379953384399,0.4804096221923828,0.794207751750946,0.6432154178619385,0.6287315487861633,0.5970593094825745,0.5286984443664551,0.5708821415901184,0.4654849171638489,0.5506497621536255,0.40924200415611267,0.6992805600166321,0.591572105884552,0.6734001040458679,0.4597543478012085,0.6583477854728699,0.37717974185943604,0.648225724697113,0.3089974820613861,0.7567081451416016,0.5888192653656006,0.7508948445320129,0.4636130630970001,0.7459418773651123,0.38744494318962097,0.7399247884750366,0.3193344175815582,0.8138836622238159,0.6121138334274292,0.8375627994537354,0.5173697471618652,0.8513263463973999,0.4532015323638916,0.8603456020355225,0.39053887128829956,open
0.7897864580154419,0.8774282336235046,0.6997741460800171,0.8820422887802124,0.6113616228103638,0.8342373371124268,0.5403826236724854,0.796448290348053,0.47922852635383606,0.7933772206306458,0.6428849697113037,0.6289927363395691,0.5967623591423035,0.5287978649139404,0.5710321664810181,0.46520736813545227,0.5513341426849365,0.40824323892593384,0.6991917490959167,0.5919062495231628,0.6734586358070374,0.4602671265602112,0.658674955368042,0.37727996706962585,0.6485545039176941,0.3083217442035675,0.756770670413971,0.589270293712616,0.7512780427932739,0.46446824073791504,0.7460121512413025,0.38866403698921204,0.7394493818283081,0.3201887607574463,0.8140794038772583,0.612729012966156,0.8382096290588379,0.5182175636291504,0.8519420623779297,0.45387768745422363,0.8605970144271851,0.39034780859947205,open
0.7905683517456055,0.8774815201759338,0.7004979252815247,0.8827333450317383,0.6120575666427612,0.8350673913955688,0.5410462617874146,0.7968075275421143,0.4797872006893158,0.7943929433822632,0.64337158203125,0.629413902759552,0.597152829170227,0.5289686322212219,0.5710405707359314,0.4654833674430847,0.5507347583770752,0.40876853466033936,0.6997947096824646,0.5921832919120789,0.6739674210548401,0.4600737690925598,0.6589776277542114,0.37729722261428833,0.6486865282058716,0.3085036873817444,0.7574260830879211,0.5895857810974121,0.751919150352478,0.46473097801208496,0.7467045187950134,0.38868248462677,0.7402778267860413,0.3203873932361603,0.8147943019866943,0.6129558086395264,0.8387826085090637,0.5183118581771851,0.8525036573410034,0.4540194869041443,0.8613033890724182,0.39076146483421326,open
0.7894304990768433,0.8791724443435669,0.6997416615486145,0.8827407956123352,0.6120190024375916,0.8359882235527039,0.5416789054870605,0.7993364334106445,0.48112934827804565,0.7964772582054138,0.6432716250419617,0.6297327280044556,0.5973254442214966,0.5290869474411011,0.5712717771530151,0.465704083442688,0.5509406328201294,0.4092073440551758,0.6996327638626099,0.5928884148597717,0.6740585565567017,0.46012741327285767,0.659048855304718,0.3770119845867157,0.6484730243682861,0.30841365456581116,0.7571781277656555,0.5906201004981995,0.7515822649002075,0.46480536460876465,0.7464786171913147,0.38860735297203064,0.7398654222488403,0.32028746604919434,0.8144849538803101,0.6143324375152588,0.8389832377433777,0.5192669630050659,0.8528249263763428,0.45445793867111206,0.8615869283676147,0.3908540904521942,open
0.7902586460113525,0.8815588355064392,0.6995862126350403,0.8868314027786255,0.6115608215332031,0.8405081629753113,0.5412715673446655,0.8043205142021179,0.4799184203147888,0.801353394985199,0.6432445049285889,0.6308332085609436,0.5962744951248169,0.530160129070282,0.5694992542266846,0.46689870953559875,0.5485665202140808,0.410806804895401,0.6996280550956726,0.5941877365112305,0.6737796068191528,0.46194735169410706,0.6587185263633728,0.3788568675518036,0.6482699513435364,0.3100466728210449,0.7569664120674133,0.5922725200653076,0.7507835626602173,0.4665020704269409,0.7455861568450928,0.3907313644886017,0.7389028072357178,0.3227868974208832,0.8139916658401489,0.6163871884346008,0.8383135795593262,0.5211420655250549,0.8521537184715271,0.45639342069625854,0.8611009120941162,0.39293378591537476,open
0.7887617349624634,0.882339358329773,0.6985114216804504,0.8855711817741394,0.6111928224563599,0.8387054800987244,0.5411883592605591,0.8018971085548401,0.48027852177619934,0.7996671199798584,0.6426778435707092,0.6321086883544922,0.5962157249450684,0.5308285355567932,0.5700793266296387,0.4666064977645874,0.5498301386833191,0.4093725085258484,0.6990049481391907,0.5950714945793152,0.6739924550056458,0.4614235758781433,0.6593470573425293,0.37764671444892883,0.6490478515625,0.3083284795284271,0.7565295100212097,0.5928715467453003,0.7513578534126282,0.46708938479423523,0.7464048862457275,0.39024806022644043,0.7400883436203003,0.32166361808776855,0.8137012720108032,0.6172112226486206,0.8381115198135376,0.5214518904685974,0.8522598743438721,0.45644426345825195,0.8616150617599487,0.39329805970191956,open
0.7895845174789429,0.8824513554573059,0.6986764073371887,0.8882075548171997,0.610727071762085,0.8417162895202637,0.5401499271392822,0.8050279021263123,0.4785728454589844,0.8018262982368469,0.6418001651763916,0.63380366563797,0.5950038433074951,0.5328195691108704,0.5686203241348267,0.46876317262649536,0.5483912825584412,0.4118880033493042,0.698257327079773,0.596584677696228,0.6722421646118164,0.46404922008514404,0.6572130918502808,0.38065671920776367,0.6471861004829407,0.3119438886642456,0.7559359669685364,0.5940981507301331,0.7499295473098755,0.4676523208618164,0.7452742457389832,0.39090704917907715,0.7393443584442139,0.32242274284362793,0.813215434551239,0.6179863810539246,0.8373067378997803,0.5223954916000366,0.8511006236076355,0.4573671221733093,0.8600906133651733,0.39394402503967285,open
0.789347231388092,0.8826401233673096,0.6974071264266968,0.8870371580123901,0.6098685264587402,0.8418841361999512,0.5411004424095154,0.806218147277832,0.4804482161998749,0.8029335141181946,0.6398172974586487,0.6346318125724792,0.5934632420539856,0.533191442489624,0.5676488280296326,0.4689132869243622,0.5478848218917847,0.41166746616363525,0.6966533064842224,0.5973706245422363,0.6710743308067322,0.46420013904571533,0.6565396189689636,0.38034430146217346,0.6466448307037354,0.3103698790073395,0.7544673085212708,0.5948596596717834,0.7487319111824036,0.4684131443500519,0.7440691590309143,0.3913322985172272,0.7382428050041199,0.32237333059310913,0.8119992017745972,0.6189578771591187,0.8359821438789368,0.5228781700134277,0.8496938943862915,0.457504540681839,0.8587361574172974,0.3937632441520691,open
0.7894083857536316,0.883038341999054,0.6974974870681763,0.8879210948944092,0.6099445819854736,0.8428072929382324,0.5406460165977478,0.8070463538169861,0.47954773902893066,0.8038479685783386,0.6393209099769592,0.6362043023109436,0.5923362970352173,0.5340962409973145,0.5666581392288208,0.4690696597099304,0.5472019910812378,0.4107920229434967,0.6963293552398682,0.59849613904953,0.6704819202423096,0.46591436862945557,0.6556560397148132,0.382014662027359,0.6451789736747742,0.31153610348701477,0.7543538212776184,0.5954375863075256,0.7490471005439758,0.46957868337631226,0.744022786617279,0.39250901341438293,0.7375024557113647,0.32330501079559326,0.8119382262229919,0.6192249059677124,0.8360254764556885,0.5235421061515808,0.8496756553649902,0.45842188596725464,0.8582875728607178,0.3948381245136261,open
0.7884787917137146,0.8839181661605835,0.6974183320999146,0.8881239295005798,0.6093509197235107,0.8426120281219482,0.5399291515350342,0.8066869974136353,0.4787461757659912,0.8035712242126465,0.6382966041564941,0.6357764601707458,0.5918750166893005,0.5335107445716858,0.566609263420105,0.4687974452972412,0.5476343631744385,0.41051918268203735,0.6954119205474854,0.5987184047698975,0.6696058511734009,0.4660453498363495,0.6549180746078491,0.38241592049598694,0.6447057127952576,0.3119797706604004,0.7536827325820923,0.5960932374000549,0.7484800219535828,0.4697955250740051,0.7436571717262268,0.39226242899894714,0.737311601638794,0.3225589990615845,0.8115249276161194,0.6201289296150208,0.8354714512825012,0.5239517688751221,0.8491503000259399,0.4586310386657715,0.8577033877372742,0.39491525292396545,open
0.7886471152305603,0.8833403587341309,0.6974589228630066,0.8881455063819885,0.6091516613960266,0.8425028324127197,0.5391116142272949,0.8058103322982788,0.4775165617465973,0.8018997311592102,0.6381353735923767,0.6358070373535156,0.5916759371757507,0.5335379242897034,0.566423773765564,0.4687756896018982,0.5475916862487793,0.41054973006248474,0.6950922012329102,0.5984988212585449,0.6693480610847473,0.4658849239349365,0.654486358165741,0.3824390172958374,0.6441694498062134,0.31252121925354004,0.7532775402069092,0.5958778858184814,0.7482143640518188,0.46976399421691895,0.7430375218391418,0.39251548051834106,0.7364716529846191,0.32297176122665405,0.8110764026641846,0.6199429035186768,0.8352990746498108,0.5242182016372681,0.8487802743911743,0.4589313566684723,0.8572180867195129,0.39496514201164246,open
0.7889835238456726,0.8829903602600098,0.6984270215034485,0.8873907327651978,0.6092447638511658,0.8408671021461487,0.5383376479148865,0.8039238452911377,0.4769284427165985,0.8012796640396118,0.6378893256187439,0.633917510509491,0.5923594832420349,0.5314711332321167,0.5674285292625427,0.46662023663520813,0.5485206842422485,0.4086475074291229,0.6946907043457031,0.5965799689292908,0.6690930128097534,0.46426922082901,0.6542646884918213,0.38108527660369873,0.6439738273620605,0.31152409315109253,0.7529728412628174,0.5938982963562012,0.747806191444397,0.46839749813079834,0.7424394488334656,0.3914893865585327,0.7358171343803406,0.32245978713035583,0.8107547760009766,0.6178839206695557,0.8346681594848633,0.52297443151474,0.847773015499115,0.4580550491809845,0.8560632467269897,0.39440327882766724,open
0.7888949513435364,0.8822380900382996,0.6986610889434814,0.8861228227615356,0.610166072845459,0.8405545353889465,0.5400097370147705,0.8043664693832397,0.4794861674308777,0.8001976013183594,0.6379349827766418,0.6332688331604004,0.591770350933075,0.5307421088218689,0.5667190551757812,0.4657028913497925,0.5478547811508179,0.4076828360557556,0.6947030425071716,0.5954204797744751,0.6685870289802551,0.4632411301136017,0.6535570621490479,0.37996166944503784,0.6432470679283142,0.31049105525016785,0.752943754196167,0.592353343963623,0.7475820183753967,0.46675020456314087,0.7421684265136719,0.39000463485717773,0.7356926798820496,0.32131803035736084,0.8107474446296692,0.6162716746330261,0.8347084522247314,0.5213366746902466,0.8479350805282593,0.4565814733505249,0.8564580082893372,0.3931298553943634,open
0.7880815267562866,0.8816632032394409,0.6979104280471802,0.8855932354927063,0.6094117164611816,0.8388766050338745,0.5391021370887756,0.8028851747512817,0.47806674242019653,0.8009775280952454,0.6381757259368896,0.6325411200523376,0.5923475623130798,0.5302551984786987,0.5670053362846375,0.4652126133441925,0.5478047728538513,0.4070940613746643,0.6946470141410828,0.5951994061470032,0.6690035462379456,0.4627264142036438,0.6544691920280457,0.3789435029029846,0.644405722618103,0.3090462386608124,0.7525849342346191,0.5924249887466431,0.7473872900009155,0.46625620126724243,0.7424474358558655,0.38922521471977234,0.7360404133796692,0.3201301097869873,0.8101115226745605,0.6164371967315674,0.8342462182044983,0.5212690234184265,0.8478450179100037,0.4563615024089813,0.856372594833374,0.39289039373397827,open
0.7881208062171936,0.8803957104682922,0.697864830493927,0.884791374206543,0.6094599366188049,0.8386106491088867,0.538924515247345,0.8024507164955139,0.47770947217941284,0.8009647130966187,0.6387803554534912,0.6325812935829163,0.5924009084701538,0.5301243662834167,0.5671430826187134,0.4649864733219147,0.5484338998794556,0.40671491622924805,0.6949858665466309,0.5950151681900024,0.6690599918365479,0.4625474810600281,0.6545585989952087,0.3792341649532318,0.6448695063591003,0.30989184975624084,0.7526932954788208,0.5918866395950317,0.7476162910461426,0.4655797481536865,0.7426173090934753,0.38885587453842163,0.7363606691360474,0.3203418254852295,0.81006920337677,0.6152220964431763,0.8340771794319153,0.519995391368866,0.847562313079834,0.45521312952041626,0.8561047315597534,0.39207127690315247,open
0.7877881526947021,0.8808046579360962,0.6975762248039246,0.8843103051185608,0.608953058719635,0.8379052877426147,0.538644015789032,0.8020943403244019,0.4779185652732849,0.7996223568916321,0.6387113332748413,0.6321998238563538,0.5921908617019653,0.5297487378120422,0.5668949484825134,0.4646214246749878,0.5481142401695251,0.40657615661621094,0.6951443552970886,0.59477698802948,0.6691854000091553,0.46192675828933716,0.6545374989509583,0.3784768581390381,0.6446683406829834,0.30912837386131287,0.753004789352417,0.5915652513504028,0.7477407455444336,0.46524229645729065,0.7425071597099304,0.388338565826416,0.7360679507255554,0.31965816020965576,0.8105319738388062,0.6147443652153015,0.834031879901886,0.5195285081863403,0.8470275402069092,0.45448553562164307,0.855198323726654,0.39105507731437683,open
0.7880404591560364,0.8806338310241699,0.6974284052848816,0.8842943906784058,0.6089771389961243,0.8381321430206299,0.538838803768158,0.8025827407836914,0.47796761989593506,0.8005601167678833,0.6387839317321777,0.6322428584098816,0.5920850038528442,0.529891848564148,0.5665562152862549,0.46494531631469727,0.5474189519882202,0.407063364982605,0.6953153610229492,0.5949108600616455,0.6692973971366882,0.46197065711021423,0.6545945405960083,0.3784475326538086,0.6446523666381836,0.30900058150291443,0.7531670331954956,0.5918176770210266,0.7478691935539246,0.46527475118637085,0.7428261041641235,0.3883650600910187,0.7364970445632935,0.31969767808914185,0.8106821775436401,0.6150097250938416,0.8341395258903503,0.5196749567985535,0.8471788763999939,0.45457059144973755,0.8554033041000366,0.39117422699928284,open
0.7882376313209534,0.879615068435669,0.6977627277374268,0.8844092488288879,0.609058678150177,0.838172197341919,0.538178026676178,0.8024030923843384,0.47673994302749634,0.8001127243041992,0.6385180950164795,0.6321005821228027,0.5919709801673889,0.5297800302505493,0.5663821697235107,0.4649040699005127,0.5471633672714233,0.40708035230636597,0.694978654384613,0.5944755673408508,0.6689156293869019,0.4615878164768219,0.6542001962661743,0.37797001004219055,0.6444087624549866,0.30852410197257996,0.7528098821640015,0.5913658142089844,0.7469289302825928,0.464363157749176,0.7421025037765503,0.38758528232574463,0.736016571521759,0.3188701272010803,0.810380756855011,0.6146303415298462,0.8337873220443726,0.5194715261459351,0.8469314575195312,0.4547232389450073,0.8551945686340332,0.3915736973285675,open
0.7883110046386719,0.8794413208961487,0.6976953148841858,0.8842018842697144,0.6089197993278503,0.8381452560424805,0.5384278297424316,0.8026999235153198,0.47749578952789307,0.8008955717086792,0.6379944086074829,0.631534218788147,0.5914759039878845,0.5296989679336548,0.56629878282547,0.46471676230430603,0.5476303696632385,0.4066983461380005,0.6943378448486328,0.593600332736969,0.6682206392288208,0.4616357684135437,0.6535018682479858,0.37823545932769775,0.6435920000076294,0.3087947368621826,0.7521542310714722,0.5901951789855957,0.7465906143188477,0.46484559774398804,0.7413490414619446,0.38846030831336975,0.7349317073822021,0.32003459334373474,0.8096855282783508,0.6134761571884155,0.8332422375679016,0.5190966129302979,0.846362829208374,0.45469382405281067,0.8545706868171692,0.3916897773742676,open
0.787811279296875,0.8776350021362305,0.6976721882820129,0.8836901783943176,0.6093336343765259,0.8388249278068542,0.5381438136100769,0.80356764793396,0.47617799043655396,0.8006771802902222,0.6383370161056519,0.6318075656890869,0.5918000936508179,0.5301172733306885,0.5665756464004517,0.4651452302932739,0.5479602217674255,0.4067457318305969,0.6945867538452148,0.5936915278434753,0.6681311130523682,0.46191173791885376,0.6531375646591187,0.3783133924007416,0.6432877779006958,0.3087622821331024,0.7523263096809387,0.5901628136634827,0.7467671036720276,0.46512871980667114,0.74140465259552,0.38880470395088196,0.7350239753723145,0.3202783465385437,0.8100003004074097,0.6131160259246826,0.833590030670166,0.5192556381225586,0.8467750549316406,0.45519375801086426,0.85506272315979,0.3923732340335846,open
0.7877588272094727,0.8787674903869629,0.6971451044082642,0.884381115436554,0.6083447337150574,0.8391022086143494,0.5375844240188599,0.8033857941627502,0.4762561023235321,0.8008701205253601,0.6378967761993408,0.6318938732147217,0.5917086005210876,0.5299296379089355,0.566682755947113,0.46501973271369934,0.5479549765586853,0.40697383880615234,0.6942082047462463,0.5940370559692383,0.6680725812911987,0.4618675708770752,0.6534263491630554,0.3782588243484497,0.6437332034111023,0.3088929355144501,0.7519967555999756,0.5905842185020447,0.7463899254798889,0.4654572010040283,0.7411150336265564,0.3892914950847626,0.7348071932792664,0.32123661041259766,0.8096373081207275,0.6134701371192932,0.8334466814994812,0.5191014409065247,0.8468632698059082,0.45497316122055054,0.8553472757339478,0.3924114406108856,open
0.7876993417739868,0.8773000836372375,0.6976523399353027,0.8829097747802734,0.6094567775726318,0.8389380574226379,0.5388636589050293,0.8035589456558228,0.4773845672607422,0.8004294037818909,0.6381741762161255,0.6327426433563232,0.5917102694511414,0.5309959053993225,0.5665847063064575,0.465891569852829,0.5480998754501343,0.40725159645080566,0.6944652795791626,0.5946864485740662,0.6680620312690735,0.4630855321884155,0.6531705856323242,0.37952783703804016,0.6433525085449219,0.30962440371513367,0.7521894574165344,0.5911258459091187,0.7466557621955872,0.46651387214660645,0.7413737773895264,0.39021462202072144,0.735124409198761,0.3216557204723358,0.8099873065948486,0.6139430999755859,0.8335850834846497,0.519740879535675,0.8468513488769531,0.4555995464324951,0.8552630543708801,0.39278221130371094,open
0.7888853549957275,0.87913578748703,0.6980391144752502,0.8851403594017029,0.6099295616149902,0.8408239483833313,0.5394023656845093,0.8064247965812683,0.4777766466140747,0.8034195899963379,0.638390302658081,0.6341719031333923,0.5916773676872253,0.5321943759918213,0.5663661360740662,0.4670109152793884,0.5476564168930054,0.4083419442176819,0.6946182250976562,0.5960087180137634,0.6681753993034363,0.4637529253959656,0.6533664464950562,0.37951964139938354,0.6435018181800842,0.3089972734451294,0.7523520588874817,0.5922558307647705,0.7468584775924683,0.4671744108200073,0.7415997385978699,0.3909446895122528,0.7351446747779846,0.3223881125450134,0.8101940155029297,0.6149049997329712,0.8339567184448242,0.5203182697296143,0.8472709655761719,0.45596614480018616,0.855543315410614,0.39286157488822937,open
0.7900528907775879,0.8812427520751953,0.6992292404174805,0.8867343664169312,0.6113312244415283,0.8436571359634399,0.540979266166687,0.8100790977478027,0.47893476486206055,0.8057213425636292,0.6389294266700745,0.636412501335144,0.5922726392745972,0.534114420413971,0.5669794678688049,0.46846580505371094,0.548341691493988,0.4094100594520569,0.6950159072875977,0.5981346964836121,0.6679984331130981,0.46535569429397583,0.6530483961105347,0.38050010800361633,0.6431036591529846,0.3095131516456604,0.752905011177063,0.5942768454551697,0.7471802830696106,0.469027042388916,0.7418960332870483,0.3923473656177521,0.7353777885437012,0.3234010338783264,0.811130166053772,0.6170423626899719,0.8344804048538208,0.5223715305328369,0.8475576043128967,0.45789164304733276,0.8556196689605713,0.39475929737091064,open
0.7898082733154297,0.8826921582221985,0.6993522047996521,0.887300968170166,0.6114037036895752,0.843544602394104,0.5401404500007629,0.8099504709243774,0.4778215289115906,0.8061108589172363,0.638875424861908,0.6360306143760681,0.5924562811851501,0.5336832404136658,0.5673056840896606,0.46787410974502563,0.5489133596420288,0.4087180495262146,0.6949523091316223,0.5977172255516052,0.6683294177055359,0.465262234210968,0.6535565853118896,0.3807065784931183,0.6438869833946228,0.3100771903991699,0.752833366394043,0.5938472151756287,0.747001051902771,0.46875613927841187,0.7417091131210327,0.39222609996795654,0.7353382706642151,0.32350680232048035,0.8108755350112915,0.6166951656341553,0.8345224857330322,0.5222503542900085,0.8479831218719482,0.4579284191131592,0.856521725654602,0.39507609605789185,open
0.7911168336868286,0.8824138641357422,0.699766218662262,0.886812686920166,0.6114411950111389,0.8431229591369629,0.5402227640151978,0.8085436820983887,0.4781433641910553,0.8048241138458252,0.6394347548484802,0.6358923316001892,0.5927659273147583,0.5329336524009705,0.5673522353172302,0.467353492975235,0.5484730005264282,0.4083043932914734,0.6957675218582153,0.5977891683578491,0.6686945557594299,0.46517717838287354,0.65372633934021,0.38091030716896057,0.6438231468200684,0.3100375831127167,0.7537267208099365,0.594049870967865,0.7479119300842285,0.4691762626171112,0.7426303625106812,0.3923833668231964,0.7364284992218018,0.3233795762062073,0.8118442296981812,0.6168250441551208,0.8348779082298279,0.5224385261535645,0.8481268882751465,0.4582524597644806,0.8566760420799255,0.3952803909778595,open
0.790846049785614,0.8825093507766724,0.6998075246810913,0.8870455026626587,0.6114338636398315,0.8429706692695618,0.5398986339569092,0.8082493543624878,0.4774841368198395,0.8051201105117798,0.6393845677375793,0.6353214383125305,0.5927915573120117,0.5325934290885925,0.567439615726471,0.466972291469574,0.5486857891082764,0.4079023003578186,0.6956417560577393,0.5973318815231323,0.6687630414962769,0.46482378244400024,0.653878927230835,0.3806608021259308,0.6440175771713257,0.30986666679382324,0.7535402774810791,0.5936542749404907,0.7477733492851257,0.4687228798866272,0.7424896955490112,0.39207231998443604,0.7362289428710938,0.3231073319911957,0.8115420937538147,0.6165534257888794,0.834644615650177,0.5221704840660095,0.847993791103363,0.4581201672554016,0.8565325736999512,0.3953548073768616,open
0.7902621626853943,0.8828478455543518,0.6997052431106567,0.887276828289032,0.6109042167663574,0.8421953320503235,0.5391360521316528,0.8070390820503235,0.4766886830329895,0.8042954206466675,0.6394093632698059,0.6346980929374695,0.5930213928222656,0.5320417881011963,0.567803144454956,0.4662975072860718,0.5490025281906128,0.40711355209350586,0.6958840489387512,0.5969752669334412,0.6695346236228943,0.46445125341415405,0.6546703577041626,0.3800261616706848,0.6446334719657898,0.30892863869667053,0.7539564371109009,0.5936644077301025,0.748483419418335,0.4692990481853485,0.742929220199585,0.39261963963508606,0.7362828850746155,0.3233301341533661,0.8119422793388367,0.6169068813323975,0.8352445363998413,0.5228068828582764,0.8485336303710938,0.4585378170013428,0.8568787574768066,0.3951258957386017,open
0.7899913787841797,0.8822593092918396,0.6996865272521973,0.8870216608047485,0.6110177636146545,0.8423111438751221,0.5397177934646606,0.80716872215271,0.477803111076355,0.8047146797180176,0.6397625207901001,0.6347280144691467,0.592799186706543,0.532118022441864,0.56723952293396,0.4663964509963989,0.5484179854393005,0.4070277214050293,0.6961961984634399,0.5967807173728943,0.6693691611289978,0.46394217014312744,0.6541262865066528,0.3797823488712311,0.6440420746803284,0.3088108003139496,0.7541307806968689,0.593440055847168,0.7484400272369385,0.4685003161430359,0.7430868148803711,0.39163094758987427,0.7370240092277527,0.3225666582584381,0.8119869232177734,0.616772472858429,0.8350006341934204,0.5223308801651001,0.848212718963623,0.45803403854370117,0.856779158115387,0.3948644697666168,open
0.7892223596572876,0.8825490474700928,0.6987692713737488,0.8866055011749268,0.6104918122291565,0.841205894947052,0.5394386053085327,0.8057802319526672,0.4776291847229004,0.8036099672317505,0.6396055221557617,0.6349244117736816,0.5925178527832031,0.5324272513389587,0.566596508026123,0.4669933319091797,0.5473744869232178,0.4080796539783478,0.6961186528205872,0.5970661044120789,0.669438898563385,0.4641072750091553,0.6543779373168945,0.37978076934814453,0.6443515419960022,0.30885255336761475,0.7540816068649292,0.5936059951782227,0.7480692267417908,0.46809694170951843,0.7430064678192139,0.3911260664463043,0.7370982766151428,0.32214590907096863,0.811869740486145,0.6166996955871582,0.834566593170166,0.521545946598053,0.8475803136825562,0.45689135789871216,0.8559910655021667,0.39366912841796875,open
0.7886523008346558,0.8820966482162476,0.6979755163192749,0.8860185146331787,0.6104748249053955,0.8403642773628235,0.5396522283554077,0.8043818473815918,0.4776358902454376,0.8025782108306885,0.6393788456916809,0.6341426372528076,0.5919831991195679,0.5310767889022827,0.56577467918396,0.46572965383529663,0.5461686253547668,0.40681546926498413,0.6962429881095886,0.5962644815444946,0.6696593761444092,0.463320255279541,0.6542573571205139,0.3795231282711029,0.6437469720840454,0.3088744878768921,0.7543796896934509,0.5930907130241394,0.7485653758049011,0.4666764736175537,0.7435082197189331,0.38946259021759033,0.7374312281608582,0.3202058970928192,0.8120906352996826,0.6164566278457642,0.8347048759460449,0.5206226110458374,0.8476516008377075,0.4558734893798828,0.8559556007385254,0.3925173282623291,open
0.7896032929420471,0.8805406093597412,0.6986616849899292,0.8853213787078857,0.6103552579879761,0.840097188949585,0.5396314859390259,0.8043612241744995,0.4774746894836426,0.8030462861061096,0.6391462087631226,0.6334613561630249,0.5917490720748901,0.5305783748626709,0.5652563571929932,0.465429425239563,0.5453454256057739,0.4066771864891052,0.6957476735115051,0.5955556631088257,0.6696920394897461,0.4624084234237671,0.6546220779418945,0.378559947013855,0.6443760991096497,0.30782321095466614,0.7537671327590942,0.5924133658409119,0.747912585735321,0.4657701849937439,0.7428683638572693,0.3883797526359558,0.7367755770683289,0.3191850781440735,0.8114272356033325,0.6158968210220337,0.8343721032142639,0.5199822783470154,0.8474419713020325,0.4548594355583191,0.855837345123291,0.3915124535560608,open
0.7884358763694763,0.8804180026054382,0.6983359456062317,0.8845859169960022,0.6102418899536133,0.8395206928253174,0.5392650365829468,0.8044904470443726,0.4777166247367859,0.8027529716491699,0.6388458609580994,0.6338117718696594,0.5917092561721802,0.5304514169692993,0.565712571144104,0.46508729457855225,0.5463425517082214,0.40658092498779297,0.695512592792511,0.5957193970680237,0.6690115928649902,0.46265214681625366,0.6538856029510498,0.3788548409938812,0.6436237692832947,0.30845898389816284,0.7534918189048767,0.591915488243103,0.7476260662078857,0.46570611000061035,0.7423853874206543,0.388615220785141,0.7361025214195251,0.31961941719055176,0.8110731244087219,0.6145899295806885,0.8341212272644043,0.5190826654434204,0.8472158908843994,0.454232394695282,0.8556692004203796,0.39097699522972107,open
0.7899608612060547,0.8800119757652283,0.6993576884269714,0.8850027322769165,0.6106392741203308,0.8396845459938049,0.5395631790161133,0.8043268918991089,0.47747787833213806,0.8027153015136719,0.6393658518791199,0.63337242603302,0.5918185114860535,0.5307798981666565,0.5657244920730591,0.4654507637023926,0.5463871955871582,0.40692561864852905,0.6958869695663452,0.5950405597686768,0.6691652536392212,0.46224358677864075,0.6538058519363403,0.37839195132255554,0.6435133218765259,0.30807238817214966,0.7538785934448242,0.5913125276565552,0.7478986978530884,0.4655923843383789,0.7424723505973816,0.3884141445159912,0.736206591129303,0.31924742460250854,0.8114360570907593,0.6141229271888733,0.8343249559402466,0.5190961360931396,0.8473993539810181,0.45438313484191895,0.8558893799781799,0.39115110039711,open
0.7888174057006836,0.8793975710868835,0.6991755366325378,0.8843663930892944,0.6101651191711426,0.8388845920562744,0.5389139652252197,0.8033103942871094,0.47740063071250916,0.8017513751983643,0.6392497420310974,0.6331697702407837,0.5921889543533325,0.5299940705299377,0.5663710832595825,0.46425026655197144,0.5472217798233032,0.405463844537735,0.6955664753913879,0.5951120853424072,0.6691876649856567,0.462210476398468,0.6541460752487183,0.37837082147598267,0.6440353393554688,0.30819517374038696,0.753394365310669,0.5912436842918396,0.7476944327354431,0.4657360315322876,0.7421116232872009,0.3887955844402313,0.7356584072113037,0.3199653625488281,0.810926079750061,0.6137946248054504,0.8344525694847107,0.5194073915481567,0.8475862741470337,0.4547257423400879,0.8559423685073853,0.39153191447257996,open
0.7892471551895142,0.8801863193511963,0.6997031569480896,0.8842378854751587,0.6109951734542847,0.8380575180053711,0.5401227474212646,0.8024749755859375,0.4786751866340637,0.7997867465019226,0.6397939920425415,0.6315950751304626,0.5928846597671509,0.529438316822052,0.5671409368515015,0.46442073583602905,0.5478270649909973,0.40626710653305054,0.6960441470146179,0.593807578086853,0.6699286699295044,0.4609495997428894,0.6550757884979248,0.37707558274269104,0.645033061504364,0.3068993091583252,0.7537241578102112,0.5904602408409119,0.7482967376708984,0.46509021520614624,0.7430397272109985,0.38828644156455994,0.7367594838142395,0.3193152844905853,0.8111082911491394,0.6135880351066589,0.8344332575798035,0.5191766619682312,0.8475338816642761,0.4545287787914276,0.8558390140533447,0.39108529686927795,open
0.7893697619438171,0.879414975643158,0.6995155811309814,0.8840397596359253,0.610916018486023,0.8377464413642883,0.5397826433181763,0.8018362522125244,0.47775524854660034,0.7998389005661011,0.6400076150894165,0.6316295266151428,0.5934677720069885,0.5298661589622498,0.5676411390304565,0.46510177850723267,0.5482048988342285,0.4070979952812195,0.6963928937911987,0.5936827063560486,0.6704766154289246,0.4607967138290405,0.6555365920066833,0.37669816613197327,0.645510733127594,0.3064154386520386,0.754066526889801,0.5904514789581299,0.748745858669281,0.4646688401699066,0.7437760233879089,0.38747864961624146,0.7376601696014404,0.31825709342956543,0.81129390001297,0.6137630939483643,0.8345822095870972,0.5190670490264893,0.8478102684020996,0.4544385075569153,0.8561444878578186,0.3912568688392639,open
0.7891436815261841,0.879899263381958,0.6987691521644592,0.8835142850875854,0.6103667616844177,0.83767169713974,0.5391151905059814,0.802291989326477,0.47734764218330383,0.8000429272651672,0.6400436758995056,0.6316239833831787,0.5933877229690552,0.5297901630401611,0.5674639344215393,0.46495580673217773,0.5480073690414429,0.4068559408187866,0.6961986422538757,0.59376060962677,0.6703567504882812,0.46064266562461853,0.6555220484733582,0.37636038661003113,0.6455885767936707,0.3060119152069092,0.7537024021148682,0.5905410051345825,0.7483561635017395,0.46449196338653564,0.7434207797050476,0.38728615641593933,0.7372583150863647,0.3181631565093994,0.811051607131958,0.6138256788253784,0.8346096277236938,0.5189443826675415,0.8477664589881897,0.4542333483695984,0.8560277223587036,0.3911360502243042,open
0.787955105304718,0.8801283240318298,0.6977216601371765,0.8841217756271362,0.6095494031906128,0.8379983901977539,0.5382963418960571,0.8021401762962341,0.47621262073516846,0.8000414371490479,0.6395086050033569,0.6321026086807251,0.5927857160568237,0.5300790667533875,0.5667101144790649,0.4651632606983185,0.5470709800720215,0.4068862199783325,0.6958314776420593,0.5940626263618469,0.669532835483551,0.4611864686012268,0.6544066071510315,0.3769916892051697,0.6443278193473816,0.30660322308540344,0.7535672187805176,0.5906381011009216,0.7479803562164307,0.4647684693336487,0.742938756942749,0.38744211196899414,0.7367472648620605,0.31811603903770447,0.8110173940658569,0.6135785579681396,0.8343287110328674,0.518890917301178,0.8474909067153931,0.4542936682701111,0.8557770848274231,0.3912604749202728,open
0.7884203195571899,0.8795873522758484,0.6978259086608887,0.8836586475372314,0.6096210479736328,0.8377252817153931,0.5384443998336792,0.8021287322044373,0.4762784242630005,0.8010234832763672,0.6393294930458069,0.6320206522941589,0.592192530632019,0.5299537181854248,0.5658349394798279,0.46514609456062317,0.5457179546356201,0.40680402517318726,0.695738673210144,0.5941708087921143,0.6699274182319641,0.4609520435333252,0.6550017595291138,0.3768554925918579,0.6446439027786255,0.3062172830104828,0.7534887194633484,0.5909268856048584,0.7480412721633911,0.4651834964752197,0.7429779767990112,0.38769352436065674,0.7365247011184692,0.31813323497772217,0.8109143972396851,0.6139518618583679,0.834047794342041,0.5189333558082581,0.8472657203674316,0.4543173909187317,0.8556677103042603,0.3913056552410126,open
0.788506031036377,0.8790066242218018,0.6979442238807678,0.8836991786956787,0.609333872795105,0.8380846977233887,0.5377194881439209,0.8023637533187866,0.4755692481994629,0.7997648119926453,0.639008104801178,0.6318299174308777,0.5915340185165405,0.5295823812484741,0.5655555129051208,0.4643946886062622,0.5462847948074341,0.4057828187942505,0.6955161690711975,0.5938785076141357,0.6688884496688843,0.46081480383872986,0.6536786556243896,0.37630629539489746,0.6435776352882385,0.3058079183101654,0.7535195350646973,0.5905789732933044,0.7476228475570679,0.46526628732681274,0.7423222064971924,0.3879665434360504,0.7360278964042664,0.31850337982177734,0.8113368153572083,0.6135463118553162,0.8342103362083435,0.518926203250885,0.8471074104309082,0.45428019762039185,0.8552526235580444,0.3908892869949341,open
0.7886239290237427,0.8796295523643494,0.6979559063911438,0.8841918706893921,0.6096705794334412,0.8390010595321655,0.5388624668121338,0.8037585020065308,0.4771384596824646,0.8009570240974426,0.638487696647644,0.6314418315887451,0.5913511514663696,0.5292831659317017,0.5657526850700378,0.4639991223812103,0.5466417670249939,0.40529000759124756,0.6949836611747742,0.5936713814735413,0.6684296131134033,0.46108901500701904,0.6535019874572754,0.3768451511859894,0.643471896648407,0.3061884641647339,0.7528824806213379,0.5906893014907837,0.7473968267440796,0.4657001495361328,0.7421466708183289,0.3884757161140442,0.7357412576675415,0.3188226521015167,0.8106181621551514,0.6139830350875854,0.8336268663406372,0.5193288326263428,0.8466671705245972,0.4548340439796448,0.8548337817192078,0.3914194405078888,open
0.7894253730773926,0.8782098889350891,0.6985821723937988,0.8837020993232727,0.609876811504364,0.8389034271240234,0.5384635925292969,0.8037809729576111,0.4762161672115326,0.8009926676750183,0.6387857794761658,0.6317381262779236,0.5915011167526245,0.5293498635292053,0.5659554600715637,0.46397924423217773,0.5471118092536926,0.4051249921321869,0.695112407207489,0.5935994982719421,0.6681234836578369,0.4610929489135742,0.6530153751373291,0.37673112750053406,0.6432190537452698,0.30617856979370117,0.7530138492584229,0.5901262164115906,0.7473558187484741,0.4653501510620117,0.7418670654296875,0.38854679465293884,0.7355629801750183,0.3195599615573883,0.8108536005020142,0.6130293607711792,0.8336803317070007,0.5189656019210815,0.8465474247932434,0.45480841398239136,0.854743480682373,0.39179104566574097,open
0.7887327075004578,0.8786503076553345,0.698728084564209,0.8844884037971497,0.6098442077636719,0.8393435478210449,0.5384112596511841,0.8038579821586609,0.4761711359024048,0.8004732131958008,0.638638973236084,0.6318299770355225,0.5918129682540894,0.5301737785339355,0.5664663314819336,0.4649869501590729,0.5476577877998352,0.40599602460861206,0.6948288679122925,0.5934920907020569,0.6683207154273987,0.4613596200942993,0.6535780429840088,0.3770473599433899,0.643898606300354,0.30604663491249084,0.7526480555534363,0.5899628400802612,0.7471859455108643,0.4659612476825714,0.7417564988136292,0.38933053612709045,0.7353914976119995,0.3199034631252289,0.8104780912399292,0.612847089767456,0.8337562680244446,0.5191136598587036,0.8470152616500854,0.45502153038978577,0.855304479598999,0.39167898893356323,open
0.7883908748626709,0.8780025839805603,0.6980850100517273,0.8838844299316406,0.6094366908073425,0.8389449119567871,0.5384711027145386,0.8040833473205566,0.4765792787075043,0.8020200133323669,0.6386812329292297,0.6315605044364929,0.5918617844581604,0.5297651290893555,0.5664352178573608,0.46442824602127075,0.5475295186042786,0.405494749546051,0.6951090693473816,0.5934407114982605,0.6682561635971069,0.461505651473999,0.6532509922981262,0.37716326117515564,0.6434394717216492,0.30610477924346924,0.7531268000602722,0.5900532603263855,0.7474791407585144,0.4659348130226135,0.7416784763336182,0.38911306858062744,0.7350409626960754,0.3196573853492737,0.8111200928688049,0.6131694316864014,0.8342934846878052,0.5194805860519409,0.8473303318023682,0.45532289147377014,0.8555504083633423,0.3919473886489868,open
0.7889225482940674,0.8775818347930908,0.6985682249069214,0.8836631178855896,0.6097184419631958,0.8391448259353638,0.5381371974945068,0.8040123581886292,0.4758140444755554,0.8015557527542114,0.6385698914527893,0.6314506530761719,0.5910936594009399,0.5298717617988586,0.5654650926589966,0.46489423513412476,0.546592116355896,0.40617069602012634,0.694972038269043,0.5933126211166382,0.6682592034339905,0.46110236644744873,0.6535426378250122,0.376882404088974,0.6441059112548828,0.3060743808746338,0.7528928518295288,0.5900353193283081,0.747424840927124,0.46583762764930725,0.7419646382331848,0.38916900753974915,0.7356369495391846,0.31993868947029114,0.8107398152351379,0.6129391193389893,0.8338364362716675,0.5189988613128662,0.8469679951667786,0.45486539602279663,0.8552865386009216,0.39164531230926514,open
0.7888126373291016,0.8786889910697937,0.6987674832344055,0.8838691115379333,0.6100496053695679,0.83899986743927,0.5388036966323853,0.804323673248291,0.4768175482749939,0.8020032048225403,0.6384783387184143,0.6315072178840637,0.5917983055114746,0.5301337838172913,0.5665172338485718,0.4650675654411316,0.5476040244102478,0.4064616560935974,0.6948922276496887,0.5934993028640747,0.6683467626571655,0.4610360264778137,0.6535727381706238,0.3766401410102844,0.6438834071159363,0.3059047758579254,0.7528857588768005,0.5901328921318054,0.7471828460693359,0.46606940031051636,0.7414505481719971,0.3892476260662079,0.7349103689193726,0.319853812456131,0.8108113408088684,0.6131037473678589,0.8338621854782104,0.5193882584571838,0.8469674587249756,0.455546498298645,0.8552572727203369,0.3924720287322998,open
0.788815975189209,0.8779245615005493,0.6984791159629822,0.8838791251182556,0.6095694899559021,0.8389970660209656,0.5384753942489624,0.8036274909973145,0.4764634072780609,0.8015474677085876,0.6388496160507202,0.6315990686416626,0.5914404392242432,0.5297348499298096,0.5659476518630981,0.46426859498023987,0.5470585823059082,0.40518665313720703,0.6951397061347961,0.5933899283409119,0.6681519746780396,0.461158812046051,0.6532548069953918,0.37679538130760193,0.6435106992721558,0.3058817386627197,0.7530053853988647,0.5901089310646057,0.747193455696106,0.46555596590042114,0.7417052388191223,0.38870564103126526,0.7352899312973022,0.31920138001441956,0.8107477426528931,0.6131975054740906,0.8337834477424622,0.5194896459579468,0.8470766544342041,0.45543408393859863,0.855359673500061,0.3921745717525482,open
0.789620578289032,0.8778866529464722,0.6989002823829651,0.8835771679878235,0.6100612282752991,0.8386302590370178,0.5387750864028931,0.8032230138778687,0.4768720865249634,0.8000016212463379,0.6387059092521667,0.6313671469688416,0.5915176868438721,0.5294877886772156,0.5660884380340576,0.46413958072662354,0.5472182631492615,0.4051961302757263,0.6948548555374146,0.5935347080230713,0.6681972146034241,0.461294949054718,0.6536126136779785,0.3766724467277527,0.6442635655403137,0.30560943484306335,0.7526102662086487,0.5902494192123413,0.7469971776008606,0.46577972173690796,0.7417076230049133,0.3888815641403198,0.7355785965919495,0.3193959891796112,0.8104556202888489,0.6131606698036194,0.8335991501808167,0.5194367170333862,0.8466947078704834,0.45520639419555664,0.8549718856811523,0.3917320966720581,open
0.7891311645507812,0.8780071139335632,0.6991875171661377,0.8832486271858215,0.6105637550354004,0.8382601737976074,0.5398135185241699,0.8034603595733643,0.47835323214530945,0.800412654876709,0.6387739777565002,0.632142186164856,0.5917400121688843,0.5303076505661011,0.5666469931602478,0.4646835923194885,0.5481812953948975,0.40549567341804504,0.6949830055236816,0.5938266515731812,0.6684940457344055,0.46156370639801025,0.6539456248283386,0.3772937059402466,0.6444442868232727,0.30624333024024963,0.7526340484619141,0.5900369882583618,0.7471349239349365,0.4654126763343811,0.7417795062065125,0.38873860239982605,0.7354518175125122,0.3192908465862274,0.8104179501533508,0.6125182509422302,0.8337572813034058,0.5189146399497986,0.8470126390457153,0.4549049139022827,0.8552637696266174,0.39154812693595886,open
0.7885655760765076,0.8779988288879395,0.6988794803619385,0.8832077383995056,0.6106866598129272,0.8383076190948486,0.5399452447891235,0.8033468723297119,0.4782918691635132,0.8018739223480225,0.6388869881629944,0.6313331723213196,0.5917384624481201,0.5293585658073425,0.5663288831710815,0.46421894431114197,0.547376275062561,0.40560322999954224,0.6952126622200012,0.5933405160903931,0.66861891746521,0.46094757318496704,0.6538928747177124,0.3769897222518921,0.6441847085952759,0.30618804693222046,0.7527891397476196,0.5898818969726562,0.7470816969871521,0.4643118977546692,0.7418617010116577,0.38759100437164307,0.7355701923370361,0.3182395100593567,0.8101894855499268,0.6127496361732483,0.8336293697357178,0.5187623500823975,0.8470427989959717,0.45460718870162964,0.855435848236084,0.3913325369358063,open
0.7884952425956726,0.8769757747650146,0.6985499858856201,0.8828058838844299,0.6108959913253784,0.8383444547653198,0.5398573875427246,0.803508460521698,0.4774850010871887,0.8027425408363342,0.6391891837120056,0.6308827996253967,0.5919982194900513,0.5290480256080627,0.5662091970443726,0.4643133878707886,0.5467482805252075,0.4059928357601166,0.6956059336662292,0.5930706858634949,0.6690386533737183,0.4606582522392273,0.6540482640266418,0.37674954533576965,0.6440608501434326,0.3062383532524109,0.7532440423965454,0.5899665355682373,0.747807502746582,0.464404821395874,0.7426784634590149,0.3875764310359955,0.7363100051879883,0.31842175126075745,0.8105326890945435,0.6131271123886108,0.8340449333190918,0.5189188122749329,0.8473256826400757,0.4547978639602661,0.855546236038208,0.39192336797714233,open
0.7885453104972839,0.8779681921005249,0.6984269022941589,0.8833732604980469,0.6100516319274902,0.8383190035820007,0.5390433073043823,0.803102433681488,0.4772009253501892,0.8023736476898193,0.6394469738006592,0.6308097243309021,0.5922735929489136,0.5290220379829407,0.5664095878601074,0.4642654061317444,0.5469262599945068,0.4059872627258301,0.6957276463508606,0.5929617881774902,0.6689894199371338,0.4601915180683136,0.653835654258728,0.3758775293827057,0.643731951713562,0.3053913712501526,0.7533366084098816,0.5897553563117981,0.7475965023040771,0.46485835313796997,0.7420929074287415,0.3881203234195709,0.7354321479797363,0.3191186189651489,0.810666024684906,0.6126819252967834,0.8340058326721191,0.5188472270965576,0.8473032712936401,0.4549313187599182,0.8556267023086548,0.3921724855899811,open
0.788928747177124,0.8785427212715149,0.6987091302871704,0.8833330869674683,0.6103759407997131,0.8377743363380432,0.5387448072433472,0.8029538989067078,0.4765614867210388,0.8027426600456238,0.6393129229545593,0.6306240558624268,0.5918764472007751,0.5288332104682922,0.5659054517745972,0.4638667106628418,0.5464352965354919,0.40535035729408264,0.6956340074539185,0.5928294062614441,0.6688699126243591,0.46036964654922485,0.6538686752319336,0.3760698437690735,0.6439334750175476,0.3051775395870209,0.753300666809082,0.5897492170333862,0.7476379871368408,0.4644773006439209,0.7425851821899414,0.3877103924751282,0.7362843155860901,0.318473219871521,0.8106403350830078,0.6128987073898315,0.8339551091194153,0.5188565850257874,0.8472265005111694,0.4548500180244446,0.8554865717887878,0.39188212156295776,open
0.7881536483764648,0.8790985345840454,0.6978200078010559,0.8833521604537964,0.6096974015235901,0.8377014994621277,0.5379282236099243,0.8029093146324158,0.4754188060760498,0.8017174601554871,0.6392571926116943,0.6310064196586609,0.5916967988014221,0.5289101600646973,0.5657969117164612,0.4639948010444641,0.5464552640914917,0.40536758303642273,0.6954822540283203,0.593252956867218,0.6685757040977478,0.46058279275894165,0.65367192029953,0.3762204945087433,0.643913209438324,0.3050287663936615,0.7531064748764038,0.5901538729667664,0.7472614645957947,0.4646861255168915,0.7423303723335266,0.3878844976425171,0.7361898422241211,0.3185223340988159,0.8105199933052063,0.6131125092506409,0.8337029218673706,0.518959641456604,0.8470231890678406,0.45479607582092285,0.8553979396820068,0.39169421792030334,open
0.7884474396705627,0.8795641660690308,0.6977439522743225,0.8836349248886108,0.6093841791152954,0.8373931646347046,0.5379692316055298,0.8023528456687927,0.4757761061191559,0.8016766309738159,0.6394978165626526,0.6312648057937622,0.5917162299156189,0.5290630459785461,0.5658533573150635,0.4639480710029602,0.5466339588165283,0.40521740913391113,0.6957038640975952,0.5934582948684692,0.6686089038848877,0.4607633948326111,0.6536019444465637,0.3761797845363617,0.6439244747161865,0.30494552850723267,0.7532891035079956,0.5903045535087585,0.7473511695861816,0.46519196033477783,0.7424593567848206,0.3882445693016052,0.7365462183952332,0.31889593601226807,0.8106378316879272,0.6131757497787476,0.8335208892822266,0.5189734697341919,0.8466982841491699,0.45466411113739014,0.8550662994384766,0.3913336992263794,open
0.7873197793960571,0.8786138296127319,0.6975264549255371,0.8827922344207764,0.6090824007987976,0.8366367220878601,0.5377411842346191,0.8013129830360413,0.475691020488739,0.7997466325759888,0.6393144726753235,0.6310405135154724,0.5918501615524292,0.5293365716934204,0.565983772277832,0.4644484221935272,0.5467551350593567,0.4060513377189636,0.6956155896186829,0.5933484435081482,0.6687289476394653,0.4603419899940491,0.6538448333740234,0.37584495544433594,0.6443756818771362,0.30470991134643555,0.7532752156257629,0.5901604890823364,0.7474039196968079,0.46469646692276,0.742561936378479,0.3871558904647827,0.7368279695510864,0.3171882927417755,0.8106975555419922,0.6129185557365417,0.8334246873855591,0.5183925032615662,0.8466017842292786,0.4541471600532532,0.8549855947494507,0.3908357620239258,open
0.7878050804138184,0.8766076564788818,0.6974502205848694,0.8807234764099121,0.6088249087333679,0.8344831466674805,0.5379864573478699,0.799430251121521,0.4764856696128845,0.7996924519538879,0.6395407319068909,0.6291084289550781,0.5923603773117065,0.5275471210479736,0.5665004849433899,0.4632272720336914,0.5469346046447754,0.40543293952941895,0.6961220502853394,0.591761589050293,0.6693859100341797,0.45840197801589966,0.6542463898658752,0.374362051486969,0.6443041563034058,0.30376359820365906,0.7540560960769653,0.5890111327171326,0.7479371428489685,0.46278780698776245,0.7426623106002808,0.3851155638694763,0.7364780306816101,0.3151642978191376,0.8115668296813965,0.6121171712875366,0.834086537361145,0.517056941986084,0.8471256494522095,0.4523276388645172,0.8553951978683472,0.3886703550815582,open
0.7876721024513245,0.8766447901725769,0.6971648335456848,0.8814729452133179,0.6085846424102783,0.8350127339363098,0.5376900434494019,0.800093948841095,0.4763714671134949,0.8002716898918152,0.6389452219009399,0.6286888718605042,0.591963529586792,0.5271499156951904,0.5658758878707886,0.46241411566734314,0.5461092591285706,0.4043746292591095,0.6952876448631287,0.5912869572639465,0.6688564419746399,0.45837557315826416,0.6540279388427734,0.3740459680557251,0.6441370844841003,0.30314555764198303,0.752933144569397,0.5885534882545471,0.7471044063568115,0.4627024531364441,0.7421150207519531,0.3850763142108917,0.7358275055885315,0.3153637647628784,0.8102369904518127,0.6119314432144165,0.8334963321685791,0.5168275237083435,0.8469514846801758,0.4521210789680481,0.8553223609924316,0.3888993263244629,open
0.7885057926177979,0.8763570785522461,0.6982586979866028,0.8809026479721069,0.6094381809234619,0.8344911336898804,0.5382856130599976,0.8001449704170227,0.47676950693130493,0.80022794008255,0.6395469307899475,0.6294577121734619,0.5928103923797607,0.5279046893119812,0.5669794678688049,0.4632618725299835,0.5471984148025513,0.4053722023963928,0.6958560943603516,0.5922452807426453,0.6690099239349365,0.4601096510887146,0.6537023782730103,0.37630748748779297,0.6432787775993347,0.30562108755111694,0.7534976601600647,0.5892848372459412,0.746925950050354,0.4642534554004669,0.7415655255317688,0.38746878504753113,0.7350444793701172,0.31812748312950134,0.8108356595039368,0.6120463013648987,0.8334379196166992,0.5176680088043213,0.8464212417602539,0.45339304208755493,0.8545687198638916,0.3900742828845978,open
0.7869699001312256,0.8759084939956665,0.6973015666007996,0.8798512816429138,0.6086462736129761,0.8335472941398621,0.5380489230155945,0.7978575229644775,0.4769613742828369,0.7963649034500122,0.6391022801399231,0.629841685295105,0.5922022461891174,0.5280123353004456,0.5664047002792358,0.4632256329059601,0.5470246076583862,0.40515202283859253,0.6953876614570618,0.5925560593605042,0.6687539219856262,0.4597126245498657,0.653857409954071,0.37579581141471863,0.644040584564209,0.30504387617111206,0.7530785202980042,0.5894775986671448,0.7466376423835754,0.463335245847702,0.7416370511054993,0.38610559701919556,0.7356416583061218,0.31690967082977295,0.8106720447540283,0.6123139262199402,0.8333677053451538,0.5172154307365417,0.8466649055480957,0.4528043866157532,0.8551993370056152,0.3900882303714752,open
0.787990152835846,0.8758392333984375,0.697569727897644,0.8788611888885498,0.6091391444206238,0.831725001335144,0.5388661623001099,0.7955257892608643,0.47774165868759155,0.793984055519104,0.6391539573669434,0.627889096736908,0.5926400423049927,0.5259497165679932,0.5669732093811035,0.4616457223892212,0.5474990010261536,0.4041042923927307,0.6956508159637451,0.5907957553863525,0.6691130995750427,0.4572450518608093,0.6542065143585205,0.3730699121952057,0.6443873047828674,0.3026721179485321,0.753603458404541,0.587851881980896,0.7471532225608826,0.4609563946723938,0.7421137690544128,0.38364681601524353,0.7361276149749756,0.31462156772613525,0.8112555146217346,0.6109054684638977,0.8338396549224854,0.515588104724884,0.8471688628196716,0.451181024312973,0.8558173179626465,0.38854050636291504,open
0.7867843508720398,0.8751420378684998,0.6968621015548706,0.87832111120224,0.6091476678848267,0.8317536115646362,0.5395282506942749,0.794620931148529,0.47895240783691406,0.7939482927322388,0.6384692192077637,0.627962052822113,0.5926231145858765,0.5260127782821655,0.5669468641281128,0.46145012974739075,0.5472592115402222,0.4037628173828125,0.6949431300163269,0.5901628136634827,0.6693567633628845,0.456256240606308,0.654481828212738,0.37199267745018005,0.6442874073982239,0.3016358017921448,0.7528334259986877,0.5867130756378174,0.7469552159309387,0.4590865969657898,0.7421751022338867,0.3810766339302063,0.7361781001091003,0.31194764375686646,0.8103947639465332,0.609865128993988,0.8338332176208496,0.5146039724349976,0.8473799228668213,0.4500018358230591,0.8562095761299133,0.3878249228000641,open
0.7871975302696228,0.8751497864723206,0.6967688798904419,0.8783342242240906,0.6087576150894165,0.8324899673461914,0.5381046533584595,0.7971456050872803,0.47690433263778687,0.7955390810966492,0.6389435529708862,0.6277785301208496,0.5924544930458069,0.5261217951774597,0.5664077997207642,0.4612990915775299,0.5470113754272461,0.4035037159919739,0.6952833533287048,0.5901267528533936,0.6694503426551819,0.45686811208724976,0.6546721458435059,0.37268203496932983,0.6449006795883179,0.3022605776786804,0.7530124187469482,0.5868618488311768,0.7466617226600647,0.45922985672950745,0.7418968677520752,0.3816255033016205,0.7360358238220215,0.31264156103134155,0.8104068040847778,0.610055685043335,0.8334981203079224,0.5146086812019348,0.8466818928718567,0.44990694522857666,0.8551476001739502,0.3876563608646393,open
0.786865234375,0.8747334480285645,0.6970121264457703,0.8791964054107666,0.609286904335022,0.8341423273086548,0.5393450260162354,0.798409104347229,0.47834551334381104,0.7957088351249695,0.6388596296310425,0.6293306350708008,0.5924389362335205,0.5281417369842529,0.5667974948883057,0.4634893238544464,0.5475296974182129,0.40567195415496826,0.6951341032981873,0.5909150838851929,0.6688051819801331,0.45823973417282104,0.6537994742393494,0.3747040629386902,0.6437203288078308,0.3047761619091034,0.7528067827224731,0.5872932076454163,0.7463829517364502,0.4603163003921509,0.7415592074394226,0.3835243284702301,0.7354686856269836,0.31505894660949707,0.810359001159668,0.6101635098457336,0.8333998322486877,0.5151171088218689,0.8465921878814697,0.45090097188949585,0.8550533056259155,0.38878554105758667,open
0.7870135307312012,0.8752022981643677,0.6969193816184998,0.8789138197898865,0.6091052889823914,0.8334282636642456,0.5386391878128052,0.7976725101470947,0.47765445709228516,0.7955172061920166,0.6390543580055237,0.629403293132782,0.5924447774887085,0.5279124975204468,0.5664384365081787,0.4628615081310272,0.5469862222671509,0.4048125743865967,0.6949110627174377,0.5911162495613098,0.6687479019165039,0.45839357376098633,0.6536418795585632,0.37452203035354614,0.643464982509613,0.3045037090778351,0.7523408532142639,0.5875729918479919,0.7462067604064941,0.46066057682037354,0.7414194345474243,0.38332030177116394,0.7354055643081665,0.3146148920059204,0.8097811937332153,0.6106129884719849,0.8332390785217285,0.5157151222229004,0.8465825319290161,0.4513304829597473,0.8551029562950134,0.38921305537223816,open
0.7857407927513123,0.8736613988876343,0.6966086030006409,0.877988874912262,0.6086052656173706,0.8316482901573181,0.5378427505493164,0.7954164743423462,0.47649773955345154,0.7948354482650757,0.6385524868965149,0.628248929977417,0.592007577419281,0.5264005064964294,0.5662574172019958,0.46131157875061035,0.5471383929252625,0.402940034866333,0.6948248147964478,0.5902360081672668,0.6685402393341064,0.4576019048690796,0.6537514925003052,0.3736298680305481,0.6442691087722778,0.3030894100666046,0.7526135444641113,0.5868235230445862,0.746776282787323,0.46059322357177734,0.741983950138092,0.38319554924964905,0.7362395524978638,0.3139486312866211,0.810120701789856,0.6096804738044739,0.8330762982368469,0.5146886706352234,0.8463389873504639,0.450339674949646,0.8548241853713989,0.38783523440361023,open
0.786605954170227,0.8728926777839661,0.6968872547149658,0.8778427839279175,0.6087831854820251,0.8319495916366577,0.5385181903839111,0.7964687943458557,0.47760653495788574,0.7953802943229675,0.638936460018158,0.6268112063407898,0.5923736691474915,0.5254788398742676,0.5667129755020142,0.460795521736145,0.5472989082336426,0.40270110964775085,0.6954664587974548,0.5886706113815308,0.6694105267524719,0.4560646116733551,0.6542716026306152,0.37200817465782166,0.6441709995269775,0.30119454860687256,0.7532069087028503,0.5855695605278015,0.7475929260253906,0.45944079756736755,0.7426332235336304,0.38247787952423096,0.73659747838974,0.31323689222335815,0.8105635643005371,0.6090303659439087,0.8334270715713501,0.5142947435379028,0.8464236259460449,0.45009487867355347,0.8545397520065308,0.387178897857666,open
0.7873543500900269,0.8729079961776733,0.6976295709609985,0.8778643608093262,0.609431266784668,0.8328454494476318,0.539064884185791,0.7979177236557007,0.47804757952690125,0.7960842847824097,0.6394369006156921,0.6268654465675354,0.5928688049316406,0.5253181457519531,0.5669546723365784,0.4605563282966614,0.5473024845123291,0.402493953704834,0.6958516240119934,0.589069664478302,0.6697618365287781,0.4565945863723755,0.654615044593811,0.37252241373062134,0.6442369222640991,0.3015578091144562,0.7535218596458435,0.5859788060188293,0.7474902868270874,0.4599742889404297,0.7424384355545044,0.3831048309803009,0.7360922694206238,0.3138425350189209,0.8109115958213806,0.6094825863838196,0.8340762257575989,0.5147003531455994,0.8472797274589539,0.4504905939102173,0.8555201292037964,0.3876810073852539,open
0.7863324284553528,0.8749430179595947,0.6969853043556213,0.8793438673019409,0.6088929772377014,0.8335404992103577,0.5386971831321716,0.798626720905304,0.47800326347351074,0.7968590259552002,0.6394358277320862,0.6279864311218262,0.5928866267204285,0.5266367793083191,0.5667666792869568,0.46190571784973145,0.5468199253082275,0.40388283133506775,0.6958015561103821,0.5900581479072571,0.6699113249778748,0.4574620723724365,0.6546679139137268,0.3732388913631439,0.6441928744316101,0.30228033661842346,0.7532492876052856,0.5869330167770386,0.7477204203605652,0.4612591862678528,0.7426193952560425,0.3843640089035034,0.736122190952301,0.31508687138557434,0.8104344010353088,0.6104154586791992,0.8339326977729797,0.5157787799835205,0.8472846746444702,0.451340913772583,0.8555675745010376,0.38826310634613037,open
0.7877412438392639,0.8741812705993652,0.6976728439331055,0.8789282441139221,0.6092659831047058,0.8339427709579468,0.5388637781143188,0.7987800240516663,0.47829487919807434,0.7968155145645142,0.6396281719207764,0.6280050873756409,0.5923866033554077,0.5263455510139465,0.566250741481781,0.46143990755081177,0.5465179681777954,0.40306901931762695,0.6960359215736389,0.5901039838790894,0.6696617007255554,0.457548052072525,0.6544740796089172,0.3733159601688385,0.6442368626594543,0.3022289276123047,0.7536123991012573,0.5871353149414062,0.7477608919143677,0.4616941213607788,0.7428261637687683,0.38454362750053406,0.7366786003112793,0.31517407298088074,0.8110711574554443,0.610466480255127,0.8341301083564758,0.5160967111587524,0.8473854660987854,0.4520379602909088,0.8557479977607727,0.3892521262168884,open
0.7872194051742554,0.8755119442939758,0.6979158520698547,0.8796230554580688,0.6101176142692566,0.8340480327606201,0.5396239757537842,0.7980480194091797,0.4787798523902893,0.7965258955955505,0.6398445963859558,0.6282545328140259,0.5930869579315186,0.5264847874641418,0.5673647522926331,0.4614794850349426,0.5479695200920105,0.40292131900787354,0.6960626840591431,0.5906273722648621,0.6700224876403809,0.4577934145927429,0.6553494930267334,0.3733232319355011,0.6454401016235352,0.301891952753067,0.753546953201294,0.5875518321990967,0.7476403713226318,0.46197694540023804,0.7424724698066711,0.3847680389881134,0.7360901832580566,0.31537938117980957,0.8109923601150513,0.610887885093689,0.834689736366272,0.5163247585296631,0.8481943011283875,0.45194172859191895,0.856709897518158,0.389057457447052,open
0.7886222004890442,0.8736554384231567,0.6987221837043762,0.8790788054466248,0.6108887195587158,0.8344979286193848,0.5403828620910645,0.7986408472061157,0.4793625473976135,0.7963966131210327,0.6401547193527222,0.6283332705497742,0.593205451965332,0.5266509652137756,0.5670989155769348,0.46178266406059265,0.5470588207244873,0.40343591570854187,0.6966884732246399,0.5903562307357788,0.6708934903144836,0.4578670859336853,0.6561664938926697,0.37369370460510254,0.6461071968078613,0.3025415241718292,0.7543614506721497,0.5871838927268982,0.7486177086830139,0.4613569676876068,0.7435715198516846,0.3842780888080597,0.7372816205024719,0.3148415982723236,0.8118014931678772,0.6105563640594482,0.8350626230239868,0.5159081220626831,0.8485217094421387,0.4516793489456177,0.8570249080657959,0.38891130685806274,open
0.7875149250030518,0.8756042718887329,0.6976298093795776,0.8807504773139954,0.6094857454299927,0.8351261615753174,0.5381840467453003,0.7983125448226929,0.47668731212615967,0.796282172203064,0.64012610912323,0.6285998225212097,0.593907356262207,0.5270417928695679,0.5680457353591919,0.4620547890663147,0.5482995510101318,0.4035349488258362,0.6965734958648682,0.5908893346786499,0.6714625358581543,0.457575261592865,0.656928539276123,0.3729707598686218,0.6469948291778564,0.3015379309654236,0.7540287375450134,0.5877247452735901,0.7488621473312378,0.46171408891677856,0.7438278794288635,0.3845139145851135,0.7375203967094421,0.315149188041687,0.8111637830734253,0.6110394597053528,0.8351104855537415,0.516341507434845,0.8486646413803101,0.45190197229385376,0.8571643829345703,0.3891196846961975,open
0.7880939245223999,0.876236617565155,0.6980853080749512,0.8811535835266113,0.610450029373169,0.8364123106002808,0.5399779677391052,0.8005754947662354,0.4786075949668884,0.7979843020439148,0.6406371593475342,0.6294198632240295,0.593713641166687,0.5272325277328491,0.5676217675209045,0.4616088271141052,0.5477182865142822,0.4028095602989197,0.6970423460006714,0.5916500091552734,0.6714009046554565,0.457491010427475,0.656781017780304,0.3723579943180084,0.6469002962112427,0.3006092607975006,0.7545961141586304,0.5887638330459595,0.7490058541297913,0.4618595242500305,0.7440667748451233,0.3843347728252411,0.7379019260406494,0.31471073627471924,0.8118643760681152,0.6125026941299438,0.835733950138092,0.5173988342285156,0.8495854735374451,0.4528389871120453,0.8584730625152588,0.3897829055786133,open
0.7886531352996826,0.8752362728118896,0.6984431147575378,0.8808286190032959,0.6104872822761536,0.8360446691513062,0.5396901369094849,0.7999792695045471,0.4781080484390259,0.7975854873657227,0.6403913497924805,0.6297593116760254,0.5934709310531616,0.5277891159057617,0.5675462484359741,0.462357759475708,0.5479224920272827,0.40344589948654175,0.6969756484031677,0.5917230248451233,0.6712631583213806,0.4579244554042816,0.6565589904785156,0.37295323610305786,0.6466235518455505,0.3012288212776184,0.7545903921127319,0.5886551141738892,0.7489404678344727,0.46200668811798096,0.7439219951629639,0.38435912132263184,0.7377220392227173,0.314505934715271,0.8119343519210815,0.6122905611991882,0.8356439471244812,0.517585277557373,0.8494707942008972,0.45311200618743896,0.8583049774169922,0.39018553495407104,open
0.7875726222991943,0.8775715231895447,0.6977468132972717,0.8813931941986084,0.6093993186950684,0.8345928192138672,0.5377371311187744,0.7977790236473083,0.4758792519569397,0.7960832118988037,0.640273928642273,0.6294845342636108,0.5934876203536987,0.5271091461181641,0.5674793720245361,0.46173959970474243,0.5477368831634521,0.402682363986969,0.6967426538467407,0.5919439792633057,0.6717487573623657,0.4578362703323364,0.6574520468711853,0.372443288564682,0.6477795839309692,0.2999776005744934,0.754276692867279,0.5889252424240112,0.7490004897117615,0.4624694585800171,0.7442154288291931,0.38501814007759094,0.7380937933921814,0.3152082860469818,0.811557412147522,0.6122175455093384,0.8355001211166382,0.5173787474632263,0.8494277596473694,0.45296430587768555,0.858299732208252,0.39015212655067444,open
0.7873013019561768,0.8783328533172607,0.697672963142395,0.8810863494873047,0.6094316840171814,0.8336584568023682,0.538571834564209,0.7967385649681091,0.4770618677139282,0.7946581244468689,0.640326201915741,0.6286863684654236,0.5933529138565063,0.5258461236953735,0.5673617720603943,0.4604090452194214,0.5477941036224365,0.40163880586624146,0.6968721151351929,0.591214120388031,0.6711226105690002,0.4572359323501587,0.6566505432128906,0.3719942271709442,0.647249162197113,0.30007869005203247,0.7545592188835144,0.5882837176322937,0.7492353320121765,0.461302787065506,0.7448244690895081,0.3838306963443756,0.7394030094146729,0.3142988681793213,0.8117998242378235,0.6117419600486755,0.8352997303009033,0.5171561241149902,0.8491466045379639,0.45256075263023376,0.8583359122276306,0.3894432485103607,open
0.7882462739944458,0.87615966796875,0.6983435153961182,0.8802185654640198,0.6097582578659058,0.8334007859230042,0.5385535359382629,0.7968449592590332,0.4768217206001282,0.7958074808120728,0.640579879283905,0.6280844211578369,0.5931960344314575,0.5257346630096436,0.5667739510536194,0.46079885959625244,0.5464560389518738,0.40268468856811523,0.6971809267997742,0.5902260541915894,0.6713735461235046,0.4562140703201294,0.6568445563316345,0.3712846338748932,0.6472802758216858,0.2999253571033478,0.7549998760223389,0.5871993899345398,0.7493911385536194,0.4603567123413086,0.744758129119873,0.3826809823513031,0.7391207218170166,0.31317007541656494,0.8124040365219116,0.6106482744216919,0.8357824683189392,0.5158969163894653,0.8497135639190674,0.4515138864517212,0.8589785099029541,0.3888486325740814,open
0.788288414478302,0.8744933009147644,0.698176383972168,0.8793976306915283,0.6095551252365112,0.8337814211845398,0.5381935834884644,0.7974820137023926,0.47649306058883667,0.7960859537124634,0.6399332880973816,0.6286521553993225,0.5927157402038574,0.5257795453071594,0.5665903687477112,0.46035516262054443,0.5468445420265198,0.40153050422668457,0.6967218518257141,0.5906018614768982,0.6712885499000549,0.45643776655197144,0.6569702625274658,0.3712277114391327,0.6474072933197021,0.29906415939331055,0.7544763088226318,0.5874541997909546,0.7491838932037354,0.460917592048645,0.7446330189704895,0.38359934091567993,0.7389129400253296,0.31401821970939636,0.811875581741333,0.6106236577033997,0.8356871604919434,0.5159105062484741,0.8497000932693481,0.4516545832157135,0.8588037490844727,0.3888855278491974,open
0.7875337600708008,0.8766968250274658,0.6976762413978577,0.8807162046432495,0.6088794469833374,0.8337543606758118,0.53802490234375,0.7968435883522034,0.4764416217803955,0.7951005101203918,0.6397739052772522,0.6281795501708984,0.5929462909698486,0.5258282423019409,0.5671144723892212,0.46078091859817505,0.5474410057067871,0.40197116136550903,0.6964616775512695,0.590896725654602,0.6712566018104553,0.4564170837402344,0.6574337482452393,0.3706417977809906,0.648231029510498,0.2979099750518799,0.7540754079818726,0.5881657600402832,0.7487068176269531,0.4623010754585266,0.74395751953125,0.3851262629032135,0.7377357482910156,0.3154156506061554,0.8115890026092529,0.6111207604408264,0.834968090057373,0.5162621736526489,0.8485105037689209,0.4520096182823181,0.8569367527961731,0.38897302746772766,open
0.7877122163772583,0.8749368786811829,0.6976692080497742,0.8800898790359497,0.6091783046722412,0.8341512084007263,0.5380866527557373,0.7969855070114136,0.4761151075363159,0.7956156730651855,0.6400719881057739,0.6281428933143616,0.5929648280143738,0.5259315371513367,0.5666167736053467,0.46094000339508057,0.546391487121582,0.4021769165992737,0.6965345144271851,0.5902448892593384,0.670989453792572,0.45628121495246887,0.6567186713218689,0.3708307147026062,0.6473310589790344,0.2983574867248535,0.7540890574455261,0.5871061086654663,0.7486233115196228,0.4608215093612671,0.7438991069793701,0.38319534063339233,0.7380080223083496,0.31326016783714294,0.8114120960235596,0.6101329922676086,0.8343752026557922,0.515554666519165,0.8478735685348511,0.45151257514953613,0.8565592765808105,0.38888344168663025,open
0.787674605846405,0.8754556179046631,0.697727382183075,0.88031405210495,0.6093154549598694,0.8345729112625122,0.5384779572486877,0.7986165881156921,0.47678738832473755,0.7972432971000671,0.639703631401062,0.6282387971878052,0.5923959016799927,0.5258827209472656,0.5663602948188782,0.4605211019515991,0.5466556549072266,0.4015817642211914,0.6961750984191895,0.5905129313468933,0.6705472469329834,0.45633965730667114,0.6565076112747192,0.3706250786781311,0.6473625302314758,0.2980557382106781,0.7537325024604797,0.5875508785247803,0.7481914758682251,0.4609187841415405,0.7436275482177734,0.38327062129974365,0.7377825975418091,0.3134588301181793,0.8112533688545227,0.6108090877532959,0.834602415561676,0.5159246921539307,0.8482499122619629,0.4516702890396118,0.8568910360336304,0.3889450132846832,open
0.7876675724983215,0.8755125999450684,0.6977744102478027,0.8799849152565002,0.6094877123832703,0.8346991539001465,0.5385370850563049,0.7989485859870911,0.4768763482570648,0.7976328134536743,0.6394577622413635,0.6279062032699585,0.5922144055366516,0.5251863598823547,0.5660853981971741,0.45997849106788635,0.5461916923522949,0.40111538767814636,0.696068525314331,0.5902612209320068,0.6707042455673218,0.45612233877182007,0.6567386388778687,0.37068113684654236,0.6475502848625183,0.29820144176483154,0.7536423206329346,0.5873662233352661,0.7482693791389465,0.4611797332763672,0.7437316179275513,0.38389891386032104,0.7379097938537598,0.3142257034778595,0.8110148906707764,0.6104831695556641,0.8343461155891418,0.5157731175422668,0.8478704690933228,0.4516748785972595,0.8564600348472595,0.3889610469341278,open
0.7870078086853027,0.8762765526771545,0.6973825097084045,0.8803733587265015,0.6096234321594238,0.8346409201622009,0.5390004515647888,0.7989499568939209,0.47730833292007446,0.7974790930747986,0.6393119096755981,0.6282435655593872,0.5925365686416626,0.5255649089813232,0.5663553476333618,0.4603908956050873,0.5461900234222412,0.4018118977546692,0.6958722472190857,0.5908142924308777,0.6707027554512024,0.4560536742210388,0.6567239165306091,0.3705131709575653,0.6473403573036194,0.2983090877532959,0.7534910440444946,0.58809494972229,0.7479095458984375,0.4607822299003601,0.7435190677642822,0.38316887617111206,0.7377269268035889,0.31347882747650146,0.810997486114502,0.6113942861557007,0.8344116806983948,0.5162118673324585,0.8481689691543579,0.4518311023712158,0.8568919897079468,0.38902798295021057,open
0.7879593372344971,0.8747644424438477,0.6978570222854614,0.8803539276123047,0.6098625659942627,0.8354992270469666,0.5391308069229126,0.800109326839447,0.4773452877998352,0.7986045479774475,0.6392738819122314,0.6288981437683105,0.5921127200126648,0.5258274078369141,0.5658426880836487,0.4605664014816284,0.5457760095596313,0.4018940329551697,0.6958805918693542,0.5909407138824463,0.6704522371292114,0.45615434646606445,0.6564286947250366,0.37070438265800476,0.6472570300102234,0.2987375259399414,0.7534077167510986,0.5877318382263184,0.7478199005126953,0.4605908989906311,0.7435089945793152,0.38303032517433167,0.7380357384681702,0.31348535418510437,0.8107448816299438,0.6106805205345154,0.8342263698577881,0.5160518884658813,0.8480087518692017,0.45190557837486267,0.8568618297576904,0.389289528131485,open
0.786801278591156,0.8755859136581421,0.6972208619117737,0.8804962038993835,0.6088212728500366,0.8343526124954224,0.5372812151908875,0.7980222702026367,0.47496330738067627,0.7977281212806702,0.6387926936149597,0.6282837390899658,0.5918442010879517,0.5254384279251099,0.5659419894218445,0.4599117636680603,0.5462283492088318,0.400892049074173,0.6953373551368713,0.5907226204872131,0.6705343127250671,0.4559924602508545,0.6569238305091858,0.3705449104309082,0.6479237079620361,0.298246294260025,0.7529826760292053,0.5876381993293762,0.7478246688842773,0.4611681401729584,0.7432206869125366,0.383958101272583,0.7374566793441772,0.3144350051879883,0.8104555606842041,0.6105715036392212,0.8342260122299194,0.5159087181091309,0.8480953574180603,0.4517088532447815,0.8570610880851746,0.389145165681839,open
0.7868640422821045,0.8756368160247803,0.6972811818122864,0.8807509541511536,0.6085106134414673,0.8340913653373718,0.5375524759292603,0.7974996566772461,0.47583121061325073,0.7971450686454773,0.6390106081962585,0.627484917640686,0.5919618606567383,0.5249223709106445,0.5662060976028442,0.4594011902809143,0.5468248128890991,0.4003176689147949,0.6953617930412292,0.5900113582611084,0.6703172922134399,0.4554153382778168,0.6566668748855591,0.3698321282863617,0.6478418707847595,0.2975550591945648,0.7530101537704468,0.5871490240097046,0.7476860880851746,0.4610421061515808,0.7432110905647278,0.3842047154903412,0.7376806735992432,0.31506890058517456,0.8105302453041077,0.6103256940841675,0.8338873386383057,0.516032338142395,0.8474809527397156,0.4519078731536865,0.856169581413269,0.38913923501968384,open
0.7873905301094055,0.8746464848518372,0.6971818208694458,0.8796510696411133,0.6084384918212891,0.8328714370727539,0.5376722812652588,0.7961783409118652,0.4758983254432678,0.7955759763717651,0.6388192772865295,0.6272106766700745,0.5917942523956299,0.5241182446479797,0.5660043358802795,0.4586676061153412,0.5463789105415344,0.3996371626853943,0.6955408453941345,0.5899062752723694,0.6702724695205688,0.45549798011779785,0.6565776467323303,0.3700651228427887,0.6476707458496094,0.2976377308368683,0.753437340259552,0.5872071981430054,0.7476682066917419,0.46100887656211853,0.7433242797851562,0.3839879631996155,0.7378700971603394,0.31444525718688965,0.8112287521362305,0.6104358434677124,0.834174633026123,0.5160064101219177,0.8476441502571106,0.45201921463012695,0.8562251329421997,0.38916879892349243,open
0.7874489426612854,0.8744899034500122,0.6971327066421509,0.879446268081665,0.6086915135383606,0.8332338929176331,0.5381667017936707,0.7964919209480286,0.4764977693557739,0.795068085193634,0.6389621496200562,0.6272323727607727,0.5918279886245728,0.5243211984634399,0.5660839080810547,0.45868825912475586,0.546566903591156,0.3995911478996277,0.6955298185348511,0.5899155139923096,0.6705922484397888,0.45519015192985535,0.6570489406585693,0.36954382061958313,0.6481951475143433,0.29725760221481323,0.7530834078788757,0.5871763825416565,0.7474914789199829,0.46091723442077637,0.7430035471916199,0.3836994767189026,0.7374102473258972,0.31396540999412537,0.8105527758598328,0.6102908849716187,0.8338700532913208,0.5157828330993652,0.8475449085235596,0.4516092538833618,0.8561933636665344,0.3885619640350342,open
0.7874869108200073,0.8742038011550903,0.6976020336151123,0.8785780668258667,0.6091989874839783,0.8327429294586182,0.5383378267288208,0.7966307401657104,0.4767780601978302,0.795218825340271,0.6393792629241943,0.6275438070297241,0.5921159982681274,0.5245977640151978,0.5663725137710571,0.45884859561920166,0.5469765663146973,0.39975565671920776,0.6958005428314209,0.5901267528533936,0.670642614364624,0.45555436611175537,0.6570114493370056,0.3697512447834015,0.6482159495353699,0.29738906025886536,0.7533301115036011,0.5873011946678162,0.7475895881652832,0.46093249320983887,0.7430189251899719,0.383532851934433,0.7374947667121887,0.313803493976593,0.8107300400733948,0.610415518283844,0.8342289328575134,0.5162630677223206,0.8478453159332275,0.45193979144096375,0.8565170764923096,0.3888145387172699,open
0.7868176698684692,0.8753880858421326,0.6970073580741882,0.8788989186286926,0.6088626384735107,0.831893265247345,0.5384038686752319,0.7946252822875977,0.4768412709236145,0.7934643030166626,0.639009416103363,0.6269524693489075,0.5921809077262878,0.524067223072052,0.566351592540741,0.45865750312805176,0.5466805100440979,0.39991068840026855,0.6956469416618347,0.5897780060768127,0.6709357500076294,0.45484524965286255,0.6574900150299072,0.36903560161590576,0.6486375331878662,0.2965480387210846,0.7532207369804382,0.5870194435119629,0.7477433681488037,0.46028590202331543,0.7434056997299194,0.382830947637558,0.73789381980896,0.31311193108558655,0.8105427622795105,0.6102466583251953,0.8338384628295898,0.5154229402542114,0.847501814365387,0.45119765400886536,0.8562014102935791,0.38836669921875,open
0.7869889140129089,0.8742420673370361,0.6969622373580933,0.8777207136154175,0.6090313196182251,0.8306949734687805,0.5387699007987976,0.7935207486152649,0.4775945246219635,0.7912375330924988,0.6396929025650024,0.6259095668792725,0.5926330089569092,0.5236624479293823,0.5666100978851318,0.45853734016418457,0.5466942191123962,0.3998950123786926,0.6964127421379089,0.5885274410247803,0.6714089512825012,0.45449820160865784,0.6574835777282715,0.36906808614730835,0.6481735110282898,0.29673007130622864,0.7540736198425293,0.5858060717582703,0.7482779026031494,0.4591197669506073,0.7435431480407715,0.38097354769706726,0.7378076910972595,0.3107725977897644,0.8113094568252563,0.6094982624053955,0.8341726660728455,0.514785647392273,0.8477208614349365,0.45041990280151367,0.8563953042030334,0.38756224513053894,open
0.787310779094696,0.8724534511566162,0.6974143981933594,0.876730740070343,0.6092771887779236,0.8304867744445801,0.5386213064193726,0.793716549873352,0.47731465101242065,0.7922895550727844,0.6400139331817627,0.6263872981071472,0.5928218364715576,0.5245097875595093,0.5664151310920715,0.45942607522010803,0.5462969541549683,0.4007699489593506,0.6966837048530579,0.5885684490203857,0.6712112426757812,0.4553549289703369,0.6572344303131104,0.3702484369277954,0.6480045914649963,0.2976638376712799,0.7544575929641724,0.5856699347496033,0.7485324740409851,0.45929980278015137,0.7441195845603943,0.38141924142837524,0.7386895418167114,0.3113529086112976,0.8118704557418823,0.6092709302902222,0.8345041275024414,0.5144054889678955,0.8479966521263123,0.44993507862091064,0.856682538986206,0.38715890049934387,open
0.7877576351165771,0.873356819152832,0.6979835033416748,0.8779470920562744,0.6094362735748291,0.8308904767036438,0.5383647084236145,0.7930715084075928,0.47674882411956787,0.7908415794372559,0.6403930187225342,0.6263515949249268,0.5930061936378479,0.5243853330612183,0.5665816068649292,0.4591897130012512,0.5465415120124817,0.400359570980072,0.6966783404350281,0.588602602481842,0.6715828776359558,0.4545195400714874,0.6578075885772705,0.3686869442462921,0.6488070487976074,0.2958785891532898,0.7541508674621582,0.5856306552886963,0.7482869029045105,0.4598730802536011,0.7437014579772949,0.38219261169433594,0.7381021976470947,0.31217479705810547,0.8114087581634521,0.6088429093360901,0.8345040678977966,0.5146752595901489,0.8480215072631836,0.45034945011138916,0.8567339181900024,0.38744792342185974,open
0.7866257429122925,0.872888445854187,0.6973943710327148,0.8773880004882812,0.6089788675308228,0.8309279084205627,0.538304328918457,0.7934263944625854,0.47711700201034546,0.7906064391136169,0.6399494409561157,0.6262791156768799,0.5929757356643677,0.5241973996162415,0.5666975378990173,0.4590122103691101,0.5467906594276428,0.40016791224479675,0.6963640451431274,0.5886536240577698,0.6713796257972717,0.4545513987541199,0.6577123403549194,0.368755042552948,0.6488907337188721,0.2959982752799988,0.7538450956344604,0.5857296586036682,0.7482049465179443,0.4598919153213501,0.7438293695449829,0.3826206624507904,0.7384179830551147,0.3130723536014557,0.8111819624900818,0.6089544892311096,0.8343545794487,0.5150963068008423,0.8478198051452637,0.45100876688957214,0.856471061706543,0.3883178234100342,open
0.7870445847511292,0.8723841905593872,0.6977910399436951,0.877183735370636,0.6093381643295288,0.8308233022689819,0.5391406416893005,0.7941920757293701,0.47822242975234985,0.7918567061424255,0.6402830481529236,0.6267910599708557,0.5928196907043457,0.5245559215545654,0.5665717124938965,0.4592961072921753,0.5467990636825562,0.40033888816833496,0.6967321038246155,0.5890333652496338,0.6717890501022339,0.4547221064567566,0.6585849523544312,0.3687852621078491,0.6502219438552856,0.295846164226532,0.7541955709457397,0.5860458612442017,0.7487879395484924,0.4605591893196106,0.7445774674415588,0.3829302191734314,0.7393046617507935,0.31273961067199707,0.8115051984786987,0.6089531183242798,0.834614098072052,0.5151971578598022,0.8482934236526489,0.4511651396751404,0.8570889234542847,0.38818439841270447,open
0.7875576019287109,0.8732292652130127,0.6978380084037781,0.8786002397537231,0.6090307235717773,0.8322147130966187,0.5391014218330383,0.7952308654785156,0.47809284925460815,0.7933669686317444,0.6396419405937195,0.6268544793128967,0.5928199887275696,0.5244840383529663,0.5667628049850464,0.4593760073184967,0.5467710494995117,0.40066683292388916,0.6964079141616821,0.5893195271492004,0.6719332933425903,0.4547305107116699,0.6588293313980103,0.36876341700553894,0.6502078771591187,0.2959953546524048,0.754160463809967,0.5866844058036804,0.749014675617218,0.4611206650733948,0.7447879910469055,0.38352030515670776,0.7393272519111633,0.31351059675216675,0.8115923404693604,0.6102356314659119,0.8349589109420776,0.5162468552589417,0.8486990332603455,0.4522956311702728,0.8574077486991882,0.3895294666290283,open
0.7876564860343933,0.8740081787109375,0.6981430053710938,0.8789640665054321,0.6097029447555542,0.8327919244766235,0.539523184299469,0.7954736351966858,0.47851669788360596,0.7930481433868408,0.6399866342544556,0.6275737285614014,0.5928571224212646,0.5249254107475281,0.5670520663261414,0.45944681763648987,0.5474568605422974,0.4002252221107483,0.6967728734016418,0.5901505351066589,0.6719918251037598,0.4557081460952759,0.6590453386306763,0.36935463547706604,0.6506737470626831,0.2960418164730072,0.7545563578605652,0.587446928024292,0.749147891998291,0.46172770857810974,0.7450564503669739,0.38446763157844543,0.7397377490997314,0.3143797814846039,0.8122289180755615,0.6105394959449768,0.8356168270111084,0.5164508819580078,0.8492940664291382,0.4523264169692993,0.8579422235488892,0.3889855444431305,open
0.7876021265983582,0.8729483485221863,0.6980409622192383,0.8789065480232239,0.6099281907081604,0.833693265914917,0.5399172306060791,0.7960473895072937,0.4786313772201538,0.7925931811332703,0.6400494575500488,0.6279770731925964,0.5931232571601868,0.5254132151603699,0.5671084523200989,0.46001359820365906,0.5472849011421204,0.40121889114379883,0.6968602538108826,0.5903328061103821,0.6721341013908386,0.45579391717910767,0.6590275168418884,0.36982154846191406,0.6506996750831604,0.2973124086856842,0.7546313405036926,0.5877102613449097,0.7494103908538818,0.46144258975982666,0.7451808452606201,0.3839062452316284,0.7399184107780457,0.31407734751701355,0.81226646900177,0.6111656427383423,0.8360335230827332,0.5169311761856079,0.8495399951934814,0.45245426893234253,0.8581146001815796,0.38909727334976196,open
0.787519097328186,0.8746406435966492,0.6978921890258789,0.8796520233154297,0.6099647879600525,0.8329763412475586,0.5396211743354797,0.7950125336647034,0.4781721234321594,0.7922270894050598,0.6403835415840149,0.6272374987602234,0.5937153100967407,0.5247936248779297,0.5680182576179504,0.45944496989250183,0.5484029054641724,0.400587260723114,0.6969178318977356,0.5898309350013733,0.67276930809021,0.45500391721725464,0.6601351499557495,0.36888089776039124,0.6520677804946899,0.29608282446861267,0.7543824911117554,0.5872989892959595,0.7494257092475891,0.46099865436553955,0.7454023361206055,0.38354790210723877,0.7402423620223999,0.3135560154914856,0.8116971254348755,0.6107567548751831,0.8359387516975403,0.5168832540512085,0.8498536348342896,0.45247048139572144,0.8587186336517334,0.38906431198120117,open
0.7885451912879944,0.8730797171592712,0.6987804770469666,0.8795252442359924,0.6105306148529053,0.8337631225585938,0.5400586128234863,0.7957122325897217,0.478485107421875,0.7927165031433105,0.6407250761985779,0.6280354261398315,0.5938987731933594,0.5253726840019226,0.5681811571121216,0.45988643169403076,0.5486907362937927,0.40107470750808716,0.6974952220916748,0.5903763175010681,0.6727627515792847,0.4556768536567688,0.6599371433258057,0.3696848154067993,0.6520035862922668,0.2970845103263855,0.7552169561386108,0.5876154899597168,0.7498968839645386,0.46099209785461426,0.7459644675254822,0.3830503225326538,0.7411314249038696,0.31285178661346436,0.8126453161239624,0.610983669757843,0.8361961245536804,0.516262948513031,0.8501644730567932,0.45178598165512085,0.8592092990875244,0.38862136006355286,open
0.7874338030815125,0.8733070492744446,0.6981844902038574,0.878944993019104,0.6098306775093079,0.8330597281455994,0.5388942956924438,0.7949538230895996,0.4768766164779663,0.791490912437439,0.6403927803039551,0.6271628737449646,0.5939939022064209,0.5244432687759399,0.5687212944030762,0.4587663412094116,0.549699068069458,0.3994414210319519,0.6973248720169067,0.5900756120681763,0.6734525561332703,0.45551514625549316,0.6608962416648865,0.36961829662323,0.6529690623283386,0.2965085208415985,0.7550278902053833,0.5875837206840515,0.7505351305007935,0.4615490436553955,0.746566653251648,0.38395777344703674,0.7415643930435181,0.31360921263694763,0.8123711943626404,0.6109474897384644,0.8363775014877319,0.5166499018669128,0.8504348993301392,0.45222169160842896,0.859425961971283,0.3888095021247864,open
0.7878978848457336,0.8729672431945801,0.6991562247276306,0.8788683414459229,0.6106205582618713,0.8334873914718628,0.540368378162384,0.7955952286720276,0.4789983928203583,0.792837381362915,0.641059398651123,0.6275575160980225,0.5942914485931396,0.5248337388038635,0.568747878074646,0.4595072865486145,0.5493475198745728,0.40056976675987244,0.6979231834411621,0.589968204498291,0.6734803915023804,0.4547026753425598,0.6606358289718628,0.3686414659023285,0.6525464057922363,0.2955896556377411,0.7556217908859253,0.5873566269874573,0.7507699728012085,0.4609372913837433,0.746856689453125,0.3831186890602112,0.7419331669807434,0.3127131760120392,0.8129656910896301,0.6107198596000671,0.8367108702659607,0.5166030526161194,0.8506122827529907,0.45216989517211914,0.8596022725105286,0.38865548372268677,open
0.7880645394325256,0.8741405606269836,0.6988858580589294,0.8794786930084229,0.6103468537330627,0.8333901166915894,0.5399712324142456,0.7953396439552307,0.4785591959953308,0.7927335500717163,0.6409907341003418,0.6273384690284729,0.5945640206336975,0.5248145461082458,0.5685684084892273,0.45965576171875,0.5484321117401123,0.4010204076766968,0.6977874636650085,0.5899875164031982,0.6739455461502075,0.4549632668495178,0.661283016204834,0.3691365718841553,0.6530121564865112,0.29622697830200195,0.7554014921188354,0.5875263214111328,0.7507696151733398,0.4613094925880432,0.7467681765556335,0.38351571559906006,0.7415211796760559,0.31313595175743103,0.8128202557563782,0.6110746264457703,0.8367748856544495,0.5165680050849915,0.8506309986114502,0.4518933892250061,0.859382152557373,0.3883322477340698,open
0.7885605692863464,0.8728815317153931,0.6993083357810974,0.8785035610198975,0.6104950308799744,0.833395779132843,0.539828360080719,0.7952998876571655,0.47844696044921875,0.7921500205993652,0.641109049320221,0.627108097076416,0.594605028629303,0.5245808362960815,0.5688045620918274,0.45954352617263794,0.5488532185554504,0.4011228680610657,0.6979405283927917,0.5897040963172913,0.6737863421440125,0.45475834608078003,0.6610183119773865,0.3690688908100128,0.652812659740448,0.2964635193347931,0.7556434273719788,0.5870376229286194,0.7506486773490906,0.46085700392723083,0.7465741634368896,0.38297039270401,0.7414434552192688,0.31257596611976624,0.8130806684494019,0.6103808879852295,0.836706280708313,0.5162088871002197,0.8504295945167542,0.4520038962364197,0.8592460751533508,0.38884493708610535,open
0.7882532477378845,0.8735898733139038,0.6989575028419495,0.8787047266960144,0.6105781197547913,0.8331101536750793,0.5395790934562683,0.7950923442840576,0.47782009840011597,0.7919459342956543,0.640982985496521,0.6266025900840759,0.5941668748855591,0.5245898962020874,0.5684576034545898,0.45959579944610596,0.5488787889480591,0.4007435441017151,0.6974592804908752,0.589107096195221,0.6733717918395996,0.45410746335983276,0.6607431173324585,0.36806342005729675,0.6527011394500732,0.2949032485485077,0.7548969388008118,0.5866414308547974,0.7504004836082458,0.4604693055152893,0.746459424495697,0.3826424777507782,0.7413880825042725,0.3120221793651581,0.8121693134307861,0.6103185415267944,0.8364520072937012,0.5163716077804565,0.85048508644104,0.45200440287590027,0.8594350218772888,0.38850051164627075,open
0.7885200381278992,0.8735429644584656,0.6990816593170166,0.87901771068573,0.6108533143997192,0.833665668964386,0.5401787161827087,0.7960588932037354,0.47857385873794556,0.7931536436080933,0.6408918499946594,0.6270269155502319,0.5940284729003906,0.524642825126648,0.5684002637863159,0.45944344997406006,0.5488775968551636,0.4005264639854431,0.6977502107620239,0.5896588563919067,0.6733860373497009,0.45468926429748535,0.6605470776557922,0.3686535954475403,0.652277946472168,0.2955175042152405,0.7554442286491394,0.5873441696166992,0.7508129477500916,0.4610835909843445,0.7468538284301758,0.38341769576072693,0.7417237162590027,0.3128834068775177,0.8127634525299072,0.6111192107200623,0.8367072343826294,0.5170175433158875,0.8505855798721313,0.45256876945495605,0.8594467639923096,0.38884231448173523,open
0.7879404425621033,0.8742491602897644,0.6988932490348816,0.878454864025116,0.6106424331665039,0.8326897025108337,0.5397884845733643,0.7952424883842468,0.4780866503715515,0.793038010597229,0.6407405138015747,0.6270169019699097,0.5938947796821594,0.5244022607803345,0.5681825280189514,0.4591670632362366,0.548811674118042,0.4002201557159424,0.6975583434104919,0.5896674394607544,0.673287570476532,0.4546661972999573,0.6606060266494751,0.3684903383255005,0.6525856852531433,0.2951626181602478,0.7552629709243774,0.5871857404708862,0.7506040334701538,0.460951030254364,0.746758222579956,0.3831767737865448,0.7418236136436462,0.31273239850997925,0.8125209212303162,0.6107631325721741,0.8365196585655212,0.5168644189834595,0.8505864143371582,0.4524296820163727,0.8597201704978943,0.3889677822589874,open
0.7879562377929688,0.8730985522270203,0.6989831924438477,0.8783299922943115,0.610680103302002,0.8327459692955017,0.5396122336387634,0.7953046560287476,0.47791358828544617,0.7927559614181519,0.6413385272026062,0.6270857453346252,0.5944770574569702,0.5246092081069946,0.5686070322990417,0.45940953493118286,0.5489546060562134,0.4006427824497223,0.6979478001594543,0.5896719694137573,0.6734976768493652,0.4547249674797058,0.6607134342193604,0.36870473623275757,0.6527184844017029,0.29571133852005005,0.7554764747619629,0.587147057056427,0.7504796981811523,0.4609951376914978,0.7466278076171875,0.3828219473361969,0.7417658567428589,0.3121146857738495,0.8126744031906128,0.6106477975845337,0.8364449739456177,0.5168079733848572,0.8504857420921326,0.45241397619247437,0.859585702419281,0.38910606503486633,open
0.788296639919281,0.8730441331863403,0.6992639899253845,0.878096342086792,0.6104369163513184,0.8323626518249512,0.5393573045730591,0.7952591180801392,0.4779713749885559,0.7930371761322021,0.6411435008049011,0.626907229423523,0.5941855907440186,0.5243710875511169,0.5682132840156555,0.459229052066803,0.5483492612838745,0.40074673295021057,0.6977774500846863,0.5897388458251953,0.6734587550163269,0.45461758971214294,0.6605513691902161,0.3688003122806549,0.6522504687309265,0.2961253523826599,0.7552926540374756,0.5872911214828491,0.7501824498176575,0.4605511426925659,0.7459927201271057,0.3823622465133667,0.7407923340797424,0.3117521405220032,0.8123953938484192,0.6108854413032532,0.8362789154052734,0.5168301463127136,0.8503087759017944,0.45235246419906616,0.8594032526016235,0.3890969753265381,open
0.7873055934906006,0.874163031578064,0.6982197761535645,0.8785638809204102,0.6101398468017578,0.8330742120742798,0.5396374464035034,0.796096682548523,0.47852399945259094,0.7939973473548889,0.6405243277549744,0.627470076084137,0.5938159823417664,0.5247237086296082,0.5678417086601257,0.4591549038887024,0.5479921698570251,0.40016430616378784,0.6971274018287659,0.5902420282363892,0.6731181144714355,0.45468413829803467,0.6603707671165466,0.3682466447353363,0.6520752906799316,0.29474103450775146,0.7545438408851624,0.5878679752349854,0.7498537302017212,0.4610438346862793,0.7457551956176758,0.38243117928504944,0.7404698133468628,0.3113838732242584,0.8115624189376831,0.6117478609085083,0.8355022072792053,0.5173245668411255,0.8495168685913086,0.4526795744895935,0.8584733009338379,0.38939785957336426,open
0.7874327301979065,0.8747547268867493,0.6983200907707214,0.8783369064331055,0.609830915927887,0.8321247696876526,0.5397323369979858,0.7954292297363281,0.4790049195289612,0.7933499217033386,0.6404924988746643,0.6274409294128418,0.593427300453186,0.5249518752098083,0.5673540830612183,0.45972415804862976,0.5473021864891052,0.4012577533721924,0.6971198320388794,0.5899288058280945,0.6728752255439758,0.4546930193901062,0.660043478012085,0.36855244636535645,0.6516692042350769,0.2955424189567566,0.7545148730278015,0.587300717830658,0.7495904564857483,0.4603833258152008,0.7457321882247925,0.3818901479244232,0.7406456470489502,0.31107041239738464,0.8113275766372681,0.6109801530838013,0.8347594738006592,0.5170407295227051,0.8486449718475342,0.4528360366821289,0.8575775027275085,0.38987216353416443,open
0.7867000699043274,0.875134289264679,0.697821319103241,0.8782204389572144,0.6095816493034363,0.8315969109535217,0.5386121273040771,0.794815182685852,0.47697800397872925,0.7931166291236877,0.6398714184761047,0.6268354654312134,0.5931339859962463,0.5240578055381775,0.5671420097351074,0.4589294195175171,0.5470362305641174,0.40040820837020874,0.6966174244880676,0.5896424055099487,0.6730046272277832,0.45466336607933044,0.6603178977966309,0.3689667880535126,0.6518927216529846,0.2963719069957733,0.7541824579238892,0.5872358083724976,0.7497053146362305,0.45998629927635193,0.7457388639450073,0.381597101688385,0.7404056191444397,0.3110112249851227,0.8110357522964478,0.610978901386261,0.834599494934082,0.5164332389831543,0.8483225107192993,0.45211726427078247,0.8569521903991699,0.38934195041656494,open
0.78707355260849,0.8743894100189209,0.6983007192611694,0.8782341480255127,0.6095628142356873,0.8305226564407349,0.538457989692688,0.7925993204116821,0.4766737222671509,0.7906956672668457,0.6402797698974609,0.627336859703064,0.5932434797286987,0.5248701572418213,0.56718510389328,0.4596806764602661,0.5470888018608093,0.4010319113731384,0.6969064474105835,0.5895397663116455,0.6727116107940674,0.45424535870552063,0.6596158742904663,0.3679984211921692,0.6509602665901184,0.2950054407119751,0.7544577121734619,0.586942732334137,0.7496168613433838,0.4601442813873291,0.7454156279563904,0.381559282541275,0.7398987412452698,0.3107537031173706,0.8113747835159302,0.6106985211372375,0.834818422794342,0.5165708065032959,0.8485517501831055,0.4521966576576233,0.8572838306427002,0.3892304003238678,open
0.7861998677253723,0.8734610080718994,0.6977126598358154,0.8774279952049255,0.6093766093254089,0.8298678994178772,0.5381591320037842,0.7917782068252563,0.4762875437736511,0.7904298305511475,0.6402189135551453,0.6267092823982239,0.5936780571937561,0.524256706237793,0.5676954984664917,0.45911905169487,0.5476453900337219,0.40056172013282776,0.6968179941177368,0.5892917513847351,0.6730440855026245,0.4541725516319275,0.6601884961128235,0.3682137131690979,0.6516947150230408,0.2953251898288727,0.7543691992759705,0.5867295265197754,0.7493876814842224,0.45994657278060913,0.7454109191894531,0.3815476894378662,0.7401332855224609,0.31076306104660034,0.8112813234329224,0.6101277470588684,0.8347315192222595,0.5160121321678162,0.8485741019248962,0.45177823305130005,0.8573852777481079,0.3889429569244385,open
0.7871741056442261,0.8731034398078918,0.6980912685394287,0.8771839141845703,0.6093816757202148,0.8298221230506897,0.537787675857544,0.7926130294799805,0.47596031427383423,0.7921085357666016,0.6403321027755737,0.6264652609825134,0.5937329530715942,0.524188756942749,0.5678415894508362,0.45923835039138794,0.5478105545043945,0.40091121196746826,0.6969045400619507,0.5891163349151611,0.672924816608429,0.45396965742111206,0.6600264310836792,0.3680819571018219,0.6514981985092163,0.2952766418457031,0.7544773817062378,0.5867189168930054,0.7492995858192444,0.4594200551509857,0.7454422116279602,0.38082489371299744,0.7402812242507935,0.3099927306175232,0.8114647269248962,0.6104475259780884,0.8347442150115967,0.5159661769866943,0.8487156629562378,0.4517056345939636,0.8575731515884399,0.38909006118774414,open
0.7878549695014954,0.8719934225082397,0.698294997215271,0.8770756721496582,0.609320878982544,0.8304823637008667,0.5382953882217407,0.7925382256507874,0.47675400972366333,0.7903807163238525,0.6401872634887695,0.6263710856437683,0.593500018119812,0.5237916707992554,0.5680204629898071,0.4585288465023041,0.5486170053482056,0.39969930052757263,0.6968614459037781,0.5888330936431885,0.6731660962104797,0.4535054564476013,0.6606690883636475,0.3676399290561676,0.6525734066963196,0.29440823197364807,0.75428706407547,0.5861552357673645,0.7493775486946106,0.4595140218734741,0.7455107569694519,0.38125625252723694,0.7406634092330933,0.31047508120536804,0.8110437393188477,0.609566330909729,0.8345664739608765,0.516029417514801,0.8485233783721924,0.45193201303482056,0.857481062412262,0.3889123499393463,open
0.7870087027549744,0.8719536066055298,0.6978727579116821,0.8769010901451111,0.6093444228172302,0.8302528858184814,0.538748025894165,0.7917227745056152,0.4772613048553467,0.7898166179656982,0.6397861242294312,0.6262545585632324,0.5933603048324585,0.5237264633178711,0.567698061466217,0.4586401581764221,0.5480316877365112,0.3999485373497009,0.696418046951294,0.5888495445251465,0.6733158826828003,0.4529951810836792,0.6610897779464722,0.3667681813240051,0.6531782150268555,0.29329895973205566,0.7538076639175415,0.5862088203430176,0.7493470907211304,0.459626704454422,0.7458621263504028,0.38154807686805725,0.7412776947021484,0.31100979447364807,0.8107963800430298,0.60945725440979,0.8345543146133423,0.5156897306442261,0.8486167192459106,0.45155560970306396,0.8576496839523315,0.3885268568992615,open
0.7862348556518555,0.8710304498672485,0.6979846954345703,0.8759616613388062,0.6092308759689331,0.8294934034347534,0.5376892685890198,0.7920281887054443,0.4759344756603241,0.7908523082733154,0.6398704648017883,0.6257694363594055,0.5935187339782715,0.5230081081390381,0.5680768489837646,0.4578056037425995,0.5487608909606934,0.39904695749282837,0.6966536045074463,0.5885133743286133,0.6729581952095032,0.4531305432319641,0.6606172919273376,0.3668421506881714,0.6528736352920532,0.2934326231479645,0.7542946934700012,0.5860319137573242,0.7495756149291992,0.4591304063796997,0.7461953163146973,0.380901575088501,0.7417181730270386,0.31022265553474426,0.8112610578536987,0.609551727771759,0.8349959254264832,0.5154832005500793,0.849072277545929,0.4510539770126343,0.8580727577209473,0.3878132998943329,open
0.7874791026115417,0.8703843355178833,0.6983010172843933,0.8754739165306091,0.6094967126846313,0.8296443223953247,0.5384977459907532,0.7926909923553467,0.47734349966049194,0.7909090518951416,0.6402097344398499,0.6261860132217407,0.5934712290763855,0.5231972336769104,0.5680350661277771,0.457520067691803,0.5487722158432007,0.3981965184211731,0.6967958211898804,0.5885888934135437,0.6728481650352478,0.45335835218429565,0.66015625,0.3671717941761017,0.6519229412078857,0.29370689392089844,0.7542407512664795,0.586042046546936,0.7495830655097961,0.4590115249156952,0.7458637952804565,0.38035333156585693,0.740983247756958,0.3090479373931885,0.8111661672592163,0.6097030639648438,0.8352431058883667,0.5155805349349976,0.8492944240570068,0.4507976770401001,0.8581341505050659,0.38699716329574585,open
0.7870071530342102,0.8729497790336609,0.6979011297225952,0.8772729635238647,0.6091289520263672,0.8301205635070801,0.5382974147796631,0.7914724349975586,0.477087140083313,0.7889197468757629,0.6399117708206177,0.6256911158561707,0.59323650598526,0.5226832032203674,0.5676839351654053,0.45705777406692505,0.5484714508056641,0.3977157473564148,0.696429431438446,0.5883358716964722,0.672784686088562,0.4532783627510071,0.6603428721427917,0.3670019805431366,0.6524460911750793,0.29352015256881714,0.7538900375366211,0.5856977105140686,0.749488353729248,0.4589473009109497,0.7459254264831543,0.3811575472354889,0.7412325143814087,0.31069061160087585,0.8110180497169495,0.6088842749595642,0.8347913026809692,0.5147113800048828,0.8487942814826965,0.45041078329086304,0.8576363325119019,0.38702622056007385,open
0.7873499393463135,0.8712889552116394,0.6986013054847717,0.875903844833374,0.6096242070198059,0.8298696279525757,0.5385829210281372,0.7922475337982178,0.4773276150226593,0.7905400395393372,0.6401956677436829,0.6258145570755005,0.5936469435691833,0.5233327746391296,0.5684377551078796,0.4579295814037323,0.5494608283042908,0.39894261956214905,0.6967418789863586,0.588136613368988,0.6730350852012634,0.452919065952301,0.6604325771331787,0.36677974462509155,0.6524014472961426,0.29355868697166443,0.7541875243186951,0.5854268670082092,0.7497127056121826,0.4585781693458557,0.7459143400192261,0.38028180599212646,0.7410213947296143,0.3097514510154724,0.8110700845718384,0.6088792085647583,0.8346050381660461,0.5148415565490723,0.8484368324279785,0.4505298137664795,0.8572706580162048,0.3876064419746399,open
0.7882646918296814,0.8712883591651917,0.698788583278656,0.8754996657371521,0.6096389889717102,0.8289660215377808,0.5383056998252869,0.7911801338195801,0.47709840536117554,0.7894793748855591,0.6401569247245789,0.6256681680679321,0.5934092402458191,0.5232754349708557,0.5682660937309265,0.45790380239486694,0.5495094060897827,0.39862632751464844,0.696799099445343,0.5882592797279358,0.6730194091796875,0.45330119132995605,0.6605132222175598,0.36691024899482727,0.6525053977966309,0.29331421852111816,0.7543435096740723,0.585680365562439,0.7498452663421631,0.4592023491859436,0.7460993528366089,0.38111820816993713,0.7412309646606445,0.31048765778541565,0.8114074468612671,0.6089957356452942,0.8348996639251709,0.5150272846221924,0.8486615419387817,0.45083022117614746,0.8572528958320618,0.387706458568573,open
0.7871737480163574,0.8722347021102905,0.6980948448181152,0.8769769072532654,0.6092950701713562,0.8299416303634644,0.5382516384124756,0.790595293045044,0.4768390655517578,0.7878098487854004,0.6398089528083801,0.625583291053772,0.5932749509811401,0.522778332233429,0.5679153203964233,0.45755189657211304,0.548690676689148,0.39846310019493103,0.6965377330780029,0.5879247784614563,0.6730164885520935,0.4523685574531555,0.660391628742218,0.3660384714603424,0.6521555781364441,0.292717844247818,0.754143476486206,0.585261344909668,0.749744176864624,0.4585803151130676,0.7459972500801086,0.38042163848876953,0.7410883903503418,0.30989977717399597,0.8111963272094727,0.608597457408905,0.8345717191696167,0.5144571661949158,0.8481881618499756,0.45014792680740356,0.8567705154418945,0.38693031668663025,open
0.7867270112037659,0.8713189363479614,0.6980725526809692,0.8755665421485901,0.6093607544898987,0.8293723464012146,0.5388097167015076,0.7911425828933716,0.4779926538467407,0.7885873317718506,0.6398937106132507,0.625725507736206,0.5932115912437439,0.5225526094436646,0.5681138038635254,0.45687320828437805,0.5494158267974854,0.39760488271713257,0.6966506838798523,0.5879321098327637,0.6728057265281677,0.452411413192749,0.6604466438293457,0.36618390679359436,0.6528809070587158,0.29315537214279175,0.7541875243186951,0.5849766731262207,0.7496697902679443,0.45811963081359863,0.7458654046058655,0.37945449352264404,0.7412832975387573,0.30894532799720764,0.811150312423706,0.6079371571540833,0.834221363067627,0.5136046409606934,0.8477088212966919,0.44923749566078186,0.8564443588256836,0.3863747715950012,open
0.7853622436523438,0.8702642321586609,0.6967505812644958,0.8749143481254578,0.6086408495903015,0.8291393518447876,0.5381923317909241,0.7912052273750305,0.47750574350357056,0.7894793152809143,0.6393823623657227,0.6254323720932007,0.5932068228721619,0.5227642059326172,0.5678930282592773,0.45757609605789185,0.5487251281738281,0.3987782895565033,0.6964646577835083,0.587908148765564,0.6728731989860535,0.4526885151863098,0.660416305065155,0.3668552339076996,0.6524847745895386,0.2940552234649658,0.7541475296020508,0.5853785276412964,0.7498726844787598,0.4585229158401489,0.7460233569145203,0.38003841042518616,0.7411857843399048,0.30957984924316406,0.8110566735267639,0.6087732315063477,0.8340885043144226,0.5141416192054749,0.8474903702735901,0.4497333765029907,0.8559484481811523,0.38694459199905396,open
0.7854217886924744,0.870017409324646,0.6967198252677917,0.8746585845947266,0.6093536615371704,0.8292081356048584,0.5393728613853455,0.7916984558105469,0.47858935594558716,0.7895582914352417,0.6396268010139465,0.6254702210426331,0.5930408239364624,0.523017168045044,0.5672218203544617,0.4576890170574188,0.5474832057952881,0.39880257844924927,0.6964282989501953,0.587890088558197,0.6723393797874451,0.45348450541496277,0.6598953604698181,0.368049681186676,0.6519128680229187,0.2951033115386963,0.7539398074150085,0.585263729095459,0.7492225170135498,0.45848023891448975,0.7455718517303467,0.37985026836395264,0.7408283352851868,0.30883947014808655,0.8107665181159973,0.6087794899940491,0.8337953686714172,0.5142052173614502,0.8474176526069641,0.4496912360191345,0.856078028678894,0.38647690415382385,open
0.7857295870780945,0.8698268532752991,0.6970440745353699,0.8745097517967224,0.6085496544837952,0.8280481100082397,0.5380196571350098,0.7895368933677673,0.4772944748401642,0.7885140776634216,0.6394650340080261,0.6248899698257446,0.5931437015533447,0.5223696231842041,0.5675030946731567,0.457239031791687,0.5479682087898254,0.39864420890808105,0.6962264180183411,0.5877822041511536,0.6724265813827515,0.45284539461135864,0.6599454283714294,0.36735936999320984,0.6520270109176636,0.2948903441429138,0.753783106803894,0.5852634310722351,0.7488688230514526,0.4578980803489685,0.7451381683349609,0.37965306639671326,0.740386962890625,0.3095167279243469,0.8107308149337769,0.608562171459198,0.8336050510406494,0.5135924816131592,0.8472669124603271,0.449249804019928,0.856030285358429,0.38667765259742737,open
0.7854801416397095,0.8702840805053711,0.6966655254364014,0.8737678527832031,0.6087334752082825,0.8272358775138855,0.538392961025238,0.7889787554740906,0.4777142405509949,0.7869115471839905,0.6395003795623779,0.6240736246109009,0.5924476981163025,0.520984947681427,0.5670619010925293,0.4554747939109802,0.5481630563735962,0.39627760648727417,0.6960909962654114,0.5868059992790222,0.6722708940505981,0.45159515738487244,0.6598500609397888,0.36539366841316223,0.6521600484848022,0.29195573925971985,0.7534757256507874,0.5843280553817749,0.7485054135322571,0.45673567056655884,0.7449043393135071,0.37834271788597107,0.7403684258460999,0.30790185928344727,0.8103733062744141,0.6077686548233032,0.8332988023757935,0.5128095149993896,0.8469935059547424,0.448322057723999,0.8558361530303955,0.3854732811450958,open
0.7851855754852295,0.8694230318069458,0.6967519521713257,0.8737698793411255,0.6088163256645203,0.8273934125900269,0.5383593440055847,0.7897231578826904,0.4771912097930908,0.7889572381973267,0.6397053599357605,0.62506103515625,0.5931456685066223,0.5220112800598145,0.5675949454307556,0.456648588180542,0.5483306050300598,0.39765292406082153,0.6965968012809753,0.5873384475708008,0.6724690794944763,0.45192790031433105,0.6599500179290771,0.36570268869400024,0.6521586179733276,0.29220813512802124,0.7543069124221802,0.5847198367118835,0.7491058111190796,0.45652398467063904,0.7455239295959473,0.37760698795318604,0.7409424781799316,0.30657586455345154,0.8114110827445984,0.6081693172454834,0.8341329097747803,0.5131945013999939,0.8476488590240479,0.4483678638935089,0.8562438488006592,0.38517457246780396,open
0.7862147092819214,0.8690366148948669,0.6974678039550781,0.8730893135070801,0.6090839505195618,0.8272924423217773,0.5379499197006226,0.7903573513031006,0.4765791594982147,0.7884184122085571,0.6398111581802368,0.6247956156730652,0.5930407047271729,0.5217195749282837,0.5671772360801697,0.456406831741333,0.5474335551261902,0.3978509306907654,0.6965147256851196,0.5872427225112915,0.6725927591323853,0.4516680836677551,0.6600220203399658,0.36567628383636475,0.6519707441329956,0.2926512360572815,0.7540574669837952,0.5844056010246277,0.7490929365158081,0.45698922872543335,0.7454074025154114,0.3782435655593872,0.7407148480415344,0.30759498476982117,0.8110631704330444,0.6075014472007751,0.8340564966201782,0.5130369663238525,0.8478366136550903,0.44862398505210876,0.8567099571228027,0.38601019978523254,open
0.7850850820541382,0.871685266494751,0.6965630650520325,0.8745949268341064,0.6090104579925537,0.8287508487701416,0.5388484001159668,0.7914292216300964,0.47797340154647827,0.7883313298225403,0.6396166086196899,0.6257613897323608,0.5927814841270447,0.5225936770439148,0.5673832297325134,0.45650672912597656,0.548543393611908,0.3967876434326172,0.6962719559669495,0.5882711410522461,0.672821581363678,0.4527199864387512,0.6607877016067505,0.36613065004348755,0.6531783938407898,0.2922675311565399,0.7537350654602051,0.5854364037513733,0.7493910193443298,0.45864009857177734,0.745764434337616,0.3802807033061981,0.741050124168396,0.3096589148044586,0.8108159303665161,0.6085257530212402,0.8342644572257996,0.5141676068305969,0.8478875756263733,0.44964712858200073,0.85652756690979,0.38667359948158264,open
0.7858675122261047,0.8696739673614502,0.6972365379333496,0.8739216923713684,0.6090419292449951,0.8279778361320496,0.5377750396728516,0.7907407283782959,0.4762594699859619,0.7895879745483398,0.6401001214981079,0.6253222227096558,0.593622624874115,0.5230538845062256,0.5676782131195068,0.4579765796661377,0.5478714108467102,0.3993540406227112,0.6965207457542419,0.587824285030365,0.6728050708770752,0.4528868794441223,0.6603556275367737,0.36687424778938293,0.6525872945785522,0.29385027289390564,0.7538620829582214,0.5851608514785767,0.7494454383850098,0.45813727378845215,0.7460038065910339,0.37963810563087463,0.7415422201156616,0.309329628944397,0.8106932044029236,0.608626663684845,0.8340185284614563,0.514393150806427,0.8479209542274475,0.45028603076934814,0.8569434285163879,0.3881308138370514,open
0.785949170589447,0.8689813017845154,0.696580171585083,0.8734784722328186,0.6082855463027954,0.8278141617774963,0.5376604795455933,0.7893874049186707,0.4764542579650879,0.7863444089889526,0.639725387096405,0.6249155402183533,0.5928813219070435,0.5222575068473816,0.5674207210540771,0.4568924903869629,0.5485266447067261,0.39749473333358765,0.6964394450187683,0.5871566534042358,0.6727617383003235,0.452128529548645,0.6604438424110413,0.36571240425109863,0.6529606580734253,0.2919227182865143,0.7539290189743042,0.5843253135681152,0.7492727041244507,0.45763492584228516,0.7455671429634094,0.3791549503803253,0.741208553314209,0.3084724545478821,0.8109413385391235,0.60768723487854,0.8341567516326904,0.5137064456939697,0.8479592800140381,0.44919848442077637,0.8569793105125427,0.386213481426239,open
0.7854528427124023,0.8698685765266418,0.6968178153038025,0.8739505410194397,0.6082276701927185,0.8277183175086975,0.5372804999351501,0.7893144488334656,0.4758906960487366,0.7869755029678345,0.6393129229545593,0.6244691610336304,0.5929160118103027,0.5214994549751282,0.567676842212677,0.4562339782714844,0.5488337874412537,0.3970133066177368,0.6962538957595825,0.586933434009552,0.6724733114242554,0.4520701467990875,0.6602098941802979,0.3657403290271759,0.6526703238487244,0.2918972671031952,0.7541596293449402,0.584283709526062,0.7492932677268982,0.45743319392204285,0.7458968758583069,0.37915703654289246,0.7416972517967224,0.3085241913795471,0.8115271925926208,0.6077520847320557,0.8344218730926514,0.5136386156082153,0.8478772044181824,0.449088454246521,0.8564256429672241,0.38609549403190613,open
0.7859838604927063,0.8706853985786438,0.6972017288208008,0.8742870688438416,0.6088261008262634,0.8280235528945923,0.5378879904747009,0.7907549738883972,0.47662004828453064,0.7889382243156433,0.6398522853851318,0.6245667934417725,0.5934439897537231,0.5216100811958313,0.5679197311401367,0.4562252163887024,0.548541247844696,0.3970915675163269,0.6966651678085327,0.5875357389450073,0.6727332472801208,0.45259222388267517,0.660572350025177,0.36623334884643555,0.6530610918998718,0.29226893186569214,0.7544987797737122,0.5854053497314453,0.7494343519210815,0.4583227038383484,0.7460517883300781,0.3797549307346344,0.741857647895813,0.3087811768054962,0.8119344711303711,0.6094236373901367,0.8349341750144958,0.5151271820068359,0.8483277559280396,0.4501524269580841,0.8567695617675781,0.38665109872817993,open
0.7863292098045349,0.8716825842857361,0.6974946856498718,0.8751992583274841,0.6095446944236755,0.8292940258979797,0.5386064052581787,0.7931681275367737,0.47713905572891235,0.791327953338623,0.6406031847000122,0.6252434253692627,0.5941054821014404,0.5222170948982239,0.5689335465431213,0.4565557837486267,0.550048828125,0.3971436619758606,0.6972262859344482,0.5881209969520569,0.6733236908912659,0.4533347189426422,0.6610122323036194,0.3672388195991516,0.6533917188644409,0.2934192717075348,0.7547512054443359,0.5858272314071655,0.7497140765190125,0.45852863788604736,0.7464168071746826,0.38048800826072693,0.7422145009040833,0.30978694558143616,0.8118540048599243,0.6097096800804138,0.8350776433944702,0.5155754685401917,0.8486903309822083,0.450950026512146,0.8574148416519165,0.3875957429409027,open
0.7868444919586182,0.8713771104812622,0.6980699896812439,0.875130295753479,0.6103845238685608,0.8296747803688049,0.5401411652565002,0.7936397790908813,0.4789521098136902,0.7925096750259399,0.6407146453857422,0.6258096098899841,0.5941286683082581,0.5230493545532227,0.5688248872756958,0.45751649141311646,0.5496909618377686,0.39832884073257446,0.6976622343063354,0.5886073112487793,0.6733444333076477,0.4538882374763489,0.6611443758010864,0.36788317561149597,0.6536232829093933,0.2941593825817108,0.7555708289146423,0.5863698720932007,0.750228762626648,0.459292471408844,0.7468200922012329,0.3809807598590851,0.7425867915153503,0.3103145360946655,0.812934398651123,0.6103361248970032,0.8354677557945251,0.5158523917198181,0.8489863872528076,0.4511801600456238,0.8577268719673157,0.38805127143859863,open
0.7869797945022583,0.8735466003417969,0.6981563568115234,0.8767814040184021,0.6100481748580933,0.8304563760757446,0.5388405323028564,0.7949485778808594,0.477119505405426,0.793302059173584,0.6409178376197815,0.6266869902610779,0.5945459604263306,0.5235342383384705,0.5689327716827393,0.45800870656967163,0.5493018627166748,0.39919641613960266,0.6980471611022949,0.5896794199943542,0.6741371154785156,0.45406609773635864,0.661908745765686,0.3676064610481262,0.6540819406509399,0.2940537631511688,0.7560165524482727,0.587551474571228,0.7505506873130798,0.45916590094566345,0.7471463084220886,0.3804015815258026,0.7426091432571411,0.3093278706073761,0.8133063316345215,0.6116359233856201,0.8366257548332214,0.5168046951293945,0.8506863117218018,0.4518706202507019,0.8596138954162598,0.38861173391342163,open
0.7880992293357849,0.8726047277450562,0.6986719369888306,0.8766065835952759,0.6105853319168091,0.8309513330459595,0.5398699045181274,0.7945197820663452,0.47838860750198364,0.7933106422424316,0.6415260434150696,0.6278324723243713,0.5952233672142029,0.5250910520553589,0.570370078086853,0.4592440128326416,0.5517696142196655,0.3998432755470276,0.6984201669692993,0.5902970433235168,0.6742211580276489,0.45466434955596924,0.661889910697937,0.36772340536117554,0.6543293595314026,0.29331862926483154,0.7563285827636719,0.5879260301589966,0.7511307001113892,0.460661917924881,0.7477471828460693,0.38211360573768616,0.7435526251792908,0.3111800253391266,0.8138836622238159,0.6117528080940247,0.8371021747589111,0.5173343420028687,0.851032018661499,0.4525136947631836,0.8601012825965881,0.389055073261261,open
0.7871291041374207,0.8734663724899292,0.6980127096176147,0.8768450617790222,0.6098426580429077,0.8308820724487305,0.5386126637458801,0.7939103245735168,0.47730356454849243,0.791611909866333,0.6412231922149658,0.6275110840797424,0.5950701236724854,0.5247175693511963,0.5700719356536865,0.45899903774261475,0.5514100790023804,0.39971086382865906,0.6980860233306885,0.5902263522148132,0.6742132306098938,0.45453202724456787,0.662004292011261,0.36745694279670715,0.6545916795730591,0.29314273595809937,0.7558719515800476,0.5877920389175415,0.7510330080986023,0.4605383574962616,0.7478216886520386,0.3819860517978668,0.7438279390335083,0.311165452003479,0.8132514357566833,0.6114062070846558,0.8368216753005981,0.5169538855552673,0.8509206771850586,0.4521517753601074,0.8601475954055786,0.38891348242759705,open
0.7878965139389038,0.872290849685669,0.6990355849266052,0.8764410614967346,0.6109828352928162,0.8310561776161194,0.5402288436889648,0.7944834232330322,0.478898286819458,0.7928699851036072,0.6414200067520142,0.6273987889289856,0.5951722264289856,0.5244936943054199,0.5699512362480164,0.45910894870758057,0.5506078600883484,0.40021729469299316,0.6986920237541199,0.5902495980262756,0.6750379204750061,0.4542895555496216,0.6630171537399292,0.36745983362197876,0.6553779244422913,0.2933182120323181,0.7568487524986267,0.5882992744445801,0.751721978187561,0.4611847400665283,0.7481729388237,0.38300779461860657,0.7436108589172363,0.3122599422931671,0.8146703243255615,0.6125109791755676,0.8380024433135986,0.5180315375328064,0.8517378568649292,0.4531581401824951,0.8604418039321899,0.3894166648387909,open
0.787966251373291,0.8734365701675415,0.6991007924079895,0.877143919467926,0.610670268535614,0.8309507966041565,0.5398682951927185,0.7937073707580566,0.47852569818496704,0.7920413613319397,0.641644299030304,0.6265853643417358,0.5955227017402649,0.5231862664222717,0.5702810883522034,0.4578579068183899,0.5508407354354858,0.39898401498794556,0.6987994909286499,0.5897437930107117,0.6749526858329773,0.45410093665122986,0.662894070148468,0.3674425780773163,0.6552391052246094,0.29340237379074097,0.7567418813705444,0.5876868367195129,0.7520158290863037,0.4605408310890198,0.7489757537841797,0.38224488496780396,0.7447000741958618,0.31134334206581116,0.8141564726829529,0.6114826798439026,0.8376752734184265,0.5167693495750427,0.851696252822876,0.45186737179756165,0.8606860041618347,0.38816574215888977,open
0.7884562611579895,0.872511088848114,0.6997573375701904,0.8768181800842285,0.611260175704956,0.8312607407569885,0.5404173731803894,0.7945711016654968,0.4790205955505371,0.7933241128921509,0.6416780352592468,0.6262884736061096,0.595706582069397,0.5234124660491943,0.5704036951065063,0.4584217369556427,0.5506449341773987,0.40001338720321655,0.698693037033081,0.589370608329773,0.675132691860199,0.45367100834846497,0.6629868149757385,0.36739546060562134,0.6551649570465088,0.2938334345817566,0.7565966248512268,0.5874820351600647,0.7518723011016846,0.4599766135215759,0.7487965226173401,0.3814631998538971,0.7444674372673035,0.31039828062057495,0.814011812210083,0.6116073131561279,0.8377233743667603,0.5168734788894653,0.8517957925796509,0.45207732915878296,0.8608024716377258,0.3882899880409241,open
0.7876235842704773,0.8718363642692566,0.6995071768760681,0.8763841390609741,0.6110312938690186,0.830949068069458,0.5398249626159668,0.7941446304321289,0.47832781076431274,0.7928717136383057,0.6416516900062561,0.6262832880020142,0.5958320498466492,0.5233892798423767,0.5706672668457031,0.4579259753227234,0.5513330101966858,0.39894574880599976,0.6985929012298584,0.5892903804779053,0.6751217842102051,0.45363080501556396,0.663025975227356,0.367117702960968,0.6552927494049072,0.2930455207824707,0.7563862800598145,0.5874025821685791,0.751785159111023,0.4600600600242615,0.7487288117408752,0.381658673286438,0.7445394396781921,0.31055188179016113,0.813742995262146,0.6117122769355774,0.8377957344055176,0.5173314213752747,0.852002739906311,0.45242711901664734,0.8610436320304871,0.38852381706237793,open
0.7887746691703796,0.8717223405838013,0.7001314759254456,0.8761658668518066,0.6112890839576721,0.8304664492607117,0.539879560470581,0.794319748878479,0.47857940196990967,0.7939085960388184,0.6420208215713501,0.6267369389533997,0.5962578654289246,0.5238854885101318,0.5713027119636536,0.4583027958869934,0.5521116256713867,0.3992607593536377,0.6986978650093079,0.5895570516586304,0.6750637888908386,0.45384496450424194,0.6628919243812561,0.3671298325061798,0.6551485061645508,0.29302048683166504,0.7564005255699158,0.58736252784729,0.7519594430923462,0.460366815328598,0.7488400340080261,0.3818359076976776,0.7445548176765442,0.31070470809936523,0.8136867880821228,0.6114198565483093,0.8376120328903198,0.5171449184417725,0.8518286943435669,0.45243290066719055,0.8609046936035156,0.3888700604438782,open
0.7882053852081299,0.8733060956001282,0.699107825756073,0.8772203326225281,0.6109005212783813,0.8305728435516357,0.5397427082061768,0.7925695180892944,0.4781535565853119,0.7891867160797119,0.6413055062294006,0.6261407136917114,0.5954241752624512,0.5226664543151855,0.5707495808601379,0.4566214382648468,0.5521787405014038,0.39706772565841675,0.6982583403587341,0.5889009237289429,0.6749484539031982,0.45305877923965454,0.6625769734382629,0.36632370948791504,0.6544809937477112,0.292350709438324,0.7560832500457764,0.5868759155273438,0.7518020272254944,0.4598228335380554,0.7484692931175232,0.381438672542572,0.7439833283424377,0.3103474974632263,0.8132321834564209,0.6113934516906738,0.8375537991523743,0.5171531438827515,0.8517283201217651,0.45227864384651184,0.8607168793678284,0.3884284198284149,open
0.7877315282821655,0.8722281455993652,0.6994338631629944,0.8765860795974731,0.6109528541564941,0.8302128911018372,0.540325403213501,0.7925587892532349,0.4792722761631012,0.7901852130889893,0.6417001485824585,0.6258578896522522,0.5958998799324036,0.5227415561676025,0.5710644721984863,0.45697590708732605,0.5521398782730103,0.39815184473991394,0.6987149119377136,0.5887187123298645,0.6752837896347046,0.45265889167785645,0.6629941463470459,0.3659941554069519,0.6551197171211243,0.2926938831806183,0.7567817568778992,0.5868200659751892,0.7521461844444275,0.45913904905319214,0.7488882541656494,0.3805302083492279,0.7446404695510864,0.30962643027305603,0.8142341375350952,0.6115422248840332,0.8379486203193665,0.5167175531387329,0.8520200848579407,0.4518929123878479,0.8610538840293884,0.38846051692962646,open
0.787399172782898,0.87453293800354,0.69867342710495,0.8769999742507935,0.6102159023284912,0.829049825668335,0.5388995409011841,0.7925280332565308,0.477577269077301,0.7911889553070068,0.6422706842422485,0.6261197328567505,0.5974268913269043,0.5230424404144287,0.5727819204330444,0.457558810710907,0.5537815093994141,0.3989975154399872,0.6993846297264099,0.5893312096595764,0.6765193343162537,0.45312148332595825,0.6643084287643433,0.36616501212120056,0.6561475992202759,0.29267069697380066,0.7575501799583435,0.5875294804573059,0.75339275598526,0.45980700850486755,0.75020432472229,0.3816015422344208,0.7455683350563049,0.31104952096939087,0.8149113655090332,0.612343430519104,0.8389148116111755,0.5174328684806824,0.8528698086738586,0.452268123626709,0.8614582419395447,0.38855645060539246,open
0.7884267568588257,0.8739305734634399,0.6994595527648926,0.876915693283081,0.6111311912536621,0.8301159143447876,0.5403482913970947,0.7937630414962769,0.47905850410461426,0.7933041453361511,0.6430419683456421,0.6272446513175964,0.5977068543434143,0.5240005850791931,0.5726893544197083,0.458699107170105,0.5534170866012573,0.39998435974121094,0.7001352906227112,0.590406060218811,0.6769115328788757,0.4542768597602844,0.6647927761077881,0.36786535382270813,0.6570772528648376,0.2939789891242981,0.7580535411834717,0.5886554718017578,0.7539650797843933,0.46068301796913147,0.7508594989776611,0.3822040259838104,0.7465447783470154,0.3113473653793335,0.8152623176574707,0.6132624745368958,0.8392032384872437,0.5183594822883606,0.8531309366226196,0.45300495624542236,0.8619795441627502,0.38903921842575073,open
0.788338303565979,0.8742210268974304,0.700106680393219,0.8775824308395386,0.6119901537895203,0.8309884667396545,0.5412895679473877,0.7932378649711609,0.48005568981170654,0.7910566329956055,0.6435617208480835,0.6274933815002441,0.5980151295661926,0.5241368412971497,0.5730074048042297,0.4587237238883972,0.5539165735244751,0.39978551864624023,0.700451672077179,0.59064120054245,0.6772838830947876,0.45441749691963196,0.6650989055633545,0.36788684129714966,0.6572893261909485,0.2939487397670746,0.7582685351371765,0.5888324975967407,0.7541980743408203,0.4605647623538971,0.7513867616653442,0.38186973333358765,0.7474365830421448,0.3110392093658447,0.8153825402259827,0.6133759617805481,0.8392468690872192,0.5182952880859375,0.8533093333244324,0.4527743458747864,0.8623743057250977,0.3887747526168823,open
0.7884247303009033,0.8742139935493469,0.7000219225883484,0.877362847328186,0.6116521954536438,0.8308072686195374,0.5405643582344055,0.7935421466827393,0.4790497124195099,0.7919727563858032,0.6432502865791321,0.6274631023406982,0.5976417064666748,0.5236884355545044,0.5719971656799316,0.4584226608276367,0.5520511269569397,0.3996853828430176,0.7003853917121887,0.5906369090080261,0.6773335933685303,0.4545447826385498,0.6650713682174683,0.3682653307914734,0.6570019721984863,0.2944110333919525,0.7583640217781067,0.5888822078704834,0.7540147304534912,0.4603722393512726,0.7511656284332275,0.38142943382263184,0.7470648288726807,0.310319721698761,0.815498948097229,0.6135289072990417,0.8392853140830994,0.5182968378067017,0.8535031676292419,0.45276862382888794,0.862683892250061,0.38888877630233765,open
0.7882087826728821,0.8744423985481262,0.6994298100471497,0.8775888681411743,0.6110197305679321,0.8304665088653564,0.5403706431388855,0.7912755608558655,0.47925588488578796,0.787676215171814,0.6434156894683838,0.6266368627548218,0.5979374647140503,0.5231162905693054,0.5727693438529968,0.457929402589798,0.5534563660621643,0.3990219831466675,0.7007332444190979,0.5897496938705444,0.6776377558708191,0.4539034962654114,0.6653512120246887,0.3676832318305969,0.6574768424034119,0.2938847839832306,0.7587190866470337,0.5881693959236145,0.7547712326049805,0.4601716995239258,0.7520567178726196,0.38163915276527405,0.7481830716133118,0.310684472322464,0.8158957958221436,0.612889289855957,0.8393745422363281,0.5178601145744324,0.8532905578613281,0.4528498351573944,0.8622795939445496,0.3889492154121399,open
0.7883069515228271,0.8752284049987793,0.6995263695716858,0.8769592046737671,0.6115384697914124,0.8293425440788269,0.5401688814163208,0.7918972969055176,0.4783864915370941,0.7903425097465515,0.6433947086334229,0.6263427138328552,0.5975419878959656,0.5225452780723572,0.571977972984314,0.457192063331604,0.5522417426109314,0.398276686668396,0.7006610035896301,0.5893716216087341,0.6777615547180176,0.45333415269851685,0.6656901836395264,0.36700689792633057,0.6579067707061768,0.29319635033607483,0.7586260437965393,0.5878185629844666,0.7545672059059143,0.4593591094017029,0.7519758939743042,0.3804890215396881,0.7481125593185425,0.3094550669193268,0.8157005310058594,0.6127726435661316,0.839454174041748,0.5179480314254761,0.8536227941513062,0.4529748558998108,0.8628370761871338,0.3895961344242096,open
0.7900203466415405,0.8742856383323669,0.7003481388092041,0.8771495819091797,0.6116971969604492,0.8300075531005859,0.5401865839958191,0.7931171655654907,0.47833967208862305,0.7919363975524902,0.6438214778900146,0.6273102760314941,0.5976046323776245,0.5238186120986938,0.5721845626831055,0.45842695236206055,0.5527322888374329,0.39932119846343994,0.7010343074798584,0.5901832580566406,0.6777942180633545,0.4540475010871887,0.6657907366752625,0.36756110191345215,0.6581509709358215,0.29325154423713684,0.7589482665061951,0.5883318781852722,0.7544349431991577,0.46001172065734863,0.7517309784889221,0.3811684250831604,0.7478946447372437,0.30982497334480286,0.8161202669143677,0.6129289865493774,0.839493453502655,0.5181206464767456,0.8536840677261353,0.4532811641693115,0.862968385219574,0.38994914293289185,open
0.7894719839096069,0.874765157699585,0.7005050778388977,0.8768888711929321,0.6112004518508911,0.8289837837219238,0.5403351187705994,0.7896690368652344,0.479356586933136,0.7866091728210449,0.6434178352355957,0.6264886856079102,0.5975976586341858,0.5227016806602478,0.5725890398025513,0.45728734135627747,0.5535613298416138,0.3983169198036194,0.7003998756408691,0.5898541212081909,0.677671492099762,0.45333385467529297,0.6658471822738647,0.36660024523735046,0.6583684682846069,0.29242831468582153,0.7581878900527954,0.5881236791610718,0.7544652223587036,0.4603917598724365,0.7519104480743408,0.3816487193107605,0.7483717799186707,0.3106842637062073,0.8154360055923462,0.6126452684402466,0.8391618728637695,0.5177809596061707,0.8533164262771606,0.452619731426239,0.8627023100852966,0.38884979486465454,open
0.7874578833580017,0.8740224838256836,0.6991156935691833,0.8753800988197327,0.6102321743965149,0.8275203704833984,0.5387647151947021,0.7873505353927612,0.476862370967865,0.7847522497177124,0.643591046333313,0.6252183318138123,0.5980933904647827,0.5206692218780518,0.5727188587188721,0.45538267493247986,0.553286075592041,0.396318256855011,0.7008423805236816,0.588882327079773,0.6776950359344482,0.45141565799713135,0.6655558943748474,0.3640284240245819,0.657823920249939,0.2888064682483673,0.7588392496109009,0.5874508619308472,0.7544494867324829,0.4578930735588074,0.7521517276763916,0.37812232971191406,0.7487741708755493,0.30683836340904236,0.8161400556564331,0.6121124029159546,0.8392330408096313,0.515487551689148,0.8534226417541504,0.44972163438796997,0.8628575205802917,0.3863520324230194,open
0.789604663848877,0.8727161884307861,0.7000412344932556,0.875765860080719,0.6105318665504456,0.8281615972518921,0.5391129851341248,0.7899399995803833,0.4773344397544861,0.7890760898590088,0.6433899998664856,0.6249375343322754,0.5973048806190491,0.5208505392074585,0.5717056393623352,0.45550721883773804,0.5520321726799011,0.3967916965484619,0.7006810903549194,0.5879281759262085,0.677229642868042,0.4511098861694336,0.6654306650161743,0.36422500014305115,0.6581887602806091,0.2899455428123474,0.758854866027832,0.5859411358833313,0.7535578012466431,0.45616382360458374,0.7512210011482239,0.3770967721939087,0.7478646636009216,0.3062027096748352,0.8161710500717163,0.6102313995361328,0.8391163945198059,0.514173686504364,0.8533475399017334,0.4488999843597412,0.8629626631736755,0.38568222522735596,open
0.7892637848854065,0.8729966282844543,0.6997645497322083,0.8760594129562378,0.6104677319526672,0.8297830820083618,0.5391838550567627,0.7925733327865601,0.47802454233169556,0.7904434204101562,0.6424428224563599,0.6253862380981445,0.5969341993331909,0.522318422794342,0.5720126628875732,0.45697906613349915,0.5528379678726196,0.3984715938568115,0.699611246585846,0.5888690948486328,0.6769976615905762,0.4526105523109436,0.6651850938796997,0.36596524715423584,0.6574442386627197,0.29220449924468994,0.7576850652694702,0.5873329639434814,0.7539187073707581,0.4585893154144287,0.7513426542282104,0.3809705674648285,0.7473911046981812,0.31105533242225647,0.8151645660400391,0.6121232509613037,0.8394575119018555,0.5163968205451965,0.8536366820335388,0.4512297213077545,0.8628513216972351,0.3877388536930084,open
0.789418637752533,0.8735029101371765,0.7001792192459106,0.8770269155502319,0.6105925440788269,0.8306325674057007,0.5383307337760925,0.7922542095184326,0.47633951902389526,0.7886893153190613,0.6422131657600403,0.6264953017234802,0.5968351364135742,0.5231243968009949,0.5721741914749146,0.45743587613105774,0.5534138679504395,0.3984421491622925,0.6994402408599854,0.5897165536880493,0.6770042777061462,0.4536994993686676,0.6655235886573792,0.36706113815307617,0.6581355929374695,0.2931974530220032,0.7575947642326355,0.5879238843917847,0.7535049915313721,0.4601294994354248,0.7506561279296875,0.3828946650028229,0.7465229630470276,0.3128775358200073,0.8151364326477051,0.6124595999717712,0.8391314744949341,0.5174307227134705,0.8531138300895691,0.4523868262767792,0.8620996475219727,0.38865146040916443,open
0.7887350916862488,0.8742642998695374,0.6997562646865845,0.877365231513977,0.6105050444602966,0.8301665782928467,0.538804829120636,0.7910701036453247,0.4767341613769531,0.7874714136123657,0.6428206562995911,0.6266920566558838,0.5970430970191956,0.5230419039726257,0.5721244812011719,0.4571290910243988,0.5533667206764221,0.3976694941520691,0.6998132467269897,0.590143620967865,0.6767760515213013,0.4537138342857361,0.6647668480873108,0.36675313115119934,0.6569966077804565,0.2925138473510742,0.7577741146087646,0.5885331630706787,0.7535233497619629,0.46081775426864624,0.7505197525024414,0.3830692768096924,0.7463750243186951,0.3129153251647949,0.8152492642402649,0.6133175492286682,0.8390774726867676,0.5181401371955872,0.8530640006065369,0.45302900671958923,0.8620238900184631,0.3895764946937561,open
0.788823664188385,0.872678279876709,0.70023113489151,0.8763360977172852,0.6110227704048157,0.8293728828430176,0.5394977331161499,0.7911353707313538,0.47760888934135437,0.7882421612739563,0.6429831981658936,0.6267780661582947,0.5971775054931641,0.5236597657203674,0.5721521377563477,0.45805150270462036,0.5530225038528442,0.39914658665657043,0.6999595761299133,0.5901569724082947,0.6767596006393433,0.45401832461357117,0.6647482514381409,0.36726489663124084,0.656935453414917,0.29317206144332886,0.7579823136329651,0.5886539816856384,0.7534770369529724,0.46068888902664185,0.750760555267334,0.3827681839466095,0.7467597126960754,0.31238454580307007,0.8153946399688721,0.6136305332183838,0.839013934135437,0.518424391746521,0.8531957268714905,0.45340675115585327,0.8623477220535278,0.39004087448120117,open
0.7896947860717773,0.8729864358901978,0.7011277675628662,0.8767679333686829,0.6119299530982971,0.8295844197273254,0.5402646660804749,0.7909904718399048,0.4781922698020935,0.7884182333946228,0.6431717276573181,0.6262577176094055,0.5971129536628723,0.5229446291923523,0.5718231797218323,0.45727404952049255,0.5525042414665222,0.3981434106826782,0.6999623775482178,0.5891821384429932,0.6767926216125488,0.4533015489578247,0.6647210121154785,0.3663392663002014,0.6570343375205994,0.2922028601169586,0.7579541206359863,0.5871978998184204,0.7532163858413696,0.45946788787841797,0.7504206895828247,0.38122639060020447,0.7465003132820129,0.3105490505695343,0.8155190348625183,0.6117597222328186,0.8390954732894897,0.5169602632522583,0.8532288074493408,0.45188677310943604,0.8624287843704224,0.38833388686180115,open
0.7890815138816833,0.8732953071594238,0.6999785900115967,0.876430869102478,0.6108555793762207,0.8287932872772217,0.5390565395355225,0.7896268367767334,0.4768424928188324,0.7868832945823669,0.6429861783981323,0.6258169412612915,0.597135066986084,0.5218988060951233,0.5718253254890442,0.4563303589820862,0.5524715185165405,0.39739665389060974,0.6999188661575317,0.5890210270881653,0.677089512348175,0.45273932814598083,0.6649367809295654,0.3658807575702667,0.6569865942001343,0.29169249534606934,0.7578365206718445,0.5870601534843445,0.753707766532898,0.4588609039783478,0.7509844303131104,0.38052818179130554,0.747012197971344,0.30996212363243103,0.8152505159378052,0.6114290952682495,0.8390247225761414,0.5159646272659302,0.8530753254890442,0.45068350434303284,0.8621971607208252,0.38720545172691345,open
0.7892510890960693,0.8729254007339478,0.700167179107666,0.8768343925476074,0.6110019683837891,0.8300016522407532,0.5394853353500366,0.7913514375686646,0.477385938167572,0.788468062877655,0.6423621773719788,0.6255402565002441,0.5968647599220276,0.5221782326698303,0.5717132091522217,0.456842839717865,0.5523537397384644,0.3980625867843628,0.6994249820709229,0.5886736512184143,0.6765171885490417,0.4524537920951843,0.6646416783332825,0.3654189109802246,0.6570090055465698,0.2913607954978943,0.7575588226318359,0.5868549942970276,0.7533661127090454,0.45900100469589233,0.7507739067077637,0.38078153133392334,0.7468119859695435,0.31029897928237915,0.8152480125427246,0.6113074421882629,0.8389636278152466,0.5155704021453857,0.8530547022819519,0.45045822858810425,0.8620799779891968,0.38709622621536255,open
0.788780927658081,0.8740265369415283,0.7000941038131714,0.8770391941070557,0.6111851930618286,0.8302322030067444,0.5397436618804932,0.792643666267395,0.4778977930545807,0.7892979979515076,0.6422678828239441,0.6257289052009583,0.5971732139587402,0.5226325988769531,0.5723320841789246,0.4572363793849945,0.5533533096313477,0.3984619975090027,0.6993340849876404,0.589270830154419,0.6766941547393799,0.4532456398010254,0.6648967266082764,0.36663559079170227,0.6572842001914978,0.2929743528366089,0.7573268413543701,0.5875846743583679,0.7534657716751099,0.4599502682685852,0.7505638599395752,0.3821246922016144,0.7462100982666016,0.3119080066680908,0.814882218837738,0.612165629863739,0.838959813117981,0.5167282819747925,0.8529433608055115,0.4515954256057739,0.8616975545883179,0.38807782530784607,open
0.7881611585617065,0.8749041557312012,0.699695885181427,0.8774622082710266,0.6111453175544739,0.8302700519561768,0.5402805805206299,0.7916226387023926,0.4788896441459656,0.7875645160675049,0.6425988674163818,0.6269945502281189,0.5970407724380493,0.5235116481781006,0.5719934701919556,0.45817750692367554,0.5527467727661133,0.3995993435382843,0.699820339679718,0.59003084897995,0.6767776012420654,0.4539400637149811,0.6647312045097351,0.36759045720100403,0.6567546129226685,0.2939501106739044,0.7579488754272461,0.587955117225647,0.7535406351089478,0.4599670469760895,0.7505772113800049,0.3816194236278534,0.7461972832679749,0.3111683428287506,0.8154689073562622,0.612312376499176,0.8390935063362122,0.5168312191963196,0.8530676364898682,0.45161473751068115,0.8619930744171143,0.3882431387901306,open
0.7892001867294312,0.8736106157302856,0.700232982635498,0.8770818114280701,0.6113798022270203,0.8295786380767822,0.5404478907585144,0.7904629707336426,0.47861307859420776,0.7888591885566711,0.6433128714561462,0.6265264749526978,0.5975619554519653,0.5227156281471252,0.5721735954284668,0.45726239681243896,0.5526193976402283,0.39807742834091187,0.7004919648170471,0.5896440744400024,0.6774514317512512,0.4534183144569397,0.6653487682342529,0.3670046925544739,0.657314121723175,0.2924967408180237,0.7583792209625244,0.587837815284729,0.7537299394607544,0.45961451530456543,0.7511268854141235,0.38098248839378357,0.7470477223396301,0.31012874841690063,0.8154719471931458,0.6121371388435364,0.8385252952575684,0.5163664221763611,0.8528212308883667,0.45149773359298706,0.8620597720146179,0.3884817957878113,open
0.7894206643104553,0.8729994297027588,0.7005370259284973,0.876764178276062,0.6114679574966431,0.8298139572143555,0.5400548577308655,0.7907167077064514,0.4780961573123932,0.788640022277832,0.6432020664215088,0.6262806057929993,0.5975019335746765,0.5219641923904419,0.5724230408668518,0.4562072157859802,0.5534208416938782,0.3968450427055359,0.7002028226852417,0.5892995595932007,0.6775252819061279,0.4530695676803589,0.6654915809631348,0.36658525466918945,0.6577109694480896,0.2924523651599884,0.7579998970031738,0.5872424244880676,0.7537586688995361,0.4585855007171631,0.751309871673584,0.37997302412986755,0.7476387023925781,0.3092350959777832,0.8151099681854248,0.6115880012512207,0.8384988307952881,0.5162429213523865,0.8526741862297058,0.45130467414855957,0.8618736267089844,0.3881548345088959,open
0.7887938022613525,0.8738244771957397,0.7002190351486206,0.8776417970657349,0.6114147901535034,0.8302255868911743,0.5399855375289917,0.7912375926971436,0.47796326875686646,0.7889673709869385,0.6425609588623047,0.625891387462616,0.5970425605773926,0.5220144987106323,0.5721209645271301,0.4563330113887787,0.5532556176185608,0.3970574140548706,0.6996673345565796,0.58893221616745,0.6773273944854736,0.4529630243778229,0.665364682674408,0.36627042293548584,0.657494843006134,0.29210132360458374,0.7576894164085388,0.5872668027877808,0.7537916898727417,0.4595370292663574,0.7509463429450989,0.38126757740974426,0.7467976808547974,0.31043684482574463,0.8149620890617371,0.6121712327003479,0.838902473449707,0.5171219110488892,0.8530158996582031,0.45202797651290894,0.8620266914367676,0.38844844698905945,open
0.7886872887611389,0.8728363513946533,0.699726402759552,0.8768602013587952,0.6106384992599487,0.8305742144584656,0.5392335057258606,0.7921489477157593,0.47768598794937134,0.7907181978225708,0.6418036818504333,0.6265477538108826,0.5963764190673828,0.523090660572052,0.5712593793869019,0.45782899856567383,0.5518569350242615,0.3991886377334595,0.6991990804672241,0.5895755290985107,0.6768190264701843,0.45386213064193726,0.6650516390800476,0.3677655756473541,0.6573036909103394,0.29393935203552246,0.7573482394218445,0.5877270698547363,0.7535874843597412,0.45964622497558594,0.7509771585464478,0.3817076086997986,0.746987521648407,0.311479777097702,0.814723551273346,0.6124392747879028,0.8385472893714905,0.5172683596611023,0.8524925708770752,0.4525366425514221,0.8614086508750916,0.38974860310554504,open
0.7881650924682617,0.8736225366592407,0.6995075941085815,0.8772690296173096,0.6109094619750977,0.8306567668914795,0.5396736860275269,0.7917218208312988,0.4780237078666687,0.7888906002044678,0.6416526436805725,0.6267241835594177,0.59637051820755,0.5232377648353577,0.5716775059700012,0.45789164304733276,0.5528960824012756,0.3991907835006714,0.6990483999252319,0.5896915197372437,0.6767641305923462,0.4534187316894531,0.6650165319442749,0.3667505085468292,0.6572624444961548,0.2928304672241211,0.7572457790374756,0.58778977394104,0.7537782192230225,0.4599704444408417,0.7510272264480591,0.3821142315864563,0.7468322515487671,0.3118598163127899,0.8146582245826721,0.6123821139335632,0.8387631177902222,0.5175303220748901,0.8526911735534668,0.45276862382888794,0.8614766001701355,0.3896555006504059,open
0.7882369756698608,0.8734694719314575,0.6990728974342346,0.876643180847168,0.6099381446838379,0.8302876949310303,0.5385212302207947,0.791979193687439,0.47721558809280396,0.7901740074157715,0.6415894627571106,0.6261240839958191,0.5965547561645508,0.5229383707046509,0.5718153119087219,0.4578690528869629,0.5526335835456848,0.39943134784698486,0.6989851593971252,0.5892651081085205,0.6769647002220154,0.453289657831192,0.6652992367744446,0.36713728308677673,0.657434344291687,0.2934596538543701,0.7570987343788147,0.5873510241508484,0.7537729144096375,0.4595462679862976,0.7509795427322388,0.3816566467285156,0.7466853260993958,0.31173446774482727,0.8144887685775757,0.6119879484176636,0.8389072418212891,0.5168542861938477,0.8530336022377014,0.4523010849952698,0.8620235919952393,0.3897862136363983,open
0.7873735427856445,0.8726286888122559,0.698814868927002,0.877153217792511,0.6100685000419617,0.8307952284812927,0.5386528968811035,0.7914139032363892,0.47699272632598877,0.7887712121009827,0.6415579915046692,0.6263131499290466,0.5960997343063354,0.5233936309814453,0.5714502930641174,0.457836389541626,0.5528814792633057,0.39872318506240845,0.6986111402511597,0.5889765024185181,0.6761825084686279,0.4530036151409149,0.6644967198371887,0.36683136224746704,0.6569989323616028,0.2930511236190796,0.7562897801399231,0.5866713523864746,0.7528837323188782,0.4587007761001587,0.7500647306442261,0.38041409850120544,0.7459673881530762,0.3101796805858612,0.813308596611023,0.6109789609909058,0.8377676606178284,0.5159617066383362,0.8519901037216187,0.4512472152709961,0.8611208200454712,0.3885267972946167,open
0.7875310778617859,0.8717934489250183,0.6992505788803101,0.8749784231185913,0.6106390357017517,0.8279220461845398,0.539128839969635,0.7885475754737854,0.47732013463974,0.7869715690612793,0.6424658894538879,0.6262113451957703,0.5965953469276428,0.5227473974227905,0.5717441439628601,0.4570794701576233,0.5533061623573303,0.39751046895980835,0.6992515921592712,0.5890387296676636,0.6762115359306335,0.45260268449783325,0.6644008755683899,0.3654274046421051,0.6571654081344604,0.29096749424934387,0.7567335963249207,0.5865486860275269,0.752699613571167,0.4589792490005493,0.7498965859413147,0.3806896507740021,0.7460092902183533,0.31066370010375977,0.8136090636253357,0.6101581454277039,0.8373859524726868,0.515228807926178,0.8515806198120117,0.4503571391105652,0.860846996307373,0.3875868022441864,open
0.7871858477592468,0.870913028717041,0.698379397392273,0.8733881115913391,0.610115647315979,0.8268052935600281,0.5397152900695801,0.78812575340271,0.47886380553245544,0.7862386107444763,0.6422850489616394,0.6236233115196228,0.5965264439582825,0.5193103551864624,0.5711361765861511,0.4536519944667816,0.5515903234481812,0.3945174813270569,0.6994062662124634,0.5871288776397705,0.676560640335083,0.45084458589553833,0.6645868420600891,0.3639026880264282,0.6570087671279907,0.2894645035266876,0.7571157217025757,0.5852824449539185,0.7528484463691711,0.457417368888855,0.7503466606140137,0.37892234325408936,0.746792733669281,0.3086031675338745,0.8140236735343933,0.6094790697097778,0.8375000357627869,0.5140530467033386,0.851842999458313,0.4488685131072998,0.8614844679832458,0.38565361499786377,open
0.7874630689620972,0.8729075193405151,0.6980646252632141,0.8746581077575684,0.6101524233818054,0.828436553478241,0.5390260219573975,0.7915377020835876,0.47710758447647095,0.7899370789527893,0.6426019072532654,0.6258565783500671,0.5966393351554871,0.5221688151359558,0.5710921883583069,0.4561135172843933,0.5518963932991028,0.39651787281036377,0.6993123888969421,0.5890107154846191,0.6764002442359924,0.45267051458358765,0.6646521687507629,0.36558714509010315,0.6572524905204773,0.29062652587890625,0.7569027543067932,0.5866524577140808,0.7526826858520508,0.4581049978733063,0.7501497268676758,0.3793816864490509,0.7462988495826721,0.30876484513282776,0.813962459564209,0.6104273796081543,0.8377524018287659,0.5142731666564941,0.8521156907081604,0.4487721621990204,0.861532986164093,0.38574591279029846,open
0.7890200614929199,0.8740991353988647,0.6990699172019958,0.8766347169876099,0.6105930805206299,0.8301737904548645,0.5392038822174072,0.792465090751648,0.47734978795051575,0.7892000079154968,0.6429030895233154,0.6288121342658997,0.5973770618438721,0.5257918834686279,0.57197105884552,0.4599469304084778,0.5525370240211487,0.4005945324897766,0.6997993588447571,0.5918567180633545,0.676734209060669,0.45678016543388367,0.6650048494338989,0.3703538775444031,0.6575825810432434,0.2960500419139862,0.7575245499610901,0.5895377397537231,0.7535398006439209,0.46199679374694824,0.751057505607605,0.384634405374527,0.7470705509185791,0.3147236406803131,0.8146209120750427,0.613265872001648,0.8383548855781555,0.5178923010826111,0.8525611162185669,0.45315152406692505,0.8617385625839233,0.39026129245758057,open
0.7872586250305176,0.8751035928726196,0.6993736624717712,0.8754096031188965,0.6098536849021912,0.8270940780639648,0.5393829345703125,0.7866426706314087,0.4801250696182251,0.7820360064506531,0.6434878706932068,0.6243871450424194,0.5974284410476685,0.519634485244751,0.5719585418701172,0.4544093608856201,0.5524228811264038,0.3961845636367798,0.7002149820327759,0.5880629420280457,0.6771402359008789,0.4503866136074066,0.6646489500999451,0.36346209049224854,0.6566281914710999,0.2892397344112396,0.7575283646583557,0.5863479375839233,0.7530202269554138,0.4569917917251587,0.7504230737686157,0.3778623044490814,0.747035801410675,0.30747151374816895,0.8143603801727295,0.610593318939209,0.8372632265090942,0.5147479176521301,0.8512054681777954,0.4492805004119873,0.8607661128044128,0.386222779750824,open
0.7872596383094788,0.8705242872238159,0.6985253095626831,0.8724372386932373,0.6095837354660034,0.8246289491653442,0.5387726426124573,0.7852029800415039,0.4773077070713043,0.7843216061592102,0.6426637172698975,0.6226353049278259,0.5961272120475769,0.5179858207702637,0.5701280832290649,0.452758252620697,0.550114631652832,0.39382731914520264,0.6997016668319702,0.586380124092102,0.6764532923698425,0.44913196563720703,0.6646342277526855,0.3626382350921631,0.6573606729507446,0.2882084250450134,0.7575089931488037,0.5848460793495178,0.7522860169410706,0.45537495613098145,0.749939501285553,0.37634387612342834,0.7464894652366638,0.3054417669773102,0.8145776391029358,0.6089676022529602,0.8365481495857239,0.512392520904541,0.8506788015365601,0.44725853204727173,0.8603098392486572,0.3845539391040802,open
0.7866672277450562,0.8696413040161133,0.6964512467384338,0.873021125793457,0.6082031726837158,0.8277021050453186,0.5377699136734009,0.7904356122016907,0.4765302538871765,0.7869632244110107,0.6410488486289978,0.623873233795166,0.5950801372528076,0.5202465057373047,0.5696428418159485,0.45414823293685913,0.5507023334503174,0.39467257261276245,0.6980200409889221,0.5874680280685425,0.6752360463142395,0.4513229429721832,0.663963794708252,0.3647004961967468,0.657356321811676,0.2903337776660919,0.7555211186408997,0.5855771899223328,0.7511186599731445,0.45667630434036255,0.7487004399299622,0.3781651556491852,0.7453722357749939,0.30755406618118286,0.8125369548797607,0.6095378994941711,0.8358045816421509,0.5133546590805054,0.8497836589813232,0.4481649398803711,0.8589984774589539,0.3852384686470032,open
0.7873618602752686,0.8722332715988159,0.6974133849143982,0.8754341006278992,0.6086010336875916,0.829917848110199,0.537369966506958,0.7932769060134888,0.47605109214782715,0.7896061539649963,0.6401685476303101,0.6261819005012512,0.5938398838043213,0.5245733857154846,0.5682578086853027,0.4594162702560425,0.5485087037086487,0.4010215699672699,0.6968291401863098,0.5896031856536865,0.6744343042373657,0.4550834894180298,0.6635324954986572,0.3692256212234497,0.6565702557563782,0.2955450713634491,0.7542405724525452,0.5874640941619873,0.7499834299087524,0.4608073830604553,0.7473219633102417,0.38409629464149475,0.7432209253311157,0.3141639828681946,0.8113860487937927,0.6110745072364807,0.8348333835601807,0.516281008720398,0.8487271070480347,0.4520348906517029,0.8576250076293945,0.3892298936843872,open
0.7863184213638306,0.8748019933700562,0.6970756649971008,0.8768486976623535,0.6087460517883301,0.8307541608810425,0.5379633903503418,0.7921053767204285,0.4772440493106842,0.7875134944915771,0.6397578716278076,0.627140462398529,0.5933083295822144,0.5244579315185547,0.5681473016738892,0.4588647484779358,0.5493580102920532,0.39955997467041016,0.6964939832687378,0.5901609659194946,0.674197256565094,0.4544852674007416,0.6628009676933289,0.3679549992084503,0.6555697917938232,0.2938646674156189,0.7539632320404053,0.5879112482070923,0.750288188457489,0.4613780677318573,0.747323751449585,0.38420069217681885,0.7432120442390442,0.31456679105758667,0.810944676399231,0.6117477416992188,0.8347042798995972,0.5173308253288269,0.8484180569648743,0.4527643322944641,0.8572478890419006,0.389890193939209,open
0.7865023016929626,0.8714867830276489,0.6978242993354797,0.8740465044975281,0.6098136901855469,0.828384518623352,0.5390244722366333,0.7904745936393738,0.4780741035938263,0.7878310680389404,0.6404353976249695,0.6260236501693726,0.594661295413971,0.5237339735031128,0.5699051022529602,0.4583834707736969,0.5513318777084351,0.3997264802455902,0.6968755125999451,0.5894143581390381,0.6737120747566223,0.4545423984527588,0.6618391871452332,0.3685554265975952,0.6545881628990173,0.29541534185409546,0.7544468641281128,0.5872606635093689,0.7499783039093018,0.4605637490749359,0.7470847964286804,0.3832727372646332,0.743342399597168,0.31424519419670105,0.8116658926010132,0.6110361218452454,0.8342050313949585,0.5163753628730774,0.8476219177246094,0.4522765874862671,0.8566757440567017,0.3904326260089874,open
0.7861268520355225,0.8723838925361633,0.6977867484092712,0.8735140562057495,0.6085827946662903,0.825369119644165,0.5377432107925415,0.7854047417640686,0.4773886501789093,0.7833584547042847,0.6409155130386353,0.6235562562942505,0.5949661731719971,0.5200074911117554,0.5698780417442322,0.4544850289821625,0.5509108304977417,0.395733118057251,0.6977050304412842,0.5871958136558533,0.6741754412651062,0.45102325081825256,0.6617236137390137,0.36461141705513,0.653976321220398,0.2914266586303711,0.75544273853302,0.5852183103561401,0.75007164478302,0.457027792930603,0.7467576861381531,0.37812677025794983,0.7428160905838013,0.3079872727394104,0.8124066591262817,0.6091473698616028,0.8344113826751709,0.5145561099052429,0.8476546406745911,0.4497671127319336,0.8566526770591736,0.38729655742645264,open
0.7864683866500854,0.8707069158554077,0.6981005072593689,0.8725136518478394,0.6096302270889282,0.8238903284072876,0.5384635925292969,0.78431236743927,0.47676727175712585,0.782629132270813,0.6417343616485596,0.6230869293212891,0.5955919623374939,0.5200501680374146,0.5704505443572998,0.4550483524799347,0.5514637231826782,0.3963659703731537,0.698352575302124,0.5863994359970093,0.6743280291557312,0.44989222288131714,0.6620161533355713,0.36306315660476685,0.6548032164573669,0.2892662584781647,0.7560602426528931,0.5845213532447815,0.750175416469574,0.4561026692390442,0.7472094893455505,0.37712758779525757,0.7437583208084106,0.30677661299705505,0.8131622076034546,0.6082942485809326,0.8345397710800171,0.5127832889556885,0.8478365540504456,0.4475066065788269,0.85694819688797,0.3844444453716278,open
0.7882651686668396,0.8686916828155518,0.6988913416862488,0.8715484142303467,0.610698938369751,0.8260806798934937,0.5398349761962891,0.788680911064148,0.4782071113586426,0.7863749265670776,0.6418951749801636,0.623774528503418,0.595482349395752,0.5210336446762085,0.5704877376556396,0.4558120369911194,0.5518027544021606,0.3968452215194702,0.6984694004058838,0.5864987373352051,0.6746767163276672,0.45098140835762024,0.6630329489707947,0.3640815317630768,0.6564421653747559,0.28965020179748535,0.7561019659042358,0.5840326547622681,0.7506729364395142,0.4566602110862732,0.7477704882621765,0.37817949056625366,0.7444360852241516,0.30774301290512085,0.8133208751678467,0.6073380708694458,0.8355756402015686,0.5130717754364014,0.8491531014442444,0.44856178760528564,0.8583958745002747,0.3859116733074188,open
0.787745475769043,0.8706684112548828,0.6980188488960266,0.8737662434577942,0.6087467074394226,0.8272407650947571,0.5369318723678589,0.7896466851234436,0.4750886559486389,0.7876943945884705,0.6413856744766235,0.6257075071334839,0.5956785678863525,0.5235833525657654,0.5704286694526672,0.45859554409980774,0.5510574579238892,0.4000035226345062,0.6978431344032288,0.588619589805603,0.675171971321106,0.4535457193851471,0.6636602878570557,0.3673172891139984,0.6562503576278687,0.29327985644340515,0.7552597522735596,0.5863696932792664,0.7506711483001709,0.45951706171035767,0.7476804256439209,0.38216423988342285,0.7435047030448914,0.3120625615119934,0.8123641014099121,0.6100072264671326,0.8354001045227051,0.5153725147247314,0.8488667011260986,0.4506128132343292,0.8573857545852661,0.38743719458580017,open
0.7873488664627075,0.8712282180786133,0.6989817023277283,0.8748406767845154,0.609897792339325,0.8287186622619629,0.5387513637542725,0.7890394330024719,0.4773874282836914,0.7851662635803223,0.6410959959030151,0.6260495185852051,0.5949615836143494,0.5234237313270569,0.569892942905426,0.4581700563430786,0.5509356260299683,0.39906784892082214,0.6978045701980591,0.5890311002731323,0.6747233271598816,0.4531400501728058,0.6629995703697205,0.3667360544204712,0.65550696849823,0.29280441999435425,0.7553797960281372,0.5868387222290039,0.7506149411201477,0.4596134126186371,0.7473829984664917,0.38189616799354553,0.7430839538574219,0.3120010793209076,0.812647819519043,0.6103784441947937,0.83516526222229,0.5150750279426575,0.8485395312309265,0.4505000710487366,0.8571080565452576,0.3879137337207794,open
0.7868514060974121,0.8684138059616089,0.6982272863388062,0.8726130127906799,0.6091861128807068,0.8262695074081421,0.5383322238922119,0.7870277762413025,0.4773731529712677,0.7854631543159485,0.6409531831741333,0.6237355470657349,0.5953538417816162,0.5210884213447571,0.5706441402435303,0.4561115801334381,0.5520418882369995,0.3973945379257202,0.6977187395095825,0.5870875716209412,0.6742678284645081,0.4516715705394745,0.6621304154396057,0.36546772718429565,0.6546827554702759,0.2919484078884125,0.7552835941314697,0.584945023059845,0.7505528330802917,0.45760607719421387,0.7475248575210571,0.37984323501586914,0.7437411546707153,0.31046125292778015,0.8123506307601929,0.6085516214370728,0.8348870277404785,0.5134350061416626,0.8484501242637634,0.4488171935081482,0.8574026823043823,0.38643622398376465,open
0.7873902320861816,0.8683497905731201,0.6985591650009155,0.8723364472389221,0.609028697013855,0.8253345489501953,0.5376029014587402,0.7857188582420349,0.47647711634635925,0.7833340764045715,0.6413362622261047,0.6247403025627136,0.5949139595031738,0.5223934650421143,0.5699480772018433,0.45716190338134766,0.5513980388641357,0.39825406670570374,0.6979560852050781,0.5873012542724609,0.6743059754371643,0.4517093896865845,0.6621012091636658,0.36501169204711914,0.6545068025588989,0.29111188650131226,0.7556099891662598,0.5843508243560791,0.7504125237464905,0.4569110870361328,0.7473814487457275,0.3786769211292267,0.7435165047645569,0.30881232023239136,0.8129063248634338,0.6072497367858887,0.8350385427474976,0.512031078338623,0.8483918309211731,0.4472905397415161,0.8571038246154785,0.3849642276763916,open
0.7867532968521118,0.8678649663925171,0.6981672048568726,0.872165858745575,0.6087726950645447,0.8258481621742249,0.5370643138885498,0.7863203287124634,0.4758574366569519,0.7831072211265564,0.640948474407196,0.6249298453330994,0.5951420068740845,0.5221679210662842,0.5704717040061951,0.45656514167785645,0.552187442779541,0.3972703814506531,0.697671115398407,0.587641716003418,0.6745262145996094,0.45222949981689453,0.6624903082847595,0.3657684624195099,0.6549937725067139,0.29192984104156494,0.7551746964454651,0.5847671627998352,0.7508015632629395,0.4577822983264923,0.7478659749031067,0.37977656722068787,0.7441171407699585,0.3097462058067322,0.8123084902763367,0.6076347231864929,0.8352380990982056,0.5131431818008423,0.8488243818283081,0.4484734535217285,0.857700526714325,0.3857567310333252,open
0.7871320247650146,0.8683990240097046,0.6983960270881653,0.8725299835205078,0.6093488335609436,0.8263102769851685,0.5380566120147705,0.7868650555610657,0.4770616888999939,0.7834022045135498,0.6410742402076721,0.6252133250236511,0.5951905846595764,0.5220867395401001,0.570585310459137,0.4562380313873291,0.552448034286499,0.39668846130371094,0.6977337598800659,0.5877369046211243,0.6744991540908813,0.45223701000213623,0.6623730063438416,0.3657223582267761,0.6547874212265015,0.2918863594532013,0.7552154660224915,0.5847174525260925,0.7509468197822571,0.45796772837638855,0.7478326559066772,0.380067378282547,0.7439014911651611,0.3101389408111572,0.812379002571106,0.6075409650802612,0.8354023694992065,0.5131786465644836,0.8488669395446777,0.4485669732093811,0.8576197624206543,0.3858170211315155,open
0.7870350480079651,0.8690153956413269,0.6986234784126282,0.8725872039794922,0.6093476414680481,0.826283872127533,0.5374929308891296,0.7868132591247559,0.4761715531349182,0.7833523750305176,0.6414502859115601,0.6246546506881714,0.595437228679657,0.521966814994812,0.5706260800361633,0.4565715789794922,0.5523437261581421,0.397330105304718,0.6979206800460815,0.5876821279525757,0.6744913458824158,0.4520474374294281,0.6623652577400208,0.36550429463386536,0.6549487709999084,0.291655957698822,0.7553892731666565,0.5851664543151855,0.7506041526794434,0.45792853832244873,0.7474753856658936,0.37944093346595764,0.743729829788208,0.30919158458709717,0.8125717639923096,0.608494222164154,0.8352924585342407,0.5135748982429504,0.8488072156906128,0.44860970973968506,0.857683539390564,0.38588279485702515,open
0.7870090007781982,0.8671846389770508,0.6990109086036682,0.8714921474456787,0.6100286841392517,0.8263066411018372,0.5387265682220459,0.7878913879394531,0.47752225399017334,0.7855182886123657,0.6410886645317078,0.6235429644584656,0.5950610041618347,0.5207633376121521,0.5704702734947205,0.4554784297943115,0.5522611737251282,0.39629900455474854,0.6977413296699524,0.5865030884742737,0.6745527982711792,0.45071515440940857,0.6625229716300964,0.3643321990966797,0.6550459861755371,0.29049593210220337,0.7551583051681519,0.5840252041816711,0.7507373690605164,0.45665040612220764,0.7477201819419861,0.3780425786972046,0.7439141869544983,0.30780577659606934,0.8121718168258667,0.6074773669242859,0.8350411653518677,0.5125818252563477,0.8486598134040833,0.4477161169052124,0.8575332760810852,0.3851074278354645,open
0.7877203226089478,0.8678163290023804,0.6991547346115112,0.8721309304237366,0.6097092032432556,0.825547993183136,0.5383351445198059,0.7865256071090698,0.47708335518836975,0.7843161821365356,0.6406813263893127,0.622366726398468,0.5948532223701477,0.5191386342048645,0.5704612731933594,0.4534885883331299,0.5525051355361938,0.39404964447021484,0.6974376440048218,0.5854530930519104,0.6745584607124329,0.4498729407787323,0.6627621650695801,0.3633764386177063,0.6554546356201172,0.28957080841064453,0.7551128268241882,0.5830785632133484,0.7508087158203125,0.4563610851764679,0.7475540637969971,0.37854987382888794,0.7434731721878052,0.30854731798171997,0.8122323751449585,0.6066051125526428,0.8351573944091797,0.5121378898620605,0.8485737442970276,0.44759219884872437,0.857186496257782,0.3846912086009979,open
0.7869150638580322,0.8684146404266357,0.698607325553894,0.8725404739379883,0.610113263130188,0.8267066478729248,0.5389000773429871,0.788567304611206,0.4772765636444092,0.786319375038147,0.640769362449646,0.6226979494094849,0.595157265663147,0.5197272300720215,0.5705139636993408,0.45435792207717896,0.5521464943885803,0.3949861228466034,0.6974552869796753,0.5859646201133728,0.6746901869773865,0.45023515820503235,0.6627539396286011,0.3636806309223175,0.6552178263664246,0.2896556258201599,0.7550800442695618,0.5839159488677979,0.7510366439819336,0.45664799213409424,0.7479230165481567,0.37851351499557495,0.7438192367553711,0.30805256962776184,0.8121621012687683,0.6078909635543823,0.83535236120224,0.5129653215408325,0.8488383889198303,0.4480687975883484,0.8573582172393799,0.3848212659358978,open
0.7870477437973022,0.8681678771972656,0.6984940767288208,0.8720684051513672,0.609957754611969,0.8268027901649475,0.5389294028282166,0.7899552583694458,0.47756877541542053,0.787248969078064,0.6413443088531494,0.6245247721672058,0.595297634601593,0.521634578704834,0.5703071355819702,0.4558113217353821,0.55148845911026,0.3962385058403015,0.6981658935546875,0.587792158126831,0.675392210483551,0.45223069190979004,0.6634247303009033,0.3655302822589874,0.6555742025375366,0.29130464792251587,0.7557249069213867,0.5858375430107117,0.7515407204627991,0.4584089517593384,0.7483640313148499,0.3802831470966339,0.7439950108528137,0.30949661135673523,0.812682032585144,0.6100074648857117,0.8360667824745178,0.5152003169059753,0.8494302034378052,0.45018070936203003,0.857650637626648,0.3865388035774231,open
0.7868905067443848,0.8703473210334778,0.698433518409729,0.8738157749176025,0.6100260019302368,0.827368974685669,0.5388638377189636,0.7893446087837219,0.4772532284259796,0.7872820496559143,0.6413254737854004,0.6249451637268066,0.5952390432357788,0.521450400352478,0.5703092217445374,0.45566612482070923,0.5515540838241577,0.39610981941223145,0.6983564496040344,0.5882517099380493,0.6752558946609497,0.4525560736656189,0.6633033752441406,0.36598339676856995,0.6556001901626587,0.2919140160083771,0.7562982439994812,0.5862191915512085,0.7516080141067505,0.4586343765258789,0.748509407043457,0.38048309087753296,0.7444536089897156,0.310127854347229,0.8137401342391968,0.6103147268295288,0.8366414904594421,0.5150521397590637,0.8499374389648438,0.44991782307624817,0.8583158254623413,0.3865510821342468,open
0.7881017327308655,0.8701155185699463,0.6993204355239868,0.8737460970878601,0.6104149222373962,0.8269619941711426,0.5395081043243408,0.7880152463912964,0.4778539538383484,0.7855405807495117,0.6415647268295288,0.6250168681144714,0.5960568189620972,0.5219773650169373,0.5713135004043579,0.45669540762901306,0.5525501370429993,0.3976919651031494,0.698649525642395,0.5881935954093933,0.675980269908905,0.452451229095459,0.664371132850647,0.3659467399120331,0.6569945812225342,0.2918586730957031,0.7566408514976501,0.5863626003265381,0.7522009015083313,0.45856839418411255,0.7495864033699036,0.3807041645050049,0.7458022832870483,0.3106159269809723,0.8141059279441833,0.6106904149055481,0.8369601964950562,0.5154014229774475,0.8505043983459473,0.450478196144104,0.8591665029525757,0.38736408948898315,open
0.7873559594154358,0.8716418743133545,0.6990780234336853,0.8739410042762756,0.6106247305870056,0.8270365595817566,0.539757490158081,0.7883628010749817,0.478248655796051,0.7859218120574951,0.6418554186820984,0.6251146793365479,0.5968351364135742,0.5217077732086182,0.5720149874687195,0.4562349319458008,0.5531966686248779,0.39692533016204834,0.6986337304115295,0.5881790518760681,0.6758068203926086,0.45211416482925415,0.6635943651199341,0.3655489683151245,0.6556951403617859,0.291413813829422,0.7565184235572815,0.5860928297042847,0.7521392703056335,0.45707792043685913,0.7498077750205994,0.3779184818267822,0.7463915348052979,0.30696308612823486,0.8136433362960815,0.6106158494949341,0.8369035720825195,0.514826774597168,0.8510482311248779,0.4493121802806854,0.8602635860443115,0.3861753046512604,open
0.7886646389961243,0.870674192905426,0.7000650763511658,0.8734726905822754,0.6109179854393005,0.8262525796890259,0.5403366088867188,0.7878565788269043,0.4791616201400757,0.7868941426277161,0.642200231552124,0.6246899366378784,0.596272349357605,0.5212520956993103,0.5712409019470215,0.45612043142318726,0.5520362854003906,0.39701223373413086,0.6990853548049927,0.5877178311347961,0.6758114695549011,0.45146599411964417,0.6636442542076111,0.36456298828125,0.6557595133781433,0.2897476851940155,0.7569563984870911,0.5856617093086243,0.7522104978561401,0.4574167728424072,0.7499048709869385,0.3785669803619385,0.7463858723640442,0.3077433705329895,0.8141120672225952,0.6097748279571533,0.83698570728302,0.5144199728965759,0.8510984182357788,0.4492190182209015,0.8604030609130859,0.3859780430793762,open
0.7883318662643433,0.8707103729248047,0.7000745534896851,0.8742347955703735,0.6104621887207031,0.827262282371521,0.5391896963119507,0.7884414196014404,0.4778180718421936,0.7873079180717468,0.6419854164123535,0.6247163414955139,0.5964173078536987,0.5207943916320801,0.5717453956604004,0.4552184045314789,0.552987813949585,0.39588481187820435,0.6986120343208313,0.5874021053314209,0.6761474013328552,0.45089033246040344,0.6643633842468262,0.3637695014476776,0.6568475365638733,0.28927186131477356,0.7563027143478394,0.584953784942627,0.7521843910217285,0.45686596632003784,0.749835193157196,0.3782891035079956,0.746455192565918,0.307689905166626,0.8134670257568359,0.6088078618049622,0.8368231058120728,0.5144079923629761,0.8508502840995789,0.44963186979293823,0.859969973564148,0.3866890072822571,open
0.788195013999939,0.8712550401687622,0.6996103525161743,0.8743370771408081,0.6103748083114624,0.8272885084152222,0.5391939878463745,0.788277804851532,0.4776076674461365,0.7860717177391052,0.6421781778335571,0.6249542236328125,0.5964494347572327,0.5207173824310303,0.5717162489891052,0.454863965511322,0.5531418919563293,0.3951566219329834,0.6988267302513123,0.5875992178916931,0.6760820150375366,0.45110151171684265,0.6642814874649048,0.3640505075454712,0.6568776965141296,0.28947827219963074,0.7564519643783569,0.5850934386253357,0.7524453401565552,0.4567779302597046,0.7500538229942322,0.3779461681842804,0.7466557621955872,0.30693453550338745,0.8135091066360474,0.6089603304862976,0.8370264768600464,0.5145150423049927,0.8510750532150269,0.4496978521347046,0.8601986169815063,0.3865966498851776,open
0.7884215116500854,0.870729923248291,0.6998499631881714,0.8743159770965576,0.6107124090194702,0.8273799419403076,0.5395208597183228,0.788229763507843,0.4780834913253784,0.7865097522735596,0.6420210599899292,0.6249220967292786,0.5966920852661133,0.5206509232521057,0.5721009373664856,0.4548754394054413,0.5534462928771973,0.39530420303344727,0.6986952424049377,0.5876146554946899,0.676338791847229,0.45071181654930115,0.6647700071334839,0.36346423625946045,0.6574229001998901,0.28878238797187805,0.7563605308532715,0.5851919054985046,0.7525858879089355,0.45676106214523315,0.7502555847167969,0.37792542576789856,0.7467325925827026,0.3069700300693512,0.8134875893592834,0.6090864539146423,0.8373473286628723,0.5146182775497437,0.851521372795105,0.44976797699928284,0.8606807589530945,0.3866277039051056,open
0.7884377241134644,0.8683366775512695,0.6998198628425598,0.8728946447372437,0.6106362342834473,0.826921820640564,0.539447546005249,0.788052499294281,0.47779643535614014,0.7853796482086182,0.6421247720718384,0.6241289973258972,0.5968548059463501,0.520237386226654,0.5721404552459717,0.4547460079193115,0.5532700419425964,0.3955875039100647,0.698955774307251,0.5870105028152466,0.6766595244407654,0.45052826404571533,0.664693295955658,0.3636198341846466,0.6569746136665344,0.28943848609924316,0.7566485404968262,0.5848029851913452,0.753017246723175,0.4569109082221985,0.7500505447387695,0.3780060112476349,0.7460575699806213,0.3068765103816986,0.8136423826217651,0.6089527010917664,0.8373932838439941,0.5144103765487671,0.8511770963668823,0.4492946267127991,0.8599814176559448,0.3857261836528778,open
0.7882412672042847,0.8695313930511475,0.7001026272773743,0.8728711605072021,0.610847532749176,0.8259304761886597,0.5391451716423035,0.7873495817184448,0.4772631824016571,0.7845776081085205,0.6421898603439331,0.6228747367858887,0.5969289541244507,0.5192689895629883,0.5721663236618042,0.4539029002189636,0.5533984899520874,0.39474552869796753,0.6990467309951782,0.5860441327095032,0.6769716739654541,0.4498547911643982,0.6651614904403687,0.36308470368385315,0.6574952602386475,0.2889525294303894,0.7569317817687988,0.5839924812316895,0.7532831430435181,0.45647940039634705,0.7503534555435181,0.3780055642127991,0.7462705969810486,0.30691230297088623,0.8141673803329468,0.6082556843757629,0.837945282459259,0.5135360360145569,0.8517388105392456,0.4484887719154358,0.8604604005813599,0.38487496972084045,open
0.788581907749176,0.8694298267364502,0.7002341151237488,0.8734318017959595,0.6112089157104492,0.8264378309249878,0.539620578289032,0.7875192165374756,0.47741571068763733,0.785073459148407,0.6419209837913513,0.6229209899902344,0.5966333150863647,0.5191131234169006,0.5719561576843262,0.4535314440727234,0.5532427430152893,0.39397966861724854,0.6990876197814941,0.5860702991485596,0.6771527528762817,0.4499891400337219,0.6657478213310242,0.3632776141166687,0.6584994792938232,0.2887428402900696,0.757006824016571,0.584140419960022,0.753272533416748,0.456743061542511,0.750612735748291,0.3785382807254791,0.7468732595443726,0.3076466917991638,0.8141579627990723,0.6084184050559998,0.837984025478363,0.5139357447624207,0.8520383834838867,0.44905543327331543,0.8611260056495667,0.3854213356971741,open
0.7880293130874634,0.8703329563140869,0.6993920207023621,0.8734418749809265,0.6105543971061707,0.8267297148704529,0.5395492315292358,0.7884091734886169,0.4778822064399719,0.7858923077583313,0.6417307257652283,0.6239336133003235,0.5964552760124207,0.5201752185821533,0.5717779994010925,0.45466703176498413,0.5530716776847839,0.39542263746261597,0.6988055109977722,0.5869563817977905,0.6768732666969299,0.45069223642349243,0.665693461894989,0.3638809025287628,0.6586577892303467,0.2895512878894806,0.7568246722221375,0.5847766399383545,0.7529845833778381,0.4564778506755829,0.7504755258560181,0.37838810682296753,0.7469696998596191,0.3078858554363251,0.8142080307006836,0.6088867783546448,0.83808434009552,0.5139564275741577,0.8519085049629211,0.4488092064857483,0.8607782125473022,0.3852682411670685,open
0.7886298894882202,0.8706387281417847,0.6997332572937012,0.8740890622138977,0.6111040115356445,0.8278031349182129,0.5403149127960205,0.7899401187896729,0.47900378704071045,0.7872442007064819,0.6420024633407593,0.6248721480369568,0.5966811776161194,0.5207440853118896,0.5721268653869629,0.4548417925834656,0.553471028804779,0.39513903856277466,0.6991585493087769,0.587915301322937,0.6770800352096558,0.4515821933746338,0.6658591032028198,0.3643612563610077,0.6586224436759949,0.28941747546195984,0.7571202516555786,0.585830569267273,0.7535838484764099,0.45776814222335815,0.7512273192405701,0.3798583745956421,0.7475078105926514,0.30926087498664856,0.8144481778144836,0.6098843812942505,0.8382608294487,0.5147326588630676,0.8521102070808411,0.44956105947494507,0.860844612121582,0.38565969467163086,open
0.7884754538536072,0.8697124123573303,0.6999599933624268,0.8748718500137329,0.610910177230835,0.8284813761711121,0.5395877361297607,0.7892084121704102,0.47767847776412964,0.7866396307945251,0.6422053575515747,0.6250167489051819,0.5966793894767761,0.5210531949996948,0.5721291303634644,0.45517241954803467,0.5536690354347229,0.3954111933708191,0.6992648243904114,0.5878511667251587,0.6771050691604614,0.4512661397457123,0.6657721996307373,0.3640027344226837,0.6586602330207825,0.28900420665740967,0.7571747303009033,0.5856425762176514,0.7532980442047119,0.45765334367752075,0.750891387462616,0.37954625487327576,0.7472938895225525,0.30877238512039185,0.8146347999572754,0.6095544099807739,0.838409960269928,0.5147923231124878,0.8525970578193665,0.44993624091148376,0.8616963624954224,0.38638487458229065,open
0.7883267402648926,0.8717938661575317,0.7000782489776611,0.875144362449646,0.6112810373306274,0.8278661966323853,0.5394363403320312,0.7891414761543274,0.4771251976490021,0.7868047952651978,0.6420887112617493,0.6247395277023315,0.5968027710914612,0.5209489464759827,0.572180986404419,0.45521247386932373,0.5535217523574829,0.39551088213920593,0.699201226234436,0.5878140926361084,0.67738276720047,0.4509509801864624,0.6659359335899353,0.3634721636772156,0.6584810614585876,0.2886594235897064,0.7570974230766296,0.58597731590271,0.7538163661956787,0.45811671018600464,0.751270055770874,0.37953248620033264,0.7473238110542297,0.3082796633243561,0.8142893314361572,0.6103126406669617,0.8383575677871704,0.5155893564224243,0.8525421023368835,0.4505477547645569,0.8614242076873779,0.38677018880844116,open
0.787971556186676,0.8709298372268677,0.6999051570892334,0.8741039633750916,0.6113193035125732,0.8270638585090637,0.5396938323974609,0.7883935570716858,0.4776811897754669,0.7849951386451721,0.642448365688324,0.6244405508041382,0.5970794558525085,0.5205214023590088,0.5725278854370117,0.45455577969551086,0.5542312860488892,0.39469900727272034,0.6996138095855713,0.5875186324119568,0.6775276064872742,0.45127302408218384,0.6660511493682861,0.3641228675842285,0.6587964296340942,0.28937920928001404,0.7576138973236084,0.5858798027038574,0.7544267773628235,0.45779117941856384,0.7520665526390076,0.3793567419052124,0.7483592629432678,0.30830785632133484,0.8149102926254272,0.6107435822486877,0.838988184928894,0.5158047080039978,0.8528119325637817,0.45070213079452515,0.8614501357078552,0.3868977129459381,open
0.7880761623382568,0.8713581562042236,0.6999425888061523,0.8745231628417969,0.6110689640045166,0.8276930451393127,0.5399085283279419,0.7888753414154053,0.478438138961792,0.7864570617675781,0.6424595713615417,0.6244646906852722,0.5972674489021301,0.5202212929725647,0.5726174712181091,0.4546237587928772,0.5537893176078796,0.3950687050819397,0.6996985077857971,0.5875908136367798,0.6777338981628418,0.4510982632637024,0.6665852665901184,0.36380162835121155,0.6595653295516968,0.28876182436943054,0.757617175579071,0.5859003663063049,0.7548639178276062,0.45770448446273804,0.7529576420783997,0.3790926933288574,0.7496770620346069,0.30798226594924927,0.8146913051605225,0.610542356967926,0.8388374447822571,0.5155312418937683,0.8530328273773193,0.4503704905509949,0.8620789647102356,0.3866522014141083,open
0.788515031337738,0.8714444637298584,0.7001234292984009,0.8745827078819275,0.6113024950027466,0.8275062441825867,0.5398030281066895,0.7886703014373779,0.4778062701225281,0.7865598201751709,0.6424325704574585,0.6245631575584412,0.597315788269043,0.5207411646842957,0.5727250576019287,0.454995334148407,0.5540359020233154,0.39530688524246216,0.6997820734977722,0.5876978039741516,0.6778927445411682,0.45104026794433594,0.6665344834327698,0.36357182264328003,0.6592897176742554,0.2885062098503113,0.7579898238182068,0.5863505005836487,0.7549862861633301,0.45772993564605713,0.7528775930404663,0.3789308965206146,0.7494329214096069,0.3078519105911255,0.8152447938919067,0.6115642786026001,0.8391333818435669,0.5160516500473022,0.8531597852706909,0.45058679580688477,0.8621383309364319,0.3868686258792877,open
0.7882651090621948,0.8718357086181641,0.6997162699699402,0.8751081228256226,0.6112269163131714,0.828183114528656,0.5397915840148926,0.7890152335166931,0.47768616676330566,0.7867104411125183,0.6418618559837341,0.624763011932373,0.5970469117164612,0.5207005739212036,0.5725198984146118,0.4549054801464081,0.553798496723175,0.3952130675315857,0.6992774605751038,0.5877565741539001,0.6775758266448975,0.45111632347106934,0.6662305593490601,0.3639723062515259,0.6589000821113586,0.2892018258571625,0.7574424147605896,0.5861799120903015,0.7545382976531982,0.45767271518707275,0.7523353695869446,0.3791573941707611,0.7487223744392395,0.3081452548503876,0.8146663308143616,0.6111531257629395,0.8388528823852539,0.5158567428588867,0.8531472682952881,0.45073890686035156,0.8622760772705078,0.3871675729751587,open
0.7886180877685547,0.8717410564422607,0.7000479102134705,0.8744441270828247,0.6114600896835327,0.8275209665298462,0.5397300124168396,0.7882301211357117,0.4774683713912964,0.7852834463119507,0.6421511173248291,0.6244824528694153,0.5968683958053589,0.5199722051620483,0.5723370313644409,0.45421653985977173,0.5536452531814575,0.3946397304534912,0.6995611190795898,0.5877542495727539,0.6779543161392212,0.4507300555706024,0.6667217016220093,0.36335140466690063,0.6593591570854187,0.28855693340301514,0.7576521635055542,0.5862557888031006,0.7545897960662842,0.45781469345092773,0.7524727582931519,0.37904781103134155,0.748879611492157,0.30791470408439636,0.8148742914199829,0.6110935807228088,0.8390045166015625,0.5156608819961548,0.8531863689422607,0.450549840927124,0.8622097373008728,0.38696184754371643,open
0.7888474464416504,0.8713348507881165,0.7000080347061157,0.8745907545089722,0.6111040711402893,0.827703595161438,0.5393897294998169,0.7881024479866028,0.47722160816192627,0.7841563820838928,0.6420713663101196,0.6245511174201965,0.5969271659851074,0.5199683904647827,0.5726567506790161,0.4542059302330017,0.5542443990707397,0.3946642279624939,0.6995399594306946,0.5877765417098999,0.6778496503829956,0.4506518840789795,0.6664848327636719,0.36324453353881836,0.6590031385421753,0.2883504033088684,0.7576257586479187,0.5862470865249634,0.7545095086097717,0.4574378430843353,0.7523703575134277,0.37815994024276733,0.748788595199585,0.3064459562301636,0.8148270845413208,0.6109999418258667,0.8388335704803467,0.5153639316558838,0.8530701994895935,0.450076699256897,0.8621412515640259,0.3861660063266754,open
0.7886614203453064,0.8728117346763611,0.6997782588005066,0.8753949999809265,0.6109336614608765,0.8277072906494141,0.5390920639038086,0.7882826328277588,0.4769439101219177,0.7852821946144104,0.6423133611679077,0.6238768100738525,0.5970435738563538,0.5193265676498413,0.5726284384727478,0.4533234238624573,0.5542618036270142,0.3934960961341858,0.6995101571083069,0.5871686339378357,0.6778846383094788,0.4502007067203522,0.66634601354599,0.3627926707267761,0.6588263511657715,0.2881028950214386,0.7573593258857727,0.5855932831764221,0.7542737722396851,0.4569934904575348,0.751997172832489,0.3780275583267212,0.74840247631073,0.3065957725048065,0.8143613338470459,0.610338568687439,0.8386976718902588,0.5151880979537964,0.8528028130531311,0.4499993920326233,0.861770510673523,0.3861534297466278,open
0.7886455655097961,0.8726624250411987,0.7001190781593323,0.8748087882995605,0.6111546754837036,0.8278536796569824,0.5397976636886597,0.7886968851089478,0.4782346487045288,0.785169243812561,0.6419728398323059,0.6242446899414062,0.5968519449234009,0.519620418548584,0.5724100470542908,0.4539058804512024,0.5538321137428284,0.39445772767066956,0.6993694305419922,0.5877854228019714,0.6778194904327393,0.4508950710296631,0.6666034460067749,0.36365851759910583,0.6592977046966553,0.288988322019577,0.7573999166488647,0.5864382386207581,0.7544819116592407,0.45810186862945557,0.7523137331008911,0.37933826446533203,0.7487335801124573,0.30828896164894104,0.814538836479187,0.6113617420196533,0.8387033343315125,0.5158304572105408,0.8528260588645935,0.4506289064884186,0.8619171977043152,0.38692423701286316,open
0.7880098223686218,0.8724015951156616,0.6995973587036133,0.8748065233230591,0.6105116605758667,0.8280962705612183,0.5389587879180908,0.789209246635437,0.47737810015678406,0.7871553897857666,0.6419918537139893,0.6245100498199463,0.5967940092086792,0.5200281143188477,0.5723562240600586,0.4544932246208191,0.5538908243179321,0.39525267481803894,0.6992372870445251,0.5878589749336243,0.6776502132415771,0.4507075250148773,0.6662986278533936,0.363474577665329,0.6590409278869629,0.2889460027217865,0.7571462392807007,0.5862464308738708,0.7540745735168457,0.4573550224304199,0.7519407272338867,0.37851688265800476,0.7486706972122192,0.3077538311481476,0.8141568899154663,0.6109856963157654,0.8382832407951355,0.5157957077026367,0.8522073030471802,0.45059841871261597,0.8611873388290405,0.38718104362487793,open
0.788362979888916,0.8714154362678528,0.6999015808105469,0.8745110034942627,0.610817015171051,0.8281200528144836,0.5394967198371887,0.7889630794525146,0.4780595302581787,0.7857531905174255,0.6418206095695496,0.6248359680175781,0.5967575907707214,0.520584225654602,0.5723224878311157,0.45517200231552124,0.5536984205245972,0.395860493183136,0.699106752872467,0.5880465507507324,0.6774024963378906,0.45098280906677246,0.6663020849227905,0.3634392321109772,0.6593033671379089,0.288532018661499,0.7571094036102295,0.5863369703292847,0.7540962100028992,0.45768147706985474,0.7522389888763428,0.3787473142147064,0.7491025924682617,0.3075106143951416,0.8143375515937805,0.6109402179718018,0.8384174108505249,0.5158811807632446,0.8525015115737915,0.4508664608001709,0.8615083694458008,0.38727882504463196,open
0.787815272808075,0.8729092478752136,0.6992545127868652,0.875011682510376,0.6105104684829712,0.8274942636489868,0.5394079685211182,0.788001537322998,0.47790542244911194,0.7851829528808594,0.6416069865226746,0.6248301267623901,0.5969880819320679,0.5203983187675476,0.5725679397583008,0.454927921295166,0.5539038181304932,0.3955800533294678,0.6989232301712036,0.5881463885307312,0.6775487661361694,0.4509063959121704,0.6661774516105652,0.3634818494319916,0.6586618423461914,0.2885945439338684,0.7568651437759399,0.5863220691680908,0.7538831233978271,0.45740169286727905,0.7518303394317627,0.37808069586753845,0.7483747005462646,0.30644506216049194,0.8139960169792175,0.6108488440513611,0.8382712006568909,0.515565812587738,0.8523972034454346,0.4502342939376831,0.8613039255142212,0.3862880766391754,open
0.7877907156944275,0.8714228868484497,0.6992548108100891,0.87467360496521,0.6101864576339722,0.8276547193527222,0.5384463667869568,0.7882859706878662,0.47661447525024414,0.7854620814323425,0.6419195532798767,0.6242464780807495,0.596941351890564,0.5200182795524597,0.5726287961006165,0.4545096158981323,0.5542998313903809,0.39509326219558716,0.6990205645561218,0.5874419808387756,0.6775222420692444,0.4501612186431885,0.6663148403167725,0.36258211731910706,0.6594436168670654,0.28753188252449036,0.756665050983429,0.5855580568313599,0.7536605000495911,0.4568837583065033,0.7516517043113708,0.3776196539402008,0.7485572099685669,0.3063766062259674,0.8134056329727173,0.6099452376365662,0.8375502228736877,0.5147688388824463,0.8519639372825623,0.44976386427879333,0.8614476323127747,0.38649946451187134,open
0.7881382703781128,0.8715230226516724,0.6993502378463745,0.8739403486251831,0.6100834608078003,0.8273782730102539,0.5389155149459839,0.7881192564964294,0.4776557385921478,0.783948540687561,0.6415069103240967,0.624670147895813,0.5963313579559326,0.5203534364700317,0.5718634724617004,0.4547458589076996,0.5532948970794678,0.3953605890274048,0.6988101005554199,0.5877794623374939,0.6771681904792786,0.4507247805595398,0.6660733222961426,0.3633604049682617,0.6591148972511292,0.28864967823028564,0.7567014694213867,0.5860725045204163,0.7537819147109985,0.4577590227127075,0.7517843246459961,0.3785665035247803,0.7485604286193848,0.30721673369407654,0.8137398362159729,0.6106216311454773,0.8378047347068787,0.5156299471855164,0.8519307374954224,0.4503955841064453,0.8610203266143799,0.3866373300552368,open
0.7878681421279907,0.8710975050926208,0.6992292404174805,0.8737631440162659,0.6104044914245605,0.8275171518325806,0.5389407873153687,0.7884715795516968,0.47757384181022644,0.7849507331848145,0.641617476940155,0.6238360404968262,0.596672773361206,0.5200190544128418,0.5722931027412415,0.4544757604598999,0.5539600849151611,0.3952605724334717,0.6984999179840088,0.5870909094810486,0.6767837405204773,0.450461208820343,0.6652409434318542,0.36310943961143494,0.6581096649169922,0.28857821226119995,0.7561563849449158,0.5853546857833862,0.7535356283187866,0.4572618007659912,0.7514664530754089,0.37807634472846985,0.7483627796173096,0.30664312839508057,0.8131625652313232,0.6097722053527832,0.8373621106147766,0.5151054263114929,0.8513628840446472,0.4500908851623535,0.8605011701583862,0.38640716671943665,open
0.7878463268280029,0.8706672191619873,0.6992737650871277,0.8745014071464539,0.6105325222015381,0.8279346227645874,0.5388431549072266,0.7881965637207031,0.47672605514526367,0.7845742702484131,0.641527533531189,0.6241808533668518,0.5967761278152466,0.519917368888855,0.5724513530731201,0.454414039850235,0.5539106726646423,0.3951011002063751,0.6985334157943726,0.587470531463623,0.6767370104789734,0.45053401589393616,0.665230393409729,0.36322295665740967,0.6579638123512268,0.28858038783073425,0.7563101053237915,0.5856484770774841,0.7531208992004395,0.457644522190094,0.7508886456489563,0.37847650051116943,0.7474732995033264,0.3068495988845825,0.8134809732437134,0.6097778677940369,0.837479293346405,0.5152090787887573,0.8514136075973511,0.4503081440925598,0.8603070974349976,0.38662397861480713,open
0.7873894572257996,0.8701609373092651,0.6991128325462341,0.874021589756012,0.6107613444328308,0.8277139663696289,0.5392053723335266,0.7885751724243164,0.4770723879337311,0.7847706079483032,0.6415777206420898,0.6235036849975586,0.5968030691146851,0.5194255113601685,0.5723593235015869,0.45390814542770386,0.5538728833198547,0.39456039667129517,0.6986064314842224,0.5868552923202515,0.6768715381622314,0.44991153478622437,0.6651914715766907,0.36257997155189514,0.657905101776123,0.28807345032691956,0.7563584446907043,0.5851926207542419,0.7535132765769958,0.45739394426345825,0.75123131275177,0.37838736176490784,0.7478338479995728,0.30716753005981445,0.8133265376091003,0.6096063852310181,0.8374601006507874,0.5148736238479614,0.8512945771217346,0.44983774423599243,0.8601675033569336,0.38619688153266907,open
0.7876489162445068,0.86900794506073,0.6991429924964905,0.8732966184616089,0.610500156879425,0.8273919224739075,0.5389276742935181,0.7895734310150146,0.4766268730163574,0.7869622707366943,0.6415998935699463,0.6235336661338806,0.5963680744171143,0.5196735858917236,0.5718508362770081,0.45432621240615845,0.5531452298164368,0.395077109336853,0.6986469030380249,0.5870946645736694,0.6766745448112488,0.45041167736053467,0.6653926968574524,0.36296913027763367,0.6583975553512573,0.28807392716407776,0.7564622759819031,0.5855045914649963,0.7532122731208801,0.45791953802108765,0.7510289549827576,0.3790990114212036,0.7476464509963989,0.3076515197753906,0.8136272430419922,0.6098816394805908,0.8374717235565186,0.5152138471603394,0.8514729738235474,0.4501170516014099,0.8603743314743042,0.38618049025535583,open
0.7884977459907532,0.8689178228378296,0.6999121308326721,0.8739697933197021,0.6113837957382202,0.8281261324882507,0.5399298667907715,0.7900378704071045,0.4778594672679901,0.7873920202255249,0.6418325304985046,0.6236569285392761,0.5967323780059814,0.5194312930107117,0.5723096132278442,0.4536301791667938,0.5537139177322388,0.3940362334251404,0.6989592909812927,0.5872139930725098,0.6771096587181091,0.4504912495613098,0.6657377481460571,0.3632814288139343,0.6584507822990417,0.2888742983341217,0.7567080855369568,0.5854832530021667,0.7535673975944519,0.45806628465652466,0.750943124294281,0.3796103894710541,0.746967077255249,0.3085094094276428,0.8139099478721619,0.6097250580787659,0.8379723429679871,0.5151204466819763,0.8518047332763672,0.4503291845321655,0.8603469133377075,0.3866097629070282,open
0.7883684635162354,0.8695054054260254,0.6995263695716858,0.8737236857414246,0.6106793284416199,0.828669548034668,0.5395134687423706,0.7914599180221558,0.4779760241508484,0.7894225716590881,0.6411958336830139,0.6236304044723511,0.5966207385063171,0.5195449590682983,0.5724613666534424,0.4540414810180664,0.5539876222610474,0.3946602940559387,0.6986644864082336,0.5873663425445557,0.6771414279937744,0.45096689462661743,0.6658288240432739,0.36392325162887573,0.6584292650222778,0.28947997093200684,0.756637454032898,0.5858610272407532,0.7538543343544006,0.4585353136062622,0.751163899898529,0.38011202216148376,0.7471015453338623,0.30889225006103516,0.8137449026107788,0.6103635430335999,0.8380066752433777,0.5159774422645569,0.8518751859664917,0.45108285546302795,0.8604094386100769,0.3871925175189972,open
0.7886878252029419,0.8716442584991455,0.7002517580986023,0.8756245374679565,0.6115429997444153,0.8291235566139221,0.5405394434928894,0.7909146547317505,0.4789169430732727,0.7881885170936584,0.6417846083641052,0.6237900853157043,0.5968927145004272,0.519146203994751,0.5726547241210938,0.45342859625816345,0.5541290044784546,0.3940604031085968,0.6991952657699585,0.5875076055526733,0.6775006055831909,0.4503253400325775,0.6660416722297668,0.36313140392303467,0.6584300398826599,0.2887531518936157,0.7569245100021362,0.5860589742660522,0.7536927461624146,0.4578626751899719,0.7511274814605713,0.3794078826904297,0.7471210956573486,0.30809855461120605,0.8137803077697754,0.6106906533241272,0.8380284309387207,0.5163391828536987,0.8521862626075745,0.45173579454421997,0.8610305786132812,0.38796132802963257,open
0.7891188859939575,0.8697397112846375,0.7008331418037415,0.8743723034858704,0.6114799380302429,0.8288389444351196,0.5399771928787231,0.7911980748176575,0.4785674214363098,0.7894237041473389,0.6419306993484497,0.6245055794715881,0.5968969464302063,0.5203891396522522,0.5724985599517822,0.4551048278808594,0.5536876320838928,0.39622920751571655,0.6990111470222473,0.5876117944717407,0.6769649386405945,0.450794517993927,0.6652737855911255,0.363542765378952,0.6578134894371033,0.28915753960609436,0.7569242715835571,0.5856495499610901,0.7532328963279724,0.4570043385028839,0.7510399222373962,0.37816372513771057,0.7477830052375793,0.3070894777774811,0.8141469955444336,0.6100493669509888,0.8381321430206299,0.5153979063034058,0.852246880531311,0.4504757523536682,0.8613601326942444,0.38696056604385376,open
0.7891443371772766,0.8707514405250549,0.7001173496246338,0.8750817775726318,0.6113053560256958,0.8291056156158447,0.539901614189148,0.7900655269622803,0.47788023948669434,0.7871359586715698,0.6422832608222961,0.6245042085647583,0.5973876714706421,0.5200179219245911,0.5729648470878601,0.45420873165130615,0.5543514490127563,0.3945122957229614,0.6995262503623962,0.5876730680465698,0.6772787570953369,0.45105332136154175,0.6656187772750854,0.36384835839271545,0.6580172181129456,0.28902745246887207,0.7574939727783203,0.5858363509178162,0.7538396120071411,0.45780420303344727,0.7513672709465027,0.37910765409469604,0.7475781440734863,0.30769267678260803,0.8147638440132141,0.6103419661521912,0.8386183977127075,0.515496015548706,0.8526548743247986,0.4505516290664673,0.8614521026611328,0.3868288993835449,open
0.7885552644729614,0.8706214427947998,0.7003509998321533,0.8748943209648132,0.6110838055610657,0.8290656208992004,0.5398983955383301,0.790416955947876,0.47858116030693054,0.7878698110580444,0.6419877409934998,0.6248773336410522,0.5972220301628113,0.5205194354057312,0.572864830493927,0.45495960116386414,0.5541941523551941,0.39555710554122925,0.6992918252944946,0.5881481170654297,0.677381157875061,0.4515875577926636,0.6659454703330994,0.3644818067550659,0.6584718227386475,0.28972378373146057,0.757249116897583,0.5862430930137634,0.7540841698646545,0.4585064649581909,0.7516154050827026,0.37999117374420166,0.7478218674659729,0.30902841687202454,0.8144111037254333,0.6104820966720581,0.8386619091033936,0.5156376361846924,0.8528735637664795,0.45079922676086426,0.8618625402450562,0.3874192237854004,open
0.7897070646286011,0.870200514793396,0.7010408639907837,0.875045895576477,0.6115630865097046,0.8295555114746094,0.5397692918777466,0.791417121887207,0.4778773784637451,0.7888026237487793,0.6422728300094604,0.6251655220985413,0.5975742340087891,0.5206087827682495,0.5731462240219116,0.4548887014389038,0.554352879524231,0.39546889066696167,0.6995108723640442,0.5883097648620605,0.6776458621025085,0.45140087604522705,0.6661297082901001,0.36397668719291687,0.6586720943450928,0.2892920970916748,0.7574717998504639,0.5862902998924255,0.7541516423225403,0.45800578594207764,0.7518171072006226,0.37943586707115173,0.7482227087020874,0.3083759546279907,0.8146103620529175,0.6105907559394836,0.8388686180114746,0.5157766342163086,0.8531923294067383,0.4509958028793335,0.8623929023742676,0.38752490282058716,open
0.789684534072876,0.8711378574371338,0.7009739875793457,0.8749560713768005,0.6120370030403137,0.8292747735977173,0.5404355525970459,0.7904813885688782,0.4781380593776703,0.7866151928901672,0.6423287391662598,0.6252468228340149,0.5975707173347473,0.5202518701553345,0.5725978016853333,0.4545261263847351,0.5531212687492371,0.39489495754241943,0.6995383501052856,0.5887628793716431,0.6784144639968872,0.4515876770019531,0.6670545339584351,0.36437177658081055,0.6591092944145203,0.28932538628578186,0.7573766708374023,0.5870054364204407,0.7542929649353027,0.45913875102996826,0.7518153786659241,0.38035067915916443,0.747640073299408,0.3085460364818573,0.814426839351654,0.6113907098770142,0.8388432860374451,0.5164794921875,0.8531131148338318,0.4514314532279968,0.8619142174720764,0.3874289393424988,open
0.789313554763794,0.8715300559997559,0.7005475163459778,0.8757593631744385,0.6118966341018677,0.8298612833023071,0.5404579639434814,0.7904236912727356,0.47825151681900024,0.7866345643997192,0.6424974203109741,0.6252605319023132,0.5977377891540527,0.5204421877861023,0.5728970170021057,0.45483237504959106,0.5536505579948425,0.39493995904922485,0.6998563408851624,0.5886184573173523,0.6786423921585083,0.4516602158546448,0.6670559048652649,0.3645721673965454,0.6590861082077026,0.28934067487716675,0.7577444314956665,0.5869364142417908,0.754850447177887,0.4585392475128174,0.7528859376907349,0.37949106097221375,0.7493094205856323,0.30749014019966125,0.8146708011627197,0.6115714311599731,0.8388515710830688,0.5160911083221436,0.8532493114471436,0.45095330476760864,0.8622698783874512,0.3869048058986664,open
0.7889933586120605,0.8717969655990601,0.7007567882537842,0.8755455613136292,0.6121959090232849,0.8298450708389282,0.5408739447593689,0.7913172245025635,0.479097843170166,0.7885932922363281,0.6424772143363953,0.6255379319190979,0.5976301431655884,0.5205773115158081,0.5731101036071777,0.4545612335205078,0.5542697906494141,0.39439335465431213,0.7000232338905334,0.5887547135353088,0.6785582304000854,0.45166015625,0.6669632792472839,0.36432987451553345,0.6591456532478333,0.2889808416366577,0.7580977082252502,0.587061882019043,0.7549474835395813,0.45860326290130615,0.7530487179756165,0.3793564438819885,0.7497661709785461,0.30737754702568054,0.8151973485946655,0.6116487383842468,0.8391243815422058,0.5163950324058533,0.8534583449363708,0.45131441950798035,0.8625576496124268,0.38740164041519165,open
0.7887017726898193,0.8711398243904114,0.7005846500396729,0.8743003010749817,0.6120239496231079,0.8291254043579102,0.5407801270484924,0.7923213243484497,0.47918078303337097,0.7902084589004517,0.6424065232276917,0.6254281401634216,0.5971881747245789,0.5206592679023743,0.5727622509002686,0.4548282325267792,0.5540628433227539,0.39495837688446045,0.6999419331550598,0.5885391235351562,0.6781374216079712,0.45142096281051636,0.6666036248207092,0.36400097608566284,0.658897340297699,0.2886391878128052,0.7580499649047852,0.5868163704872131,0.7548295855522156,0.45827600359916687,0.753034234046936,0.37907058000564575,0.7498741149902344,0.3070564270019531,0.815230131149292,0.611380398273468,0.8390623927116394,0.5163877010345459,0.8533265590667725,0.4513109624385834,0.8624486327171326,0.38731899857521057,open
0.7883476614952087,0.8716785311698914,0.6989477276802063,0.8755293488502502,0.6104941368103027,0.8305887579917908,0.5397861003875732,0.79301917552948,0.4783403277397156,0.7884946465492249,0.641843318939209,0.6260398626327515,0.5964701175689697,0.5218878388404846,0.5719947218894958,0.4556112289428711,0.5533814430236816,0.3954172134399414,0.699467658996582,0.5891297459602356,0.6778969764709473,0.4522976279258728,0.6664656400680542,0.3648698925971985,0.6587603092193604,0.2895529270172119,0.7574564218521118,0.5874848365783691,0.7548609972000122,0.4591868221759796,0.752679705619812,0.3804117441177368,0.7490093111991882,0.30890265107154846,0.8145018219947815,0.6123688817024231,0.8387110829353333,0.5172115564346313,0.8527824878692627,0.45184415578842163,0.8616055250167847,0.3877784311771393,open
0.7884011268615723,0.8733577728271484,0.699609637260437,0.8763067722320557,0.6106802225112915,0.830565333366394,0.5395334362983704,0.7933954000473022,0.478510320186615,0.7905914783477783,0.6412578225135803,0.6266912221908569,0.5959862470626831,0.5226667523384094,0.5716055631637573,0.45704925060272217,0.5528451800346375,0.39793115854263306,0.6989434361457825,0.5902358889579773,0.6774302124977112,0.4531794786453247,0.6663141250610352,0.36647626757621765,0.6587695479393005,0.29206374287605286,0.7569191455841064,0.5886803269386292,0.7545273303985596,0.4599483609199524,0.7524027228355408,0.38182318210601807,0.7486039996147156,0.3110102415084839,0.8138937950134277,0.6132428646087646,0.8383693695068359,0.517706036567688,0.8523468375205994,0.45263978838920593,0.8610019087791443,0.3888416588306427,open
0.787097692489624,0.8732767105102539,0.6989691853523254,0.8754161596298218,0.6101452708244324,0.8285839557647705,0.5391722321510315,0.7883992195129395,0.47831255197525024,0.785522997379303,0.6419012546539307,0.6254006028175354,0.5965017676353455,0.5195845365524292,0.5719900131225586,0.4529457092285156,0.553445041179657,0.39287835359573364,0.6994549036026001,0.5891560316085815,0.6774743795394897,0.4511212706565857,0.6656988263130188,0.36394593119621277,0.6577704548835754,0.28887540102005005,0.757397472858429,0.5877786874771118,0.753743588924408,0.45817720890045166,0.7516133785247803,0.3786570429801941,0.7482054233551025,0.3069404065608978,0.8143932819366455,0.6126680374145508,0.8378261923789978,0.5164674520492554,0.8519899249076843,0.4512505531311035,0.8612285256385803,0.38774484395980835,open
0.7881452441215515,0.8709367513656616,0.6992149353027344,0.8743159770965576,0.6107000112533569,0.8286898732185364,0.5394952893257141,0.7906395196914673,0.47720056772232056,0.7888228893280029,0.6416257619857788,0.6249594688415527,0.5962470769882202,0.5189322233200073,0.570900559425354,0.45266348123550415,0.5513018369674683,0.39248037338256836,0.6994125247001648,0.5883787870407104,0.6771717667579651,0.45082128047943115,0.6657742857933044,0.3633224368095398,0.6583912968635559,0.2872295677661896,0.7578129768371582,0.5872997641563416,0.7539123296737671,0.45722076296806335,0.7522343397140503,0.3778882324695587,0.7490748763084412,0.30596113204956055,0.8151101469993591,0.6127314567565918,0.8381394743919373,0.5158085227012634,0.852172315120697,0.4500845670700073,0.861188530921936,0.386003315448761,open
0.7879973649978638,0.8731604814529419,0.6981444358825684,0.8758919835090637,0.6088114976882935,0.829875648021698,0.5376220345497131,0.7917917370796204,0.4763113260269165,0.7886618375778198,0.6410567760467529,0.62611323595047,0.596245527267456,0.520717442035675,0.5720469355583191,0.4541524052619934,0.5536003112792969,0.39413025975227356,0.6987665891647339,0.5896650552749634,0.6768143773078918,0.45221129059791565,0.6654515266418457,0.36515769362449646,0.657682478427887,0.29014360904693604,0.7569614052772522,0.5879319906234741,0.7534389495849609,0.4586228132247925,0.7510761618614197,0.3801704943180084,0.7469945549964905,0.3090919256210327,0.8142319917678833,0.6123616099357605,0.8380463719367981,0.5158992409706116,0.8523645401000977,0.4505428075790405,0.8613104224205017,0.38686999678611755,open
0.7873520255088806,0.8734164834022522,0.6982396245002747,0.8764837980270386,0.6096152663230896,0.8307639360427856,0.5384836196899414,0.7917239665985107,0.4768187403678894,0.7877119779586792,0.6412947177886963,0.62787926197052,0.5958572626113892,0.522698163986206,0.5712838768959045,0.45601463317871094,0.5529080629348755,0.3954702615737915,0.6990900039672852,0.5916974544525146,0.6768760681152344,0.45436978340148926,0.6658231616020203,0.3672543168067932,0.6587143540382385,0.2920362651348114,0.75724858045578,0.5900492072105408,0.7537907361984253,0.46113497018814087,0.7513145208358765,0.38296744227409363,0.7473801374435425,0.31182801723480225,0.8146193027496338,0.6141427755355835,0.8381340503692627,0.5182633996009827,0.8520138263702393,0.45305588841438293,0.8606148958206177,0.3891424238681793,open
0.787559986114502,0.8729899525642395,0.6989734768867493,0.8759357333183289,0.609978973865509,0.8296419382095337,0.5389394164085388,0.7904639840126038,0.47742611169815063,0.7883824706077576,0.6416189670562744,0.6270031929016113,0.5965896248817444,0.5224640965461731,0.5718004107475281,0.4564124643802643,0.5527960062026978,0.39671415090560913,0.6989973783493042,0.5908069014549255,0.6769934296607971,0.4540215730667114,0.6654351949691772,0.3673095703125,0.6576935052871704,0.292684406042099,0.7571627497673035,0.5894653797149658,0.7538157105445862,0.46073049306869507,0.7514584064483643,0.3817582428455353,0.747565746307373,0.31039437651634216,0.8144312500953674,0.6143267750740051,0.8381109237670898,0.5185184478759766,0.8522437810897827,0.45304980874061584,0.8612419962882996,0.38949844241142273,open
0.7881943583488464,0.8722443580627441,0.6996960639953613,0.8747676610946655,0.610805869102478,0.8278543949127197,0.5398719310760498,0.7883728742599487,0.4784160852432251,0.7864804267883301,0.6432793736457825,0.6254299283027649,0.5975404977798462,0.5208142995834351,0.5723968148231506,0.45476770401000977,0.5530849695205688,0.3948031961917877,0.7004154920578003,0.5891693830490112,0.6777732968330383,0.45210444927215576,0.6661881804466248,0.36481136083602905,0.658660888671875,0.2889905869960785,0.7582070231437683,0.5880528092384338,0.7542508244514465,0.4584611654281616,0.7522440552711487,0.3786296248435974,0.748935341835022,0.3063037395477295,0.8151227235794067,0.6132783889770508,0.8380365967750549,0.5170283913612366,0.8521852493286133,0.4511488676071167,0.8614689707756042,0.38715511560440063,open
0.7876096367835999,0.8714984655380249,0.6993346214294434,0.8735766410827637,0.6109102964401245,0.8272546529769897,0.5405396819114685,0.787981390953064,0.47938722372055054,0.7856166958808899,0.6431194543838501,0.6242032051086426,0.5976917147636414,0.5187060236930847,0.5727107524871826,0.4522494673728943,0.5536454319953918,0.3921129107475281,0.7002928853034973,0.5878435969352722,0.6781488060951233,0.4499330222606659,0.6664149165153503,0.3624548316001892,0.658739447593689,0.2870718538761139,0.7582200765609741,0.586534857749939,0.7540102005004883,0.45663660764694214,0.7517123222351074,0.37644341588020325,0.7483709454536438,0.3040993809700012,0.8151973485946655,0.6117205619812012,0.838132381439209,0.5155850648880005,0.8523634672164917,0.44995981454849243,0.8618533611297607,0.38634592294692993,open
0.7882153987884521,0.8711393475532532,0.6988027691841125,0.8732662200927734,0.6103805303573608,0.8278107643127441,0.539374828338623,0.7900296449661255,0.477505087852478,0.7857317924499512,0.6427463889122009,0.6256459355354309,0.5971558094024658,0.5205624103546143,0.5719407796859741,0.4540937840938568,0.5526823997497559,0.3937114477157593,0.7000054121017456,0.5888873934745789,0.6779807806015015,0.4514530897140503,0.6670737862586975,0.3632665276527405,0.6603386998176575,0.2867816388607025,0.7579535841941833,0.5871379375457764,0.7541518807411194,0.45766451954841614,0.7522879242897034,0.37807634472846985,0.7491441965103149,0.30608347058296204,0.8151594400405884,0.611656904220581,0.8385012745857239,0.5156391263008118,0.8525415658950806,0.4500541090965271,0.8615814447402954,0.3864157497882843,open
0.7879047989845276,0.8708643317222595,0.6989190578460693,0.874630331993103,0.6106146574020386,0.8304601907730103,0.5398266315460205,0.7923644185066223,0.4782359302043915,0.7869588732719421,0.6422891020774841,0.627216100692749,0.5967183113098145,0.5229151844978333,0.57243412733078,0.4562591314315796,0.5545968413352966,0.3956333100795746,0.6995438933372498,0.5901654362678528,0.6773319244384766,0.4536522328853607,0.6664227843284607,0.36690008640289307,0.6596319675445557,0.2916632890701294,0.7570776343345642,0.5877571105957031,0.7532186508178711,0.45903539657592773,0.7509582042694092,0.3807748556137085,0.747502326965332,0.3097648322582245,0.8139510750770569,0.6115056872367859,0.8375603556632996,0.5165836811065674,0.8516204357147217,0.4516856074333191,0.8606458902359009,0.38818782567977905,open
0.7881339192390442,0.8713853359222412,0.699410080909729,0.8748903274536133,0.6109372973442078,0.8307623863220215,0.540800929069519,0.7927131652832031,0.4798040986061096,0.7885290384292603,0.6418249607086182,0.626849353313446,0.5965609550476074,0.5225490927696228,0.572026252746582,0.4566887617111206,0.5532853603363037,0.3972146809101105,0.6990009546279907,0.5902637839317322,0.6769616007804871,0.4535437524318695,0.6655442714691162,0.36703458428382874,0.657950758934021,0.2924700677394867,0.7566350698471069,0.5881155133247375,0.7530499696731567,0.45958733558654785,0.7507752776145935,0.38100436329841614,0.7471886277198792,0.3099839985370636,0.8135635256767273,0.6119042038917542,0.8370485901832581,0.5165424346923828,0.8512658476829529,0.45158839225769043,0.8605890274047852,0.38834887742996216,open
0.7885262370109558,0.871695339679718,0.7000861167907715,0.8748692870140076,0.6113716959953308,0.8300972580909729,0.5402865409851074,0.7928463816642761,0.4786006212234497,0.7901239991188049,0.6419016718864441,0.6261616945266724,0.5964969396591187,0.5217506885528564,0.5717344284057617,0.4559101462364197,0.5527713298797607,0.39622241258621216,0.6988229751586914,0.5899308323860168,0.6766692399978638,0.4532346725463867,0.6649854779243469,0.3666437566280365,0.6570641994476318,0.2918010652065277,0.756332516670227,0.5881760120391846,0.7525327205657959,0.4592299461364746,0.750383734703064,0.380208820104599,0.746864378452301,0.30878767371177673,0.8131601810455322,0.6124194264411926,0.8365347385406494,0.516844630241394,0.8506148457527161,0.45157283544540405,0.8595778346061707,0.38808324933052063,open
0.7880445718765259,0.8711639642715454,0.6997084617614746,0.8754892349243164,0.6111520528793335,0.8307220339775085,0.5403766632080078,0.7921689748764038,0.47895267605781555,0.7886063456535339,0.641555905342102,0.6258485317230225,0.5964069366455078,0.5215101838111877,0.5719550251960754,0.45574912428855896,0.5531969666481018,0.39593833684921265,0.6985783576965332,0.589009165763855,0.6767650842666626,0.45204389095306396,0.6649488210678101,0.3652777075767517,0.6568636298179626,0.290461927652359,0.7560681700706482,0.587207555770874,0.7526568174362183,0.45894357562065125,0.7501624226570129,0.3797510266304016,0.7464449405670166,0.30790916085243225,0.8127869367599487,0.6117306351661682,0.8363750576972961,0.5169167518615723,0.8504627346992493,0.4520581364631653,0.859464704990387,0.388505756855011,open
0.7880581617355347,0.8714492917060852,0.6994013786315918,0.8750648498535156,0.610480785369873,0.8301211595535278,0.5395104289054871,0.7931481599807739,0.47792553901672363,0.790449857711792,0.6410167217254639,0.6258607506752014,0.5958500504493713,0.5215365290641785,0.5714545249938965,0.45591580867767334,0.5525739192962646,0.39629077911376953,0.6984420418739319,0.589023232460022,0.6767028570175171,0.45238548517227173,0.6650810241699219,0.3656366467475891,0.6569130420684814,0.2907291352748871,0.7564330697059631,0.587289571762085,0.7530813813209534,0.45882856845855713,0.7507980465888977,0.37978842854499817,0.7469099760055542,0.30805307626724243,0.8134830594062805,0.6120074987411499,0.8367335796356201,0.5167970061302185,0.8503974676132202,0.45180100202560425,0.858735203742981,0.3882403075695038,open
0.7865685820579529,0.8727525472640991,0.6988335251808167,0.8757166862487793,0.6103073954582214,0.8309306502342224,0.5398204922676086,0.7925334572792053,0.47852882742881775,0.7889105081558228,0.6407265663146973,0.6270513534545898,0.595816433429718,0.5225386619567871,0.5714209079742432,0.45650768280029297,0.5528313517570496,0.39659732580184937,0.6982811093330383,0.5904031991958618,0.6765745282173157,0.45372748374938965,0.6651230454444885,0.3668574392795563,0.6571941375732422,0.29212135076522827,0.7563484311103821,0.5884696841239929,0.7529765963554382,0.4604324698448181,0.7503471374511719,0.38175779581069946,0.7461961507797241,0.3105555474758148,0.8136096596717834,0.6127034425735474,0.8369110822677612,0.51739901304245,0.8505875468254089,0.45249712467193604,0.8589781522750854,0.38928741216659546,open
0.7871585488319397,0.8727238178253174,0.6991016864776611,0.8763154149055481,0.6100857257843018,0.8304128050804138,0.5385162830352783,0.7919577360153198,0.47659534215927124,0.789782702922821,0.6411882042884827,0.6272647976875305,0.5960326790809631,0.5235428214073181,0.5714433193206787,0.4578034579753876,0.5525988340377808,0.3978809714317322,0.6983853578567505,0.5900714993476868,0.6764413714408875,0.45377790927886963,0.665022611618042,0.366910845041275,0.6574987173080444,0.29167935252189636,0.7563750743865967,0.5881310105323792,0.7524958848953247,0.4597969651222229,0.7502515316009521,0.38115841150283813,0.7466800212860107,0.31008753180503845,0.8137207627296448,0.6124609112739563,0.8367384076118469,0.5173720717430115,0.8506355285644531,0.4527509808540344,0.8595131039619446,0.38992559909820557,open
0.786465585231781,0.8717341423034668,0.6985905766487122,0.8755419254302979,0.6099192500114441,0.8303542137145996,0.5393846035003662,0.7909284830093384,0.4781431257724762,0.7872776985168457,0.6408030986785889,0.6269193887710571,0.5959224700927734,0.5233309864997864,0.5716488361358643,0.4575464725494385,0.5532017946243286,0.3977400064468384,0.6982576251029968,0.5898242592811584,0.6761119961738586,0.4536374807357788,0.6646587252616882,0.36705324053764343,0.6572561264038086,0.29240456223487854,0.7563632130622864,0.588153600692749,0.7527832388877869,0.46006256341934204,0.7504748702049255,0.38107579946517944,0.7469742298126221,0.3096568286418915,0.813757061958313,0.6129668951034546,0.8369548320770264,0.517741858959198,0.8508926033973694,0.4529154598712921,0.8598296046257019,0.3897547125816345,open
0.7870217561721802,0.8711444735527039,0.6991369724273682,0.8754013776779175,0.6102195978164673,0.8296582102775574,0.5388336777687073,0.7913862466812134,0.4768531322479248,0.7894086837768555,0.6410961151123047,0.6267441511154175,0.5960276126861572,0.5233323574066162,0.571684718132019,0.4576183557510376,0.5531482696533203,0.3976486325263977,0.6983006000518799,0.5894630551338196,0.6762759685516357,0.45297449827194214,0.6647441387176514,0.365879088640213,0.657275378704071,0.29049932956695557,0.7563679814338684,0.5875799059867859,0.7528198957443237,0.4595966339111328,0.7503793239593506,0.3807607889175415,0.746798574924469,0.3092834949493408,0.8136163949966431,0.612145721912384,0.8367685079574585,0.5173749923706055,0.8506543040275574,0.4526069462299347,0.8595519065856934,0.38930410146713257,open
0.7871963381767273,0.8716844320297241,0.6992616653442383,0.875741183757782,0.610744833946228,0.8301982879638672,0.5399645566940308,0.7916138172149658,0.4780314564704895,0.7890124320983887,0.6409340500831604,0.6259302496910095,0.5958496332168579,0.5225432515144348,0.5715326070785522,0.4569299817085266,0.5530081987380981,0.39715850353240967,0.6982507109642029,0.5890340209007263,0.676239550113678,0.45276880264282227,0.6648980379104614,0.366123765707016,0.6575623750686646,0.29143276810646057,0.756359338760376,0.5873422026634216,0.7524852156639099,0.4597204625606537,0.7501166462898254,0.3811717927455902,0.7465327382087708,0.3097440302371979,0.8137286305427551,0.611864447593689,0.8365497589111328,0.5169280171394348,0.8503906726837158,0.45235809683799744,0.8591673374176025,0.3889833390712738,open
0.7873421311378479,0.8699856400489807,0.699221670627594,0.875098466873169,0.6105422973632812,0.8299365043640137,0.5394783616065979,0.7919620275497437,0.4771711230278015,0.7894466519355774,0.6411148905754089,0.6265335083007812,0.5958017706871033,0.5229127407073975,0.5713688135147095,0.4572358727455139,0.5527051687240601,0.3973008990287781,0.6983088254928589,0.5892229080200195,0.6762427687644958,0.45253631472587585,0.6647481918334961,0.3657105267047882,0.6573021411895752,0.2906368672847748,0.7564328908920288,0.5874276161193848,0.7523055672645569,0.45944419503211975,0.7499759793281555,0.3805427551269531,0.7465590238571167,0.3087517321109772,0.8137831687927246,0.6119750738143921,0.8364858627319336,0.5169339776039124,0.8503544330596924,0.4522481858730316,0.8591663837432861,0.3887884318828583,open
0.7871665358543396,0.8716298341751099,0.6991934180259705,0.8754108548164368,0.6104778051376343,0.8295487761497498,0.5390550494194031,0.7912051677703857,0.47693800926208496,0.7885000705718994,0.6408307552337646,0.6256321668624878,0.595796525478363,0.5214630365371704,0.5716040134429932,0.4555216431617737,0.5532262325286865,0.39541155099868774,0.6982261538505554,0.5889970064163208,0.6764692068099976,0.4524846076965332,0.6650322079658508,0.3655957877635956,0.6573349237442017,0.2906707227230072,0.7561895251274109,0.5873188972473145,0.7527149319648743,0.46029132604599,0.750031054019928,0.3816652297973633,0.7459518313407898,0.3099779188632965,0.8130952715873718,0.6115718483924866,0.8364577293395996,0.5171334147453308,0.8504963517189026,0.4526040554046631,0.8592571020126343,0.38912251591682434,open
0.7873176336288452,0.8705640435218811,0.6993823647499084,0.8749555945396423,0.6106440424919128,0.8295873403549194,0.5392228364944458,0.7902206182479858,0.47716042399406433,0.7865585088729858,0.6412197947502136,0.6256619691848755,0.5958897471427917,0.5210241675376892,0.5714019536972046,0.45496976375579834,0.5527568459510803,0.3948739171028137,0.6985135078430176,0.5887304544448853,0.6766877174377441,0.45177680253982544,0.664962887763977,0.3647654354572296,0.6572730541229248,0.28978264331817627,0.7563149333000183,0.5868860483169556,0.7525399327278137,0.4590923488140106,0.7501476407051086,0.37998026609420776,0.7467214465141296,0.3081745207309723,0.8131887912750244,0.6109724640846252,0.836098313331604,0.5164804458618164,0.8499787449836731,0.4518541991710663,0.8589481711387634,0.388407826423645,open
0.7868069410324097,0.8721091747283936,0.6988853216171265,0.8746199011802673,0.6099764108657837,0.8284007906913757,0.5380954146385193,0.7899444103240967,0.47599536180496216,0.787112832069397,0.6404397487640381,0.6256521940231323,0.595284104347229,0.5208514332771301,0.5709500908851624,0.454854816198349,0.552399218082428,0.39474189281463623,0.6979168057441711,0.5888722538948059,0.6763826608657837,0.4520317316055298,0.66504967212677,0.36461153626441956,0.657494306564331,0.28915515542030334,0.7559682726860046,0.5871262550354004,0.752251386642456,0.45917677879333496,0.7499518990516663,0.3797752261161804,0.7463963031768799,0.3076103627681732,0.8130384683609009,0.6114484071731567,0.8362290859222412,0.5168941617012024,0.8500082492828369,0.45206624269485474,0.8586451411247253,0.388586163520813,open
0.7870579957962036,0.8708828687667847,0.6992471218109131,0.8747301697731018,0.6103484034538269,0.8295890092849731,0.5390967726707458,0.7910553812980652,0.47741878032684326,0.7881671786308289,0.6404423117637634,0.6254030466079712,0.5951469540596008,0.5209711790084839,0.5709995031356812,0.4549213647842407,0.55271315574646,0.39490026235580444,0.6978239417076111,0.5884411931037903,0.6763830780982971,0.4518178701400757,0.6651984453201294,0.36473169922828674,0.6580504775047302,0.28965672850608826,0.7556588649749756,0.5866991877555847,0.752632200717926,0.4591771364212036,0.7506134510040283,0.38004112243652344,0.7475813627243042,0.30824658274650574,0.8125383853912354,0.6111101508140564,0.8360530138015747,0.5167903304100037,0.8500072360038757,0.4521787762641907,0.8590068221092224,0.3887633979320526,open
0.7870498895645142,0.8714103102684021,0.6982681751251221,0.8745975494384766,0.6096726059913635,0.8296818733215332,0.5380801558494568,0.7928359508514404,0.4760711193084717,0.7893267273902893,0.6404847502708435,0.6274372339248657,0.595239520072937,0.5234928131103516,0.5708763599395752,0.4573976695537567,0.5524666905403137,0.3970840573310852,0.697864830493927,0.5905084013938904,0.6760807037353516,0.4542524814605713,0.6647178530693054,0.3670813739299774,0.6571656465530396,0.29157745838165283,0.7558112740516663,0.5884844660758972,0.7525783777236938,0.46108120679855347,0.7501710653305054,0.38260379433631897,0.7463291883468628,0.31132784485816956,0.8128644824028015,0.6125237345695496,0.8359827995300293,0.5174544453620911,0.8495408892631531,0.4525200426578522,0.8579474687576294,0.38916444778442383,open
0.7873468995094299,0.8711645603179932,0.6990757584571838,0.8748779296875,0.6100154519081116,0.8293483853340149,0.5386993885040283,0.7901389002799988,0.47672200202941895,0.7868428230285645,0.641533613204956,0.625794529914856,0.595473051071167,0.5216573476791382,0.5704761743545532,0.45546647906303406,0.5516027212142944,0.39475107192993164,0.6988284587860107,0.5891867876052856,0.6765071749687195,0.4533499479293823,0.6651915311813354,0.3668000400066376,0.658019483089447,0.2913152277469635,0.7567349076271057,0.5874598622322083,0.7526838183403015,0.4602927565574646,0.750411868095398,0.38110557198524475,0.7470561265945435,0.30880504846572876,0.8138375878334045,0.6117522716522217,0.8364169597625732,0.5168815851211548,0.8503061532974243,0.4521011710166931,0.8592159152030945,0.3885266184806824,open
0.786647617816925,0.8709473609924316,0.6979534029960632,0.8742696046829224,0.6092179417610168,0.8273491859436035,0.5376367568969727,0.787236213684082,0.47537335753440857,0.7844091653823853,0.6415146589279175,0.624407947063446,0.5953879952430725,0.519047200679779,0.5698105096817017,0.45258739590644836,0.5503411293029785,0.3922496438026428,0.6986340284347534,0.5876684188842773,0.6757405996322632,0.45019447803497314,0.6634426116943359,0.36320748925209045,0.6555967926979065,0.2879919111728668,0.756586492061615,0.5862932205200195,0.752177357673645,0.4565551280975342,0.7499340772628784,0.37644609808921814,0.7468759417533875,0.3044112026691437,0.8138414621353149,0.6113397479057312,0.8362290859222412,0.5149595737457275,0.8499229550361633,0.4495123624801636,0.8589232563972473,0.38632747530937195,open
0.7870340347290039,0.871545135974884,0.6981486082077026,0.8733572959899902,0.6099018454551697,0.8271740674972534,0.5380841493606567,0.7887461185455322,0.4758784770965576,0.7862443923950195,0.6409551501274109,0.6247810125350952,0.5954021215438843,0.519459068775177,0.5704070329666138,0.4527537524700165,0.5515552759170532,0.39219045639038086,0.6982680559158325,0.5876649022102356,0.6754034161567688,0.45075082778930664,0.6637582182884216,0.36336398124694824,0.6565887928009033,0.2877749800682068,0.7566444873809814,0.5858750343322754,0.7520804405212402,0.4562128186225891,0.7502805590629578,0.37644097208976746,0.7473744750022888,0.3043726682662964,0.8143040537834167,0.6105388402938843,0.8369625806808472,0.5143769383430481,0.8507641553878784,0.44913250207901,0.859745442867279,0.3859483599662781,open
0.7880275845527649,0.8718513250350952,0.6993787288665771,0.873939573764801,0.6111459136009216,0.8287786841392517,0.5400208234786987,0.7912348508834839,0.47820448875427246,0.7880592346191406,0.6419335603713989,0.6264349818229675,0.5959585309028625,0.5209417343139648,0.5708118677139282,0.4536070227622986,0.5519114136695862,0.3925493061542511,0.6993560194969177,0.5897660851478577,0.6771846413612366,0.4527512788772583,0.6658328771591187,0.3654167056083679,0.6583707928657532,0.28987500071525574,0.7574957013130188,0.5879553556442261,0.7535831332206726,0.45896539092063904,0.751556932926178,0.3794746398925781,0.748224675655365,0.3073558211326599,0.8147222995758057,0.6123968362808228,0.8377811908721924,0.5165008306503296,0.8516260385513306,0.4507431983947754,0.8604486584663391,0.3866875469684601,open
0.7869394421577454,0.8745929598808289,0.6979839205741882,0.8766423463821411,0.6103058457374573,0.8307583332061768,0.5383095741271973,0.7939062118530273,0.47511065006256104,0.7904545068740845,0.6420543789863586,0.6287699937820435,0.5966677069664001,0.5232886672019958,0.5714343190193176,0.4563422203063965,0.5523112416267395,0.395391047000885,0.6996847987174988,0.5920928716659546,0.6778990626335144,0.4555770754814148,0.6666086912155151,0.3679710626602173,0.6591955423355103,0.2917710244655609,0.7579626441001892,0.5903803110122681,0.7547153234481812,0.46167391538619995,0.7530052661895752,0.38216397166252136,0.7497323751449585,0.30956482887268066,0.8153632879257202,0.6148262023925781,0.838983952999115,0.5192162990570068,0.8530267477035522,0.4534585475921631,0.8618018627166748,0.38926610350608826,open
0.7872536778450012,0.8746663331985474,0.6990770697593689,0.876312792301178,0.6109181642532349,0.8308331966400146,0.5401209592819214,0.7916587591171265,0.47866976261138916,0.7868880033493042,0.6428148746490479,0.6283422112464905,0.5969586968421936,0.5236236453056335,0.5719382762908936,0.4572978615760803,0.5530365705490112,0.397153377532959,0.700931191444397,0.5920096635818481,0.6785755753517151,0.45569801330566406,0.6673061847686768,0.36894163489341736,0.6601139307022095,0.29364651441574097,0.7595398426055908,0.5907859206199646,0.7559136748313904,0.4625803232192993,0.7537329196929932,0.38415876030921936,0.7501698732376099,0.31286048889160156,0.8171626329421997,0.615763783454895,0.8399577140808105,0.5201789140701294,0.8534468412399292,0.45537227392196655,0.8620972633361816,0.39205649495124817,open
0.7896528244018555,0.8741984367370605,0.7014017105102539,0.8759192228317261,0.6130268573760986,0.8294119238853455,0.5421053767204285,0.7904874682426453,0.4801662564277649,0.7877512574195862,0.644607424736023,0.6278406977653503,0.5987123250961304,0.5219275951385498,0.5733486413955688,0.45527100563049316,0.5540343523025513,0.3949471116065979,0.7025768756866455,0.5913957953453064,0.6802712678909302,0.4533035159111023,0.6690036058425903,0.36561158299446106,0.6618602275848389,0.2895244359970093,0.7612549662590027,0.5904477834701538,0.757605254650116,0.4599078297615051,0.7558409571647644,0.38000035285949707,0.7527431845664978,0.30759790539741516,0.8187789916992188,0.6160551905632019,0.8413342833518982,0.5198538303375244,0.8553056716918945,0.45456069707870483,0.8644633293151855,0.3911166787147522,open
0.7897833585739136,0.8739007115364075,0.7026610970497131,0.8762547373771667,0.6142506003379822,0.8293964862823486,0.5424931645393372,0.7913613319396973,0.48016834259033203,0.7910183668136597,0.6451327204704285,0.625937283039093,0.5994241237640381,0.519352376461029,0.5742914080619812,0.4522826075553894,0.5549852252006531,0.3912196755409241,0.7028230428695679,0.5896700620651245,0.6812347769737244,0.45141056180000305,0.6698505878448486,0.3633522093296051,0.6623519062995911,0.2866641879081726,0.7611071467399597,0.5888291597366333,0.7579497694969177,0.45822471380233765,0.7564781308174133,0.37801000475883484,0.7535721659660339,0.30505824089050293,0.818159818649292,0.6147371530532837,0.8414692282676697,0.5186372399330139,0.8558229207992554,0.4528273940086365,0.8650780916213989,0.3885934352874756,open
0.7900518178939819,0.8752446174621582,0.7008452415466309,0.8770186901092529,0.6130862236022949,0.8315125703811646,0.5427835583686829,0.794183075428009,0.48072847723960876,0.7909830808639526,0.6445577144622803,0.6271802186965942,0.5986039042472839,0.5196607112884521,0.5738163590431213,0.4517143964767456,0.5550966262817383,0.390068918466568,0.7028539776802063,0.5908799767494202,0.6811302304267883,0.4527295231819153,0.6701576709747314,0.3649575412273407,0.6628051996231079,0.2886190712451935,0.7615140676498413,0.5899641513824463,0.7586454153060913,0.45940151810646057,0.7570793032646179,0.3795202076435089,0.7538079619407654,0.3066519498825073,0.8190032243728638,0.6156129240989685,0.8426041603088379,0.5192020535469055,0.8565263748168945,0.45330023765563965,0.865093469619751,0.3887271583080292,open
0.7904108762741089,0.8790889382362366,0.7003652453422546,0.8808010220527649,0.6122761964797974,0.8345841765403748,0.5418998003005981,0.7965850830078125,0.4798728823661804,0.7938151955604553,0.644618034362793,0.6300631761550903,0.5992189049720764,0.5235680937767029,0.5743375420570374,0.456113338470459,0.5552808046340942,0.395371675491333,0.7030617594718933,0.5942968130111694,0.6816214323043823,0.45555609464645386,0.671248733997345,0.36747223138809204,0.6645565032958984,0.2912953495979309,0.761584460735321,0.5933709740638733,0.758315920829773,0.4626159071922302,0.7567393779754639,0.3828734755516052,0.753607988357544,0.31034204363822937,0.818987250328064,0.6185999512672424,0.8425266742706299,0.5219789743423462,0.8567891716957092,0.45621058344841003,0.8658207654953003,0.3920500874519348,open
0.7909209728240967,0.8794878125190735,0.701736330986023,0.8805825710296631,0.614058256149292,0.834708571434021,0.5433229804039001,0.7968631982803345,0.48128655552864075,0.7934758067131042,0.6444910764694214,0.6307702660560608,0.598734974861145,0.5236902236938477,0.5741384029388428,0.4563072621822357,0.5553674101829529,0.395447701215744,0.7030109763145447,0.5947125554084778,0.6817356944084167,0.45637640357017517,0.6711053848266602,0.3690730333328247,0.6638774871826172,0.293284147977829,0.7618294954299927,0.5942339301109314,0.7582449316978455,0.46352893114089966,0.7566579580307007,0.38405078649520874,0.7534136176109314,0.31154701113700867,0.819419264793396,0.6201820969581604,0.8426012992858887,0.5235656499862671,0.8564563989639282,0.4580438733100891,0.8651430606842041,0.39381805062294006,open
0.7899363040924072,0.878488302230835,0.7018983364105225,0.879516065120697,0.6145166754722595,0.8334391117095947,0.543656587600708,0.7952354550361633,0.4815402626991272,0.7927125692367554,0.6459470987319946,0.6293862462043762,0.6004058718681335,0.5223538875579834,0.5753964185714722,0.4552217125892639,0.5561714172363281,0.3942757844924927,0.7042941451072693,0.5938822627067566,0.6828768849372864,0.455696165561676,0.6715360879898071,0.36815527081489563,0.6636564135551453,0.2915661036968231,0.7630646228790283,0.5938042998313904,0.7595372200012207,0.463082492351532,0.7576894164085388,0.3830915093421936,0.7544069290161133,0.31009745597839355,0.8202981948852539,0.6202530860900879,0.8430330157279968,0.5235207080841064,0.8567198514938354,0.4576253294944763,0.8654365539550781,0.3931889832019806,open
0.7902265191078186,0.8764001727104187,0.7012683153152466,0.8773621916770935,0.6135700345039368,0.830996036529541,0.5427775382995605,0.7931011915206909,0.4807507395744324,0.7914905548095703,0.6461766958236694,0.628212571144104,0.6000037789344788,0.5205807089805603,0.5746238827705383,0.4534265398979187,0.5552624464035034,0.39215824007987976,0.7045069336891174,0.5924806594848633,0.6823775172233582,0.4541739821434021,0.6714267134666443,0.3661765456199646,0.6644624471664429,0.28872403502464294,0.7629942297935486,0.5921176671981812,0.7593500018119812,0.46097904443740845,0.7581195831298828,0.3810479938983917,0.7554925680160522,0.3082241714000702,0.8202041387557983,0.6181266903877258,0.8429909348487854,0.5216715335845947,0.8567878007888794,0.45615214109420776,0.8657901287078857,0.39201703667640686,open
0.790817379951477,0.8774518966674805,0.7010834813117981,0.8785871267318726,0.6126716136932373,0.8322427868843079,0.5423408150672913,0.7943429350852966,0.4807753562927246,0.7914590239524841,0.6453760266304016,0.6286969184875488,0.5995966792106628,0.5211288928985596,0.5746055841445923,0.45358672738075256,0.5555096864700317,0.3924575448036194,0.7037724256515503,0.5930313467979431,0.6823203563690186,0.4544171690940857,0.6717782616615295,0.36618176102638245,0.6648109555244446,0.28906646370887756,0.7622412443161011,0.5925971269607544,0.759014904499054,0.461154580116272,0.7580199241638184,0.38092172145843506,0.7552903890609741,0.3080698549747467,0.8194286823272705,0.6184398531913757,0.8426581621170044,0.5212201476097107,0.8565977215766907,0.45531439781188965,0.8653546571731567,0.39116379618644714,open
0.7894325256347656,0.8790593147277832,0.6987919807434082,0.8813127279281616,0.6100921034812927,0.835591197013855,0.5389522910118103,0.7961444854736328,0.4764070510864258,0.7921258807182312,0.6441485285758972,0.6311807036399841,0.5984991788864136,0.5251361131668091,0.5725304484367371,0.45825254917144775,0.5522598624229431,0.3977508544921875,0.7018915414810181,0.5958510637283325,0.6810776591300964,0.45778346061706543,0.6709861159324646,0.36981332302093506,0.6641178727149963,0.29281890392303467,0.7596426010131836,0.5951481461524963,0.7573599815368652,0.4648754596710205,0.7564036250114441,0.3848189413547516,0.7533529996871948,0.31217509508132935,0.8167087435722351,0.620274543762207,0.8408287167549133,0.5226950645446777,0.8553366661071777,0.45705145597457886,0.8643736243247986,0.3936718702316284,open
0.786899745464325,0.8828807473182678,0.6977989077568054,0.8839098811149597,0.6087921261787415,0.8379374742507935,0.5373562574386597,0.7993435859680176,0.47591355443000793,0.7962293028831482,0.6410375237464905,0.6335761547088623,0.5954457521438599,0.5274924039840698,0.5706915259361267,0.4602568745613098,0.5518875122070312,0.39987677335739136,0.698552668094635,0.597690999507904,0.6783991456031799,0.458854079246521,0.668520450592041,0.3712184727191925,0.662027895450592,0.2958240211009979,0.7565339803695679,0.5962528586387634,0.7536709308624268,0.46580106019973755,0.752054750919342,0.386555552482605,0.7489451169967651,0.31530097126960754,0.8138477802276611,0.6210095882415771,0.8380099534988403,0.5241107940673828,0.8524872660636902,0.4593435823917389,0.861965000629425,0.39739352464675903,open
0.785285234451294,0.8798944354057312,0.697112500667572,0.8813589215278625,0.6089059114456177,0.8359742164611816,0.5379741191864014,0.7961491942405701,0.4762715995311737,0.7905548810958862,0.6404566764831543,0.63350909948349,0.594929575920105,0.5276827812194824,0.5700329542160034,0.4614056348800659,0.5507591962814331,0.4012385308742523,0.6984383463859558,0.5975608229637146,0.6777549982070923,0.45979413390159607,0.6676319241523743,0.37280216813087463,0.6607028841972351,0.2968917489051819,0.7568281888961792,0.5968446731567383,0.7543038129806519,0.4678668677806854,0.7527000308036804,0.3884667158126831,0.7492395043373108,0.31603190302848816,0.8143433928489685,0.6221565008163452,0.8380786776542664,0.5262376070022583,0.8520803451538086,0.46124595403671265,0.8609839677810669,0.3978540599346161,open
0.7857623100280762,0.8796268105506897,0.6984137296676636,0.8801814317703247,0.6104307174682617,0.8339054584503174,0.5400050282478333,0.7952160835266113,0.4789077043533325,0.7932994961738586,0.6420027613639832,0.6322239637374878,0.5959375500679016,0.5254999399185181,0.5709294676780701,0.45889246463775635,0.551645040512085,0.39853861927986145,0.7000868916511536,0.5962836146354675,0.6779379844665527,0.45834141969680786,0.6671345233917236,0.3709012567996979,0.6599626541137695,0.2943272292613983,0.7585119605064392,0.5953973531723022,0.7544374465942383,0.46563395857810974,0.7528180480003357,0.3857463002204895,0.749717652797699,0.3130643367767334,0.815912127494812,0.6206544041633606,0.8383666276931763,0.5249513983726501,0.8522223830223083,0.45966535806655884,0.8612822890281677,0.3960665166378021,open
0.7872171401977539,0.8803753852844238,0.6984992027282715,0.8808001279830933,0.6097878813743591,0.8339897394180298,0.5380088090896606,0.7955851554870605,0.4759841561317444,0.7951446771621704,0.6427890658378601,0.6326005458831787,0.5969713926315308,0.5252374410629272,0.5716638565063477,0.45809653401374817,0.5522517561912537,0.3970732092857361,0.7010118961334229,0.5960608720779419,0.6788740158081055,0.45784950256347656,0.6675423383712769,0.37008553743362427,0.659965455532074,0.29344314336776733,0.7596601843833923,0.594982385635376,0.7558238506317139,0.46368077397346497,0.7538756728172302,0.38382282853126526,0.7503624558448792,0.3114149272441864,0.8171558976173401,0.6204800009727478,0.8396781086921692,0.524263858795166,0.8529224395751953,0.4583863317966461,0.8612684011459351,0.3941478133201599,open
0.7873501777648926,0.879439115524292,0.6991196870803833,0.8802546262741089,0.6104034185409546,0.8337733149528503,0.5396263599395752,0.7936752438545227,0.4781385064125061,0.7909298539161682,0.6431592702865601,0.6313470005989075,0.5971535444259644,0.5248224139213562,0.5722646117210388,0.4581121802330017,0.5533352494239807,0.3973690867424011,0.7014913558959961,0.5951620936393738,0.6791585683822632,0.4571014642715454,0.6682571172714233,0.36959683895111084,0.6611546277999878,0.2927866578102112,0.7600154876708984,0.5944101810455322,0.7565326690673828,0.46386414766311646,0.7549023032188416,0.38354966044425964,0.7517445683479309,0.3103846311569214,0.8175225257873535,0.6199203133583069,0.840171217918396,0.5237589478492737,0.8534789085388184,0.4580189883708954,0.861885666847229,0.3937641680240631,open
0.7881595492362976,0.8785475492477417,0.6990876197814941,0.8803884387016296,0.6105366349220276,0.8341060876846313,0.5394571423530579,0.7955055236816406,0.47712916135787964,0.7945255041122437,0.6435126066207886,0.63114994764328,0.5977087616920471,0.5242787003517151,0.5725451707839966,0.45708540081977844,0.553253710269928,0.39559975266456604,0.701744556427002,0.5954189896583557,0.6803079843521118,0.4576408863067627,0.6697432398796082,0.3702218532562256,0.6625966429710388,0.29276910424232483,0.760107159614563,0.5947917103767395,0.7566697597503662,0.46412980556488037,0.7550629377365112,0.38410648703575134,0.751749575138092,0.3108956813812256,0.8173986673355103,0.6202521324157715,0.8401874303817749,0.5239967107772827,0.8536454439163208,0.458259642124176,0.8619135618209839,0.3937237858772278,open
0.7883399724960327,0.8777743577957153,0.6997601389884949,0.8807486295700073,0.6112995743751526,0.8343763947486877,0.5403687953948975,0.7935253381729126,0.4781036674976349,0.7904481887817383,0.6435956954956055,0.6309688091278076,0.5975551605224609,0.5244520306587219,0.5726733803749084,0.45746278762817383,0.5537117719650269,0.39596474170684814,0.7018805742263794,0.5950737595558167,0.6808152198791504,0.45778974890708923,0.670539915561676,0.37112388014793396,0.6636725664138794,0.29426077008247375,0.7600631713867188,0.5944110751152039,0.7572174668312073,0.4655819535255432,0.7555586695671082,0.3857801556587219,0.7524129152297974,0.31239789724349976,0.8171060085296631,0.6197789311408997,0.8400188684463501,0.5246065258979797,0.8537057638168335,0.45952194929122925,0.8623992204666138,0.39531755447387695,open
0.7884445786476135,0.8772202134132385,0.6992164254188538,0.8799440860748291,0.6100243926048279,0.8332745432853699,0.5388868451118469,0.7934244275093079,0.47713613510131836,0.7917492389678955,0.6433042287826538,0.6298997402191162,0.5975447297096252,0.5231930017471313,0.5727725625038147,0.45626571774482727,0.5538051128387451,0.39493125677108765,0.7013648152351379,0.5941823124885559,0.6801345348358154,0.45676690340042114,0.669670045375824,0.3695799708366394,0.6627213954925537,0.29232874512672424,0.7594701647758484,0.593693196773529,0.7563068270683289,0.4638449549674988,0.7548112273216248,0.3840641975402832,0.7519130706787109,0.311022013425827,0.8164523839950562,0.6194461584091187,0.839523434638977,0.5240973234176636,0.8533152341842651,0.45882439613342285,0.8621559739112854,0.394647479057312,open
0.7875922322273254,0.8781366944313049,0.6988590359687805,0.8796705603599548,0.6111721992492676,0.832781195640564,0.5409553050994873,0.792275071144104,0.47941166162490845,0.7886369824409485,0.6426572799682617,0.6289279460906982,0.5966805219650269,0.5222249627113342,0.5723457336425781,0.4552610516548157,0.5540993213653564,0.3937585949897766,0.7009482383728027,0.5929176211357117,0.6795458793640137,0.45546627044677734,0.6688567399978638,0.3684336841106415,0.661727249622345,0.2914268970489502,0.7591628432273865,0.5925387144088745,0.7565891146659851,0.46328991651535034,0.7552001476287842,0.38342636823654175,0.7521830797195435,0.3099702298641205,0.8160909414291382,0.6186500787734985,0.8393481969833374,0.5235741138458252,0.8529971837997437,0.458505243062973,0.861557126045227,0.39408960938453674,open
0.7880094051361084,0.878119707107544,0.6981359720230103,0.8794350028038025,0.6095678210258484,0.8331395387649536,0.5383231043815613,0.7952389121055603,0.47595351934432983,0.7921663522720337,0.642955482006073,0.6306229829788208,0.5972694754600525,0.5238558053970337,0.5721164345741272,0.4570069909095764,0.5527114868164062,0.3961004912853241,0.7010701894760132,0.5947228670120239,0.6798308491706848,0.4573524594306946,0.6692937016487122,0.3701532781124115,0.6622596979141235,0.29351672530174255,0.7594491243362427,0.5940718650817871,0.7561272978782654,0.4638134837150574,0.7547745108604431,0.38460806012153625,0.7518203854560852,0.31231942772865295,0.8166383504867554,0.619743287563324,0.8396317958831787,0.5239993333816528,0.852989912033081,0.4587353467941284,0.8612979650497437,0.39498603343963623,open
0.7882189154624939,0.8795856237411499,0.6994146704673767,0.8808937072753906,0.6111527681350708,0.8336771726608276,0.5400747060775757,0.7931618094444275,0.4777439832687378,0.7887668609619141,0.6431905627250671,0.6310827732086182,0.5974900722503662,0.524865448474884,0.5728829503059387,0.45823442935943604,0.5540343523025513,0.39711248874664307,0.7019225358963013,0.5951180458068848,0.6807560324668884,0.4580296277999878,0.6704503297805786,0.37113702297210693,0.6635270714759827,0.29451656341552734,0.7605409026145935,0.5945741534233093,0.7579082250595093,0.465695321559906,0.7564038038253784,0.38611334562301636,0.7531840801239014,0.3126744329929352,0.8177849054336548,0.6202274560928345,0.840579628944397,0.525071382522583,0.8540188074111938,0.45997685194015503,0.8622319102287292,0.3954331576824188,open
0.7886685729026794,0.8796842098236084,0.7001436352729797,0.8819817304611206,0.6118008494377136,0.8345549702644348,0.5414211750030518,0.7944109439849854,0.47945070266723633,0.7922794818878174,0.6439089775085449,0.6306541562080383,0.5980218648910522,0.5240640640258789,0.573119044303894,0.4570913314819336,0.5539538860321045,0.39577099680900574,0.7021723389625549,0.594646692276001,0.6809673309326172,0.4570044279098511,0.6706839799880981,0.3695696294307709,0.663867175579071,0.29239240288734436,0.760565996170044,0.5942879915237427,0.7573689222335815,0.4643677771091461,0.755833089351654,0.38480809330940247,0.7526374459266663,0.31180310249328613,0.8176273107528687,0.6203231811523438,0.840601921081543,0.5251708626747131,0.8542834520339966,0.4601597785949707,0.8628422617912292,0.3959393799304962,open
0.7887817025184631,0.8790727853775024,0.6995925903320312,0.8815757632255554,0.6107176542282104,0.834965705871582,0.5396528244018555,0.7958288192749023,0.47763970494270325,0.7926484942436218,0.643856406211853,0.6316882371902466,0.598285436630249,0.5250825881958008,0.5733020901679993,0.4580062925815582,0.5539494752883911,0.39666619896888733,0.7023008465766907,0.5957357883453369,0.6812028288841248,0.4583504796028137,0.6707848906517029,0.3709903359413147,0.6636872291564941,0.29349085688591003,0.7606977224349976,0.5952185392379761,0.7574239373207092,0.4652557075023651,0.7559495568275452,0.3858028054237366,0.752801775932312,0.31274718046188354,0.8178252577781677,0.6211366653442383,0.8408510088920593,0.5256677269935608,0.8547844886779785,0.4606482684612274,0.8635693788528442,0.3966800272464752,open
0.7877790927886963,0.8806606531143188,0.6993346810340881,0.8827087879180908,0.6116899251937866,0.8354422450065613,0.5416772961616516,0.7951046228408813,0.47985875606536865,0.7915698289871216,0.643696665763855,0.6317278742790222,0.5980555415153503,0.5253767967224121,0.5734338760375977,0.45827582478523254,0.5545738935470581,0.3966449499130249,0.7022400498390198,0.5957149863243103,0.6809709072113037,0.45825397968292236,0.6708040237426758,0.3709292411804199,0.6640968918800354,0.2932901382446289,0.7606895565986633,0.595478355884552,0.7578756809234619,0.4662591814994812,0.7565144300460815,0.3865399956703186,0.753434419631958,0.31279656291007996,0.8178353309631348,0.6216287612915039,0.840877890586853,0.5264707207679749,0.8546759486198425,0.4612157940864563,0.8632122278213501,0.3964954912662506,open
0.7886515855789185,0.87782883644104,0.7003089785575867,0.8800680041313171,0.6118346452713013,0.8338631391525269,0.5412096977233887,0.7959693670272827,0.4795321226119995,0.794774055480957,0.6439841985702515,0.631220281124115,0.598188579082489,0.5250124335289001,0.57291179895401,0.45846569538116455,0.5532218217849731,0.39762866497039795,0.7025277614593506,0.5952019095420837,0.6812187433242798,0.4579894542694092,0.6709598302841187,0.37118783593177795,0.6640043258666992,0.2941187918186188,0.761001467704773,0.5948527455329895,0.7576745748519897,0.4640883207321167,0.7564347982406616,0.38466185331344604,0.753219723701477,0.31174615025520325,0.8180018663406372,0.6210774779319763,0.8409405946731567,0.5254517793655396,0.8547132611274719,0.4603751599788666,0.8632683753967285,0.39639753103256226,open
0.7880542278289795,0.878925085067749,0.700056791305542,0.8800434470176697,0.6121941804885864,0.8332641124725342,0.5414098501205444,0.793816089630127,0.4795505404472351,0.7908416986465454,0.6443085074424744,0.6296643614768982,0.5985597968101501,0.5232540965080261,0.5735758543014526,0.4563716650009155,0.554585874080658,0.3950732946395874,0.702515184879303,0.5939037203788757,0.6807586550712585,0.4562079906463623,0.669907808303833,0.368778795003891,0.6626771688461304,0.29125887155532837,0.7607694864273071,0.593808114528656,0.7573060989379883,0.46316277980804443,0.7559201121330261,0.3832102119922638,0.7529008388519287,0.30990612506866455,0.8176479339599609,0.6204032301902771,0.8406891226768494,0.52466881275177,0.8544105291366577,0.45915383100509644,0.863091766834259,0.39482784271240234,open
0.7886029481887817,0.8773428201675415,0.7000013589859009,0.8790261149406433,0.6113203167915344,0.8324781656265259,0.5405712723731995,0.7943722009658813,0.47844797372817993,0.7925795316696167,0.6437885165214539,0.6296011209487915,0.5980114936828613,0.5231667757034302,0.5722275972366333,0.45675426721572876,0.5519915819168091,0.3960568308830261,0.7021082043647766,0.5937449932098389,0.6808040738105774,0.4559178948402405,0.670153021812439,0.3683653771877289,0.6629707217216492,0.2908812165260315,0.7606370449066162,0.5934397578239441,0.757040798664093,0.4625083804130554,0.7558201551437378,0.3830460011959076,0.7528180480003357,0.31018540263175964,0.8178596496582031,0.6197656393051147,0.840781033039093,0.5239107608795166,0.8546193838119507,0.45869046449661255,0.8633960485458374,0.3947644531726837,open
0.7887142300605774,0.877892255783081,0.6996755599975586,0.880291223526001,0.6113399863243103,0.8334628343582153,0.5410062670707703,0.7938966751098633,0.47884345054626465,0.7911426424980164,0.6431316137313843,0.6290225982666016,0.5976842641830444,0.5224830508232117,0.5728511214256287,0.45552611351013184,0.5535756349563599,0.39432722330093384,0.7016837000846863,0.5933233499526978,0.6807388067245483,0.4552631378173828,0.6703792810440063,0.36773982644081116,0.6632896661758423,0.29035648703575134,0.7601529359817505,0.5932062864303589,0.7571548819541931,0.46269237995147705,0.7559189796447754,0.3826363682746887,0.7528806328773499,0.3090763986110687,0.8171758055686951,0.6195427179336548,0.8404027223587036,0.5238496661186218,0.8543244004249573,0.45861777663230896,0.863045871257782,0.39438140392303467,open
0.789103627204895,0.8771052956581116,0.7001418471336365,0.8797820806503296,0.6112224459648132,0.8330097794532776,0.5403938293457031,0.7939413785934448,0.4782005846500397,0.7918373346328735,0.6433491110801697,0.6297423243522644,0.5979536771774292,0.5229540467262268,0.5731136202812195,0.4557739794254303,0.5540064573287964,0.3943917155265808,0.7014349102973938,0.5936339497566223,0.6803292036056519,0.4555782675743103,0.6699097752571106,0.3678584396839142,0.6630597114562988,0.2906799018383026,0.7596950531005859,0.5929922461509705,0.7565060257911682,0.4629969000816345,0.7551249861717224,0.383149653673172,0.7522226572036743,0.3100384473800659,0.8166037201881409,0.6187695860862732,0.8399633169174194,0.5237871408462524,0.8539782762527466,0.458766907453537,0.8629045486450195,0.39477282762527466,open
0.7885505557060242,0.8775366544723511,0.7004514932632446,0.8788703083992004,0.6120325326919556,0.8314709067344666,0.5415758490562439,0.7917919754981995,0.4796428978443146,0.787813127040863,0.6432982683181763,0.6294970512390137,0.597615659236908,0.5229581594467163,0.5728988647460938,0.45587390661239624,0.5539687871932983,0.3945310413837433,0.7017027139663696,0.5934677720069885,0.6807041168212891,0.4557475745677948,0.6701043248176575,0.36820608377456665,0.6628501415252686,0.29107359051704407,0.7601935863494873,0.5929650664329529,0.7572959661483765,0.46361586451530457,0.7559416890144348,0.38346394896507263,0.7529822587966919,0.30955249071121216,0.8172561526298523,0.618972659111023,0.8401159048080444,0.5237639546394348,0.8541953563690186,0.45871132612228394,0.8631649017333984,0.3943127691745758,open
0.7884128093719482,0.877246081829071,0.6999216079711914,0.879095196723938,0.6116882562637329,0.8317216038703918,0.5415732860565186,0.7928743958473206,0.47958534955978394,0.7905560731887817,0.6432836055755615,0.6293495297431946,0.5979910492897034,0.5226914882659912,0.5731950998306274,0.4556587338447571,0.5539627075195312,0.39420557022094727,0.7016188502311707,0.5934765338897705,0.6806579232215881,0.4554639756679535,0.6700282096862793,0.3678465783596039,0.6627165675163269,0.29043468832969666,0.7601009011268616,0.5931999683380127,0.75678551197052,0.46259355545043945,0.755355715751648,0.3827498257160187,0.7522615194320679,0.30931195616722107,0.8172986507415771,0.6196666955947876,0.8402855396270752,0.5241170525550842,0.8542341589927673,0.45895129442214966,0.8630889654159546,0.39465653896331787,open
0.7876383066177368,0.8775338530540466,0.7000632286071777,0.8782423138618469,0.6121025681495667,0.830284833908081,0.5415317416191101,0.7907044291496277,0.47949546575546265,0.7869251370429993,0.6439087986946106,0.6276167035102844,0.5983504056930542,0.5209909081459045,0.5735757350921631,0.454067587852478,0.5545839071273804,0.3927766680717468,0.7023270726203918,0.591795802116394,0.6811935305595398,0.453765332698822,0.6703073382377625,0.3659595847129822,0.662880003452301,0.2886693477630615,0.7610032558441162,0.5918101668357849,0.7574287056922913,0.4619249999523163,0.7558493614196777,0.38170087337493896,0.7527665495872498,0.30783790349960327,0.8181332349777222,0.6185262799263,0.8402339816093445,0.5227659940719604,0.85400390625,0.4572865068912506,0.8628081679344177,0.3926059305667877,open
0.7892846465110779,0.8755273222923279,0.7006798386573792,0.8763124346733093,0.6120960712432861,0.8289468288421631,0.541005551815033,0.7907938957214355,0.47893059253692627,0.7892739772796631,0.6445749402046204,0.6284276247024536,0.598739743232727,0.5219500064849854,0.5730916261672974,0.45557355880737305,0.553093671798706,0.39503735303878784,0.7025692462921143,0.5921800136566162,0.6813027262687683,0.45358920097351074,0.6704981923103333,0.3656254708766937,0.6633396148681641,0.28837713599205017,0.7611242532730103,0.5914915800094604,0.7571882605552673,0.4603176712989807,0.7560595870018005,0.3803563117980957,0.7535372972488403,0.3075360357761383,0.8184276223182678,0.6174857020378113,0.8404357433319092,0.521364688873291,0.8541327714920044,0.45578691363334656,0.8632027506828308,0.3918420076370239,open
0.7888128161430359,0.8753448724746704,0.6992970108985901,0.8774741291999817,0.6111202239990234,0.8310129046440125,0.5409766435623169,0.7919052839279175,0.4795275330543518,0.7888554930686951,0.6431756615638733,0.6277300119400024,0.5976181626319885,0.5217788815498352,0.5729919075965881,0.4545406103134155,0.5543853044509888,0.3930570185184479,0.7010084986686707,0.591809093952179,0.6801978945732117,0.4536382555961609,0.6698941588401794,0.36579978466033936,0.6632353067398071,0.2886962592601776,0.7589637637138367,0.5914216637611389,0.7561401724815369,0.4609590172767639,0.7549722194671631,0.38114234805107117,0.7522592544555664,0.30833709239959717,0.8157739639282227,0.6175951957702637,0.8396579027175903,0.5216680765151978,0.8541439771652222,0.4561803340911865,0.8634852766990662,0.39194566011428833,open
0.788760244846344,0.8746041655540466,0.6992881298065186,0.876907467842102,0.6113618016242981,0.8312792778015137,0.5414475798606873,0.7924255132675171,0.4801044762134552,0.7889215350151062,0.6422421932220459,0.6279829740524292,0.5967433452606201,0.5226023197174072,0.5721755027770996,0.45570504665374756,0.5533280968666077,0.39443710446357727,0.700385570526123,0.5916261672973633,0.6799775958061218,0.4545517861843109,0.6697756052017212,0.36718282103538513,0.662923276424408,0.290179967880249,0.7587334513664246,0.5910326838493347,0.7562832236289978,0.4620484709739685,0.7550575733184814,0.3827028274536133,0.7522545456886292,0.30978745222091675,0.8160187602043152,0.6170732378959656,0.8394483327865601,0.5217678546905518,0.8534318208694458,0.45670560002326965,0.8623487949371338,0.3925335705280304,open
0.7874935269355774,0.874458909034729,0.6994969248771667,0.8761199712753296,0.6117926239967346,0.8302513360977173,0.5414291620254517,0.7905765771865845,0.4803103804588318,0.7866842746734619,0.6418453454971313,0.6273152232170105,0.5972100496292114,0.5217853784561157,0.572641909122467,0.4549146294593811,0.5535584688186646,0.39382895827293396,0.6997387409210205,0.5911970138549805,0.6794948577880859,0.45421814918518066,0.6690276861190796,0.3668742775917053,0.6617527604103088,0.2900121808052063,0.7579202651977539,0.5907214283943176,0.7552906274795532,0.46125560998916626,0.7542218565940857,0.381067156791687,0.7514480352401733,0.3074715733528137,0.8149975538253784,0.617030918598175,0.8386128544807434,0.5212921500205994,0.8527683615684509,0.4559965133666992,0.8616914749145508,0.3917728662490845,open
0.7568017840385437,0.8826020956039429,0.6785736083984375,0.8647927045822144,0.5987745523452759,0.7789670825004578,0.5747483372688293,0.6912213563919067,0.593634307384491,0.6283912062644958,0.6208745837211609,0.6328793168067932,0.5782873034477234,0.5805737972259521,0.5932242274284363,0.6795135736465454,0.6159124970436096,0.7080246806144714,0.672195315361023,0.6219254732131958,0.6311568021774292,0.602379322052002,0.6458101868629456,0.7124924659729004,0.6678978204727173,0.7160438895225525,0.7251813411712646,0.6244943141937256,0.6855672597885132,0.6141356825828552,0.693893313407898,0.7236776351928711,0.7147213816642761,0.7256282567977905,0.7804857492446899,0.6382615566253662,0.7396061420440674,0.6382398009300232,0.7370400428771973,0.7180817723274231,0.754780113697052,0.7250736951828003,fist
0.753592848777771,0.8789545297622681,0.6679452657699585,0.8535270690917969,0.5925726890563965,0.7680436968803406,0.5687046647071838,0.6881135106086731,0.5863069891929626,0.6264858841896057,0.6168113350868225,0.6354435086250305,0.5701674222946167,0.5884150266647339,0.5861831903457642,0.6767293810844421,0.6063795685768127,0.6971238255500793,0.6617574691772461,0.6193529367446899,0.6184716820716858,0.5894680023193359,0.6341498494148254,0.6933363080024719,0.6565782427787781,0.6940280795097351,0.7114071846008301,0.6170861721038818,0.6668559908866882,0.5968143343925476,0.6804908514022827,0.6999030113220215,0.7036065459251404,0.7003934383392334,0.7653375267982483,0.625507652759552,0.718524694442749,0.6075971126556396,0.7192897200584412,0.6850544214248657,0.7375115156173706,0.6983352303504944,fist
0.7439095377922058,0.8588086366653442,0.6591270565986633,0.8346490263938904,0.5853590965270996,0.7506905794143677,0.5612610578536987,0.6667851805686951,0.5822513103485107,0.6069775819778442,0.6097198724746704,0.6170623898506165,0.5664300322532654,0.5703210830688477,0.5796611309051514,0.6559268236160278,0.6008508205413818,0.6815338134765625,0.6535177230834961,0.6042346954345703,0.6138628721237183,0.574178159236908,0.6273377537727356,0.6806057095527649,0.6498238444328308,0.6839351654052734,0.7019718885421753,0.6027586460113525,0.6607652902603149,0.5814334154129028,0.6705511808395386,0.6847192645072937,0.6927192807197571,0.6876970529556274,0.7549795508384705,0.6105995178222656,0.7099004983901978,0.5866137742996216,0.7078486680984497,0.6627327799797058,0.7259990572929382,0.676334023475647,fist
0.7372491359710693,0.8451948761940002,0.6553840637207031,0.8196406364440918,0.5806872844696045,0.7408543229103088,0.5534437298774719,0.6568251252174377,0.5788283944129944,0.5939323306083679,0.6068440675735474,0.6076739430427551,0.5610379576683044,0.5631160736083984,0.5763388872146606,0.6486021876335144,0.5990843772888184,0.6732304692268372,0.6498382687568665,0.5936289429664612,0.608267605304718,0.5663313865661621,0.6264669299125671,0.6727455854415894,0.6511784195899963,0.6753153800964355,0.6970372200012207,0.5900878310203552,0.6534280180931091,0.569425642490387,0.6676250696182251,0.6735864281654358,0.6924166083335876,0.6781622171401978,0.7488577961921692,0.596581220626831,0.702366054058075,0.5663630962371826,0.702774703502655,0.6419717669487,0.722318172454834,0.6594473719596863,fist
0.7352913022041321,0.832286536693573,0.6528946161270142,0.8103174567222595,0.5770450830459595,0.7340965270996094,0.5497594475746155,0.6474385261535645,0.5757853984832764,0.5828496217727661,0.6003207564353943,0.603821873664856,0.5557511448860168,0.5597211122512817,0.5740004777908325,0.6446153521537781,0.5973231792449951,0.6670618057250977,0.6434592008590698,0.5869101285934448,0.6041085720062256,0.5596455931663513,0.6243807077407837,0.6647121906280518,0.6477562785148621,0.6680618524551392,0.6905607581138611,0.5807164907455444,0.6488237380981445,0.5597070455551147,0.6647500991821289,0.6636430025100708,0.6880884170532227,0.6698201894760132,0.7429071068763733,0.5847042798995972,0.6969993710517883,0.556866466999054,0.698737621307373,0.6329872608184814,0.7172818779945374,0.6521010994911194,fist
0.7338423728942871,0.8191602230072021,0.6516030430793762,0.8010032176971436,0.5756773948669434,0.7302428483963013,0.5469634532928467,0.6477301716804504,0.5716379880905151,0.5866608023643494,0.598391056060791,0.6034412980079651,0.5542514324188232,0.5559084415435791,0.5725043416023254,0.6392541527748108,0.5950905680656433,0.6621014475822449,0.6401194930076599,0.5867358446121216,0.6008142232894897,0.555914044380188,0.6235100030899048,0.660103976726532,0.646796464920044,0.6626070737838745,0.6858002543449402,0.5774744749069214,0.6437072157859802,0.5533278584480286,0.6627340316772461,0.6553573608398438,0.6863243579864502,0.6597675681114197,0.73691326379776,0.576697051525116,0.6919353008270264,0.5487180948257446,0.6969295144081116,0.622303307056427,0.7165340185165405,0.6379084587097168,fist
0.7346205115318298,0.8056274056434631,0.6549565196037292,0.7947046160697937,0.5757201313972473,0.7277551889419556,0.5454628467559814,0.6468179821968079,0.5674068331718445,0.5848789215087891,0.5921180248260498,0.6043605208396912,0.5493980646133423,0.5549373626708984,0.5719881057739258,0.6376987099647522,0.5928581357002258,0.6576007604598999,0.6341269612312317,0.5844604969024658,0.5958096385002136,0.5513798594474792,0.6226245760917664,0.6539570093154907,0.6431999206542969,0.6540260314941406,0.6801480650901794,0.5726253986358643,0.6388235688209534,0.5453823208808899,0.661647617816925,0.6472280621528625,0.682835578918457,0.6502570509910583,0.7312943935394287,0.5686037540435791,0.6876499056816101,0.5419994592666626,0.6955423355102539,0.6155068278312683,0.7136918902397156,0.6297447681427002,fist
0.7308080792427063,0.7975471019744873,0.6531928777694702,0.7860634326934814,0.5744948387145996,0.7244848012924194,0.5433792471885681,0.6436161398887634,0.568402886390686,0.5839821696281433,0.5909432768821716,0.5994817018508911,0.5461260080337524,0.555888831615448,0.5723336338996887,0.638824999332428,0.5926466584205627,0.6532480120658875,0.6342194080352783,0.5787363052368164,0.5932677388191223,0.5471752882003784,0.6227010488510132,0.6489030718803406,0.6426791548728943,0.647280752658844,0.6802270412445068,0.5663443803787231,0.6367485523223877,0.5370734333992004,0.6610748171806335,0.6386096477508545,0.6816443800926208,0.641370952129364,0.7312120199203491,0.5616939663887024,0.6858071684837341,0.5314072966575623,0.6941512823104858,0.604861855506897,0.7117788791656494,0.6204057931900024,fist
0.7325642704963684,0.7892017364501953,0.652036726474762,0.780898928642273,0.5728633999824524,0.7215471267700195,0.5424760580062866,0.6409687995910645,0.5688586235046387,0.5876147747039795,0.5921050310134888,0.5926774740219116,0.5475616455078125,0.5548125505447388,0.5723715424537659,0.6371726393699646,0.5924820899963379,0.6514753103256226,0.6341529488563538,0.57315593957901,0.5919477343559265,0.5450553297996521,0.6207703948020935,0.6461887359619141,0.6421898007392883,0.6451207399368286,0.6787563562393188,0.5605210661888123,0.6343596577644348,0.533740758895874,0.6585105061531067,0.6340667605400085,0.6807602047920227,0.6359758377075195,0.7291359901428223,0.5556347370147705,0.6834952235221863,0.5268117785453796,0.6922621726989746,0.5984680652618408,0.7112092971801758,0.6119078993797302,fist
0.7339390516281128,0.7846443057060242,0.6547659039497375,0.7788796424865723,0.5715092420578003,0.7207236289978027,0.539897084236145,0.6384993195533752,0.5735072493553162,0.5862312316894531,0.5883920192718506,0.5951737761497498,0.5436286330223083,0.558818519115448,0.571014404296875,0.6374079585075378,0.5916258692741394,0.6496556997299194,0.6307777166366577,0.5717523097991943,0.5887306928634644,0.543014407157898,0.6200202107429504,0.6419034004211426,0.6417056918144226,0.6423686146736145,0.6759844422340393,0.5567225217819214,0.6331376433372498,0.5310276746749878,0.6592127680778503,0.6304093599319458,0.6811334490776062,0.6341285705566406,0.727303147315979,0.5495272874832153,0.6821314692497253,0.5213278532028198,0.6924880146980286,0.5918068289756775,0.710970938205719,0.6058381795883179,fist
0.7351066470146179,0.779789388179779,0.6551398038864136,0.7775371074676514,0.5708250403404236,0.7190280556678772,0.5403461456298828,0.6327039003372192,0.5808591246604919,0.5859859585762024,0.5866824388504028,0.5941839814186096,0.5429617762565613,0.5593860149383545,0.5724487900733948,0.6369476318359375,0.5933915376663208,0.6483760476112366,0.6291564106941223,0.5687420964241028,0.5876463651657104,0.5390728116035461,0.6206828355789185,0.6372315883636475,0.6428887844085693,0.6407920122146606,0.674052894115448,0.5533017516136169,0.6326010823249817,0.5262603163719177,0.6600514054298401,0.6261254549026489,0.6822778582572937,0.6343037486076355,0.7254717350006104,0.5459739565849304,0.6802164912223816,0.514310359954834,0.6911537051200867,0.5858334302902222,0.7095698714256287,0.6051239371299744,fist
0.7380491495132446,0.7748427391052246,0.6591840982437134,0.775452196598053,0.5726441144943237,0.7177493572235107,0.5406298637390137,0.6305609941482544,0.5825846195220947,0.5847586393356323,0.5850580930709839,0.5965244770050049,0.5411065816879272,0.5604474544525146,0.5726147294044495,0.6363195776939392,0.5936987996101379,0.6472564935684204,0.6274017691612244,0.5687828660011292,0.5860311985015869,0.5384811758995056,0.6200849413871765,0.634569525718689,0.6416063904762268,0.637534499168396,0.672631025314331,0.5519702434539795,0.6323667764663696,0.5247414708137512,0.6603989601135254,0.6237795352935791,0.6819115281105042,0.6322857141494751,0.7241685390472412,0.542894721031189,0.6795362234115601,0.5146650075912476,0.6910795569419861,0.5855669379234314,0.7089845538139343,0.6039749979972839,fist
0.7385662198066711,0.772869884967804,0.6593578457832336,0.7731324434280396,0.5712878704071045,0.7166566848754883,0.5419682860374451,0.6310692429542542,0.5887985229492188,0.5888308882713318,0.5855745673179626,0.5944923162460327,0.5406990051269531,0.5606516003608704,0.5725041031837463,0.6348285675048828,0.5947076082229614,0.6443628668785095,0.6275359988212585,0.5649945735931396,0.5852805376052856,0.5374927520751953,0.6195842623710632,0.6325674653053284,0.6425865888595581,0.6345539093017578,0.6728129386901855,0.5475648641586304,0.6320013999938965,0.5239232778549194,0.6607782244682312,0.6219140291213989,0.6834067702293396,0.6291514039039612,0.7245925068855286,0.5380842685699463,0.6791867017745972,0.5135495662689209,0.6913270950317383,0.5843603610992432,0.7103090882301331,0.6012242436408997,fist
0.742124080657959,0.7669679522514343,0.6615858674049377,0.7713422775268555,0.5729237794876099,0.7146499156951904,0.5446948409080505,0.6271468997001648,0.5929197072982788,0.5885410904884338,0.5847875475883484,0.5957323908805847,0.5413827300071716,0.5552806854248047,0.5742875933647156,0.6279727816581726,0.5961925983428955,0.6408413648605347,0.6271361112594604,0.5660815238952637,0.5869826674461365,0.5342349410057068,0.6216090321540833,0.6275994777679443,0.6431163549423218,0.6337099075317383,0.6726323962211609,0.5486400127410889,0.6343296766281128,0.5210127830505371,0.6628915667533875,0.6171610355377197,0.6839914917945862,0.628240168094635,0.7250818014144897,0.5386550426483154,0.6808195114135742,0.5130257606506348,0.6936693787574768,0.5827171802520752,0.7117947340011597,0.6018748879432678,fist
0.7439276576042175,0.7669750452041626,0.6636568903923035,0.7717298865318298,0.5748416781425476,0.7154267430305481,0.5491238236427307,0.6273852586746216,0.5989526510238647,0.5867884755134583,0.5846816301345825,0.5978176593780518,0.5414466261863708,0.5586539506912231,0.5759373307228088,0.6331025958061218,0.5970194935798645,0.6455957293510437,0.6264505386352539,0.5662001371383667,0.5854180455207825,0.5339505076408386,0.6218725442886353,0.626667857170105,0.6429325938224792,0.6326658129692078,0.6722836494445801,0.5473516583442688,0.6343997120857239,0.5207687616348267,0.6652530431747437,0.6157289743423462,0.6859545707702637,0.6263483762741089,0.7251694798469543,0.5352828502655029,0.6805860996246338,0.5114866495132446,0.6956613063812256,0.5809566974639893,0.7137057781219482,0.5987313389778137,fist
0.7453532218933105,0.7659502029418945,0.6655554175376892,0.7694293260574341,0.577681839466095,0.7135961651802063,0.5507326126098633,0.6280240416526794,0.598698616027832,0.5905641317367554,0.585625946521759,0.5950756669044495,0.542961597442627,0.5557534098625183,0.5781394839286804,0.6273977160453796,0.5990114212036133,0.641322910785675,0.6273649334907532,0.5637693405151367,0.5879426002502441,0.5326760411262512,0.6248801946640015,0.6235926151275635,0.6446212530136108,0.6320495009422302,0.6736041903495789,0.545272707939148,0.6366365551948547,0.5198379158973694,0.6679636836051941,0.6128727793693542,0.6873520016670227,0.6247735619544983,0.7269842624664307,0.5340180993080139,0.6832042932510376,0.5121138095855713,0.6990373134613037,0.5802696943283081,0.7163235545158386,0.5974941849708557,fist
0.747631311416626,0.7660685777664185,0.6666468381881714,0.7697470188140869,0.578841507434845,0.7122647762298584,0.5537973046302795,0.6270113587379456,0.6019380688667297,0.5947819948196411,0.5856863856315613,0.597204327583313,0.5444391369819641,0.559177577495575,0.5813652276992798,0.6293606162071228,0.6016719937324524,0.643790602684021,0.6279032826423645,0.5643764734268188,0.5889101624488831,0.5335201621055603,0.6266806721687317,0.6220667362213135,0.645473062992096,0.631428062915802,0.6747161746025085,0.5449608564376831,0.6376054883003235,0.5192998647689819,0.6695250272750854,0.610991358757019,0.6884266138076782,0.62410968542099,0.7283984422683716,0.5334373712539673,0.6847530603408813,0.511540412902832,0.7006601691246033,0.5797414183616638,0.7175765037536621,0.5980863571166992,fist
0.7489585876464844,0.7688084840774536,0.6690285801887512,0.7713364362716675,0.5803807973861694,0.7121323347091675,0.553743302822113,0.6282921433448792,0.603854238986969,0.5955659747123718,0.5879647731781006,0.5952342748641968,0.5489841103553772,0.5620266795158386,0.5851176381111145,0.632815420627594,0.6032698750495911,0.6433131098747253,0.6298119425773621,0.5620362758636475,0.5917112827301025,0.534027636051178,0.6290911436080933,0.6236698627471924,0.6469951272010803,0.6291087865829468,0.6768171787261963,0.5431820750236511,0.641893208026886,0.5225618481636047,0.6727656722068787,0.6142522692680359,0.6902689337730408,0.6224355101585388,0.7304505705833435,0.5325749516487122,0.6881288886070251,0.5117916464805603,0.7034815549850464,0.5797420144081116,0.7198593616485596,0.5958568453788757,fist
0.7499457001686096,0.769608736038208,0.6703424453735352,0.7739230990409851,0.5820369124412537,0.7145527601242065,0.5572586059570312,0.6276592016220093,0.6062243580818176,0.5945902466773987,0.5911021828651428,0.5960279703140259,0.5519553422927856,0.5584544539451599,0.5864418745040894,0.6320370435714722,0.6040993928909302,0.6427807807922363,0.6334176659584045,0.5647950172424316,0.5950466990470886,0.5337522625923157,0.6304457783699036,0.6248889565467834,0.6479201912879944,0.6294420957565308,0.6796989440917969,0.5465493202209473,0.6430569887161255,0.5215687155723572,0.6731328964233398,0.6143776774406433,0.6910526752471924,0.6212247014045715,0.7327350378036499,0.5353236198425293,0.6896895170211792,0.5131350159645081,0.7043910622596741,0.5820634365081787,0.7211653590202332,0.5978026390075684,fist
0.7517021298408508,0.7695019841194153,0.6714769601821899,0.7731432914733887,0.5831692814826965,0.7136783599853516,0.5605707168579102,0.6274466514587402,0.610213577747345,0.5961331129074097,0.5918087363243103,0.5968922972679138,0.5529761910438538,0.5570328831672668,0.586857259273529,0.6310755610466003,0.6046981811523438,0.642658531665802,0.6343504786491394,0.5656540989875793,0.596498429775238,0.5345799922943115,0.6311973929405212,0.625484824180603,0.6485843062400818,0.6306570768356323,0.6805781126022339,0.5474318861961365,0.6444882154464722,0.5231016874313354,0.6741437911987305,0.614797055721283,0.6923190355300903,0.6218653321266174,0.7334710359573364,0.5362352132797241,0.6899898052215576,0.5162466168403625,0.704998254776001,0.584202229976654,0.7222397327423096,0.5990532040596008,fist
0.7525839805603027,0.7704910039901733,0.6715352535247803,0.7733162045478821,0.5845946073532104,0.7133547067642212,0.5604879260063171,0.6279181838035583,0.6086258888244629,0.595186173915863,0.5953047275543213,0.5920374393463135,0.5574069023132324,0.5505334138870239,0.5897591710090637,0.6261001229286194,0.6065502762794495,0.6374380588531494,0.6379491090774536,0.562900185585022,0.6011918187141418,0.5317924618721008,0.6347806453704834,0.624687671661377,0.6518124341964722,0.6287971138954163,0.6838923096656799,0.5462678074836731,0.6482774019241333,0.5222300291061401,0.676814079284668,0.6155288219451904,0.695081353187561,0.6219455599784851,0.736086905002594,0.5363431572914124,0.6924174427986145,0.5161928534507751,0.7064965963363647,0.5846676826477051,0.7238329648971558,0.5993132591247559,fist
0.7543054819107056,0.7682844996452332,0.6723155379295349,0.7708093523979187,0.5864846706390381,0.7135059833526611,0.5644012093544006,0.6275758147239685,0.6127932667732239,0.5930735468864441,0.5988391637802124,0.5918334722518921,0.5595327019691467,0.5499728918075562,0.5910552740097046,0.624800980091095,0.6095091700553894,0.6373140215873718,0.6410278677940369,0.5631018877029419,0.6034114360809326,0.5317734479904175,0.6363615393638611,0.6237280964851379,0.654574990272522,0.6281284093856812,0.6862762570381165,0.5464614629745483,0.6500164866447449,0.5207080245018005,0.6773968935012817,0.6136835217475891,0.6964455842971802,0.6214386224746704,0.7380292415618896,0.5370384454727173,0.6938005685806274,0.5138203501701355,0.7066376805305481,0.5828068256378174,0.7243198752403259,0.5997734665870667,fist
0.7541971802711487,0.7656127214431763,0.672522246837616,0.7651426792144775,0.5889108777046204,0.7124971151351929,0.5693245530128479,0.6287176012992859,0.6145443320274353,0.58553147315979,0.5978336930274963,0.5883941054344177,0.5597075819969177,0.5511609315872192,0.5906582474708557,0.626105546951294,0.60799241065979,0.6374274492263794,0.640421986579895,0.5604954957962036,0.603288471698761,0.5300353169441223,0.6349008083343506,0.6214872598648071,0.6520898342132568,0.625601589679718,0.6864324808120728,0.5437748432159424,0.6510344743728638,0.5183604955673218,0.6774196624755859,0.6112769842147827,0.6951690912246704,0.6183668375015259,0.7389764785766602,0.533987283706665,0.6957520842552185,0.5124760866165161,0.7081843614578247,0.5827261805534363,0.7244535088539124,0.598888099193573,fist
0.7542758584022522,0.7618945837020874,0.6730391383171082,0.7617262601852417,0.5919275879859924,0.7101366519927979,0.5712318420410156,0.6273396015167236,0.6132891774177551,0.5790428519248962,0.6040966510772705,0.5885706543922424,0.5648771524429321,0.5459257364273071,0.5922513008117676,0.6193379759788513,0.6115037202835083,0.6356360912322998,0.6456771492958069,0.5617703199386597,0.6080194115638733,0.5282419919967651,0.636666476726532,0.6184719800949097,0.6560211777687073,0.625482439994812,0.690250039100647,0.5451213121414185,0.6536420583724976,0.5154402852058411,0.6777679920196533,0.6072884202003479,0.6975781917572021,0.6189515590667725,0.7413656115531921,0.5351975560188293,0.6977027058601379,0.5108952522277832,0.7085761427879333,0.5803865194320679,0.7261183857917786,0.5998203754425049,fist
0.7570706009864807,0.7609582543373108,0.6744799613952637,0.7620037794113159,0.5915815830230713,0.7052913308143616,0.5724348425865173,0.6194479465484619,0.6183174848556519,0.5786863565444946,0.6059766411781311,0.5847572088241577,0.5666475296020508,0.5453743934631348,0.5958590507507324,0.6193471550941467,0.6147984862327576,0.6329895853996277,0.6473903059959412,0.5574214458465576,0.6094850897789001,0.5261854529380798,0.6396872401237488,0.6171653270721436,0.6587210297584534,0.6218376755714417,0.6919376850128174,0.5412903428077698,0.6556270718574524,0.5140671133995056,0.6809484362602234,0.6067709922790527,0.7005631923675537,0.6153684258460999,0.74314284324646,0.5320142507553101,0.699791669845581,0.5092445015907288,0.7115707397460938,0.5786569118499756,0.7291800379753113,0.5954228639602661,fist
0.7587751150131226,0.7599533796310425,0.6755965948104858,0.7625290155410767,0.5935830473899841,0.705439567565918,0.5769041776657104,0.6196178197860718,0.6215739250183105,0.5802713632583618,0.6074491739273071,0.584112286567688,0.5688703656196594,0.5427046418190002,0.5967408418655396,0.6158304214477539,0.6164011359214783,0.6316916942596436,0.6486722826957703,0.5573378205299377,0.6116726398468018,0.5249829292297363,0.6409661173820496,0.6149424910545349,0.660510241985321,0.6208184957504272,0.6930355429649353,0.5409391522407532,0.6575073003768921,0.5142874717712402,0.6817823648452759,0.605215311050415,0.7010427117347717,0.6132828593254089,0.7440605163574219,0.5314602851867676,0.7012563943862915,0.5082019567489624,0.7119735479354858,0.5761811137199402,0.7292601466178894,0.5920945405960083,fist
0.7594481706619263,0.7622944116592407,0.6781875491142273,0.7635115385055542,0.5955188870429993,0.7070189714431763,0.5757347345352173,0.6228359341621399,0.6202550530433655,0.5835760235786438,0.6097670197486877,0.5849186182022095,0.5722516775131226,0.5421473979949951,0.5997151136398315,0.6146119832992554,0.6187959909439087,0.6302938461303711,0.650905966758728,0.5581648349761963,0.61521977186203,0.5243114233016968,0.6445337533950806,0.6138506531715393,0.6632998585700989,0.6189814209938049,0.6950650215148926,0.5417478084564209,0.6601874828338623,0.5134868025779724,0.684825599193573,0.6038826107978821,0.7037685513496399,0.6115080118179321,0.7456591129302979,0.5324150323867798,0.703375518321991,0.5063773989677429,0.7145180106163025,0.5745795965194702,0.7319039702415466,0.5913587212562561,fist
0.7604138851165771,0.7618938088417053,0.6799923181533813,0.7643779516220093,0.5975697040557861,0.7060625553131104,0.5784707069396973,0.6221703290939331,0.6242279410362244,0.585113525390625,0.6106082797050476,0.5823692679405212,0.5756561160087585,0.5398361682891846,0.6014538407325745,0.6128965616226196,0.6200336217880249,0.6298926472663879,0.6522290706634521,0.5555573105812073,0.6182094812393188,0.5234133005142212,0.6458740234375,0.6120206713676453,0.6649150252342224,0.6171591877937317,0.697104811668396,0.540063738822937,0.664019763469696,0.5132827758789062,0.6865813732147217,0.602523148059845,0.7047715187072754,0.610259473323822,0.7483700513839722,0.5320532917976379,0.7078772187232971,0.5084710717201233,0.7174786925315857,0.5758765339851379,0.7338131666183472,0.5918126106262207,fist
0.7615092992782593,0.76160728931427,0.6829689741134644,0.7625259160995483,0.6035294532775879,0.7089382410049438,0.5843409895896912,0.6258083581924438,0.6282045245170593,0.583956778049469,0.6140432953834534,0.5825648903846741,0.5814725160598755,0.5365866422653198,0.6069751381874084,0.6098645329475403,0.6241398453712463,0.6281628608703613,0.6559149622917175,0.5566605925559998,0.6231902241706848,0.5201393961906433,0.6507254242897034,0.6086545586585999,0.6684868931770325,0.6164055466651917,0.7010993957519531,0.5415360927581787,0.6687754988670349,0.5088621973991394,0.6914173364639282,0.5988641381263733,0.7085731029510498,0.6099367737770081,0.7527682185173035,0.5345245599746704,0.7132018804550171,0.5074211359024048,0.7230603694915771,0.5753036141395569,0.7384369373321533,0.593063473701477,fist
0.7651011943817139,0.760725200176239,0.6854045391082764,0.7607924938201904,0.6070489287376404,0.7051270604133606,0.5919538736343384,0.6226552128791809,0.6337273120880127,0.5796375870704651,0.616683304309845,0.5816505551338196,0.5862825512886047,0.5337492227554321,0.6100850105285645,0.607151448726654,0.6268210411071777,0.6288511157035828,0.6590701341629028,0.5566304922103882,0.6280292272567749,0.5193446278572083,0.653586745262146,0.606296718120575,0.6701785922050476,0.6170349717140198,0.7046560049057007,0.5421193838119507,0.6746156811714172,0.5091792345046997,0.6957237124443054,0.5965250730514526,0.7110028862953186,0.609271764755249,0.7569118142127991,0.5356195569038391,0.7194740772247314,0.5094191431999207,0.7287309169769287,0.5752116441726685,0.7423079013824463,0.5926999449729919,fist
0.7702555656433105,0.7600467205047607,0.6890667676925659,0.7598645091056824,0.6096581220626831,0.7039758563041687,0.5984011292457581,0.6219713687896729,0.6453157067298889,0.5829209685325623,0.6219615936279297,0.5802910923957825,0.5943046808242798,0.5324054956436157,0.6156510710716248,0.6072710156440735,0.631420373916626,0.6331533789634705,0.665037989616394,0.5564855337142944,0.6359215378761292,0.5165507793426514,0.6586875915527344,0.6034218072891235,0.674606442451477,0.616940975189209,0.7109069228172302,0.543330192565918,0.682807445526123,0.5052950382232666,0.700864315032959,0.592722475528717,0.7151469588279724,0.6094875931739807,0.7628772258758545,0.5388249754905701,0.7279448509216309,0.505784809589386,0.7342414259910583,0.5722030997276306,0.7464526891708374,0.594344437122345,fist
0.7755845785140991,0.7543346881866455,0.6953344345092773,0.7565617561340332,0.6141693592071533,0.6975175738334656,0.6032357811927795,0.6132050156593323,0.6506907939910889,0.5765548944473267,0.6304531097412109,0.5737475156784058,0.6028994917869568,0.5297138094902039,0.6227850317955017,0.6043322682380676,0.638278603553772,0.6302334666252136,0.6729779839515686,0.5503591299057007,0.6431599259376526,0.5123211145401001,0.6641765236854553,0.5982005596160889,0.6800045371055603,0.6099176406860352,0.7182791233062744,0.5384914875030518,0.6899328827857971,0.5008034110069275,0.705978512763977,0.588314950466156,0.719513475894928,0.6041040420532227,0.7695454359054565,0.5349826812744141,0.7356916666030884,0.5025564432144165,0.7411701679229736,0.5706379413604736,0.7532938718795776,0.5930102467536926,fist
0.7794135808944702,0.7521914839744568,0.7006039619445801,0.7512049078941345,0.6224168539047241,0.6894891858100891,0.6136319041252136,0.6063403487205505,0.6628252267837524,0.5707299113273621,0.635542631149292,0.5690435171127319,0.6124556064605713,0.5233911871910095,0.6312804222106934,0.5988865494728088,0.6437113285064697,0.6229948401451111,0.6785134673118591,0.5452955365180969,0.652057945728302,0.5076196193695068,0.6710371971130371,0.594309389591217,0.6835398077964783,0.602812647819519,0.724094569683075,0.5338178277015686,0.6991016864776611,0.49831610918045044,0.7129800915718079,0.5856548547744751,0.723574697971344,0.5972359776496887,0.7759474515914917,0.5303014516830444,0.7447817325592041,0.501537561416626,0.7496315240859985,0.5672202706336975,0.7605874538421631,0.5836543440818787,fist
0.7842228412628174,0.7489148378372192,0.7060061693191528,0.7448296546936035,0.6297094225883484,0.6850332617759705,0.6205635666847229,0.6041272878646851,0.6693166494369507,0.5709241628646851,0.6449329257011414,0.5643594861030579,0.6203410625457764,0.5151951313018799,0.63868647813797,0.5877904295921326,0.6528809666633606,0.6196512579917908,0.687369167804718,0.5413762927055359,0.6604319214820862,0.5019823908805847,0.6797372102737427,0.585598349571228,0.6928496956825256,0.6006625890731812,0.7322945594787598,0.5304297208786011,0.7065797448158264,0.49209967255592346,0.7207173109054565,0.5770842432975769,0.7316449284553528,0.5946604609489441,0.7835326790809631,0.5286848545074463,0.7526952624320984,0.49503007531166077,0.7576918601989746,0.558487057685852,0.7683237195014954,0.578694760799408,fist
0.7911965847015381,0.7448362112045288,0.7105239033699036,0.7411841750144958,0.6332796812057495,0.6786705255508423,0.6261098384857178,0.5952804088592529,0.6759377717971802,0.5647130012512207,0.649413526058197,0.5628395080566406,0.623041033744812,0.5101180672645569,0.6424527168273926,0.5831946134567261,0.6591864228248596,0.6161090135574341,0.6919320225715637,0.5402534008026123,0.6646377444267273,0.4977811872959137,0.6857314705848694,0.5842142105102539,0.701185405254364,0.6013665795326233,0.7367332577705383,0.5290217399597168,0.7106443643569946,0.48668572306632996,0.726072371006012,0.574683427810669,0.7393084168434143,0.5953609347343445,0.7878634929656982,0.5268207788467407,0.7573676705360413,0.4898800849914551,0.76197350025177,0.5544211864471436,0.7735072374343872,0.5773000121116638,fist
0.7937745451927185,0.744399905204773,0.7120693922042847,0.7381790280342102,0.6363921761512756,0.6734100580215454,0.6280691027641296,0.589191198348999,0.6780682802200317,0.5609464645385742,0.6547187566757202,0.5582728981971741,0.6286076307296753,0.5047861337661743,0.647808313369751,0.5786980390548706,0.6637170910835266,0.6106516718864441,0.6973316073417664,0.5370988845825195,0.670460045337677,0.49364736676216125,0.6899709701538086,0.5811975002288818,0.7047515511512756,0.5967677235603333,0.7423951625823975,0.5269021987915039,0.7171357870101929,0.483730286359787,0.7307693362236023,0.5724238753318787,0.7438104748725891,0.5917122960090637,0.7936155200004578,0.525603711605072,0.7639955282211304,0.4853127896785736,0.7666580080986023,0.5499236583709717,0.777995765209198,0.5725474953651428,fist
0.7973628640174866,0.742722749710083,0.7145203948020935,0.7368562817573547,0.639826238155365,0.6725510358810425,0.6330605149269104,0.5874666571617126,0.6833354830741882,0.5594528913497925,0.6586291193962097,0.5562896132469177,0.6307583451271057,0.5018620491027832,0.6502798795700073,0.5785656571388245,0.6668665409088135,0.6082665920257568,0.7006700038909912,0.5358456969261169,0.6714804172515869,0.48927417397499084,0.6920652985572815,0.5798265933990479,0.7089347243309021,0.5940420031547546,0.7451103925704956,0.5258516073226929,0.7178556323051453,0.47943440079689026,0.7326870560646057,0.5712754726409912,0.7483484745025635,0.5903857350349426,0.7963338494300842,0.5240340828895569,0.7655556797981262,0.4838791489601135,0.7684632539749146,0.5498354434967041,0.7813975811004639,0.5723024606704712,fist
0.7980489134788513,0.7399476766586304,0.7160117626190186,0.7336575388908386,0.6410820484161377,0.6684723496437073,0.6329199075698853,0.5828341841697693,0.6816115379333496,0.5575091242790222,0.6605885028839111,0.5559410452842712,0.6331663727760315,0.49922412633895874,0.6527935862541199,0.573801577091217,0.6693527698516846,0.6058220267295837,0.7024058103561401,0.5359941124916077,0.6750444173812866,0.4883490800857544,0.6957749128341675,0.576931893825531,0.7117010354995728,0.5942896604537964,0.7465002536773682,0.5257720351219177,0.720240592956543,0.47702276706695557,0.7351497411727905,0.5681599378585815,0.7499743103981018,0.5911787152290344,0.7967352271080017,0.5243085026741028,0.7669840455055237,0.47925299406051636,0.7694477438926697,0.5452224016189575,0.7813766002655029,0.5718516707420349,fist
0.7964877486228943,0.7360969185829163,0.7146816849708557,0.7299053072929382,0.6423888206481934,0.6693901419639587,0.6346534490585327,0.5853347182273865,0.6805453896522522,0.551389753818512,0.6626420617103577,0.556030809879303,0.6343900561332703,0.4974011480808258,0.6532025337219238,0.5727773904800415,0.669452965259552,0.6043268442153931,0.7037554383277893,0.5368584990501404,0.6750778555870056,0.4866742789745331,0.6952478885650635,0.5758845806121826,0.7110295295715332,0.590877890586853,0.7466400265693665,0.5257585644721985,0.7192888259887695,0.47464245557785034,0.7348056435585022,0.5650917887687683,0.7503804564476013,0.5845039486885071,0.7958741188049316,0.52219158411026,0.7659015655517578,0.4758564829826355,0.769490122795105,0.5414919853210449,0.7827395796775818,0.5653296113014221,fist
0.7970150709152222,0.7353997230529785,0.7150720357894897,0.7297321557998657,0.6410470604896545,0.6638224720954895,0.6341689229011536,0.5790093541145325,0.6787822246551514,0.5480695366859436,0.6631758809089661,0.5537703633308411,0.6349927186965942,0.4956250488758087,0.6537981629371643,0.5697587132453918,0.6706570386886597,0.6023604869842529,0.704225480556488,0.5347311496734619,0.6757687926292419,0.48475390672683716,0.6960725784301758,0.5742878913879395,0.7123560309410095,0.5908333659172058,0.7469434142112732,0.5235905647277832,0.7191510796546936,0.47277724742889404,0.7348706722259521,0.5641375184059143,0.7510746717453003,0.5853065252304077,0.7959774732589722,0.5196183919906616,0.7659029960632324,0.47325384616851807,0.7692000269889832,0.5391622185707092,0.7825655937194824,0.5633834004402161,fist
0.7966164350509644,0.7327865958213806,0.7143794894218445,0.7273561358451843,0.6401531100273132,0.6620447635650635,0.6308056116104126,0.5772691369056702,0.674085795879364,0.5428539514541626,0.6629372835159302,0.554756760597229,0.6353674530982971,0.4950815439224243,0.6548243165016174,0.5710633397102356,0.6703546643257141,0.6004838943481445,0.7031551599502563,0.5351422429084778,0.6755297780036926,0.48325636982917786,0.6964249610900879,0.5731273293495178,0.7119965553283691,0.5871472358703613,0.7453522682189941,0.5227043628692627,0.7186111807823181,0.47057682275772095,0.7345637083053589,0.5610922574996948,0.7497392892837524,0.5794049501419067,0.7936761379241943,0.5169228315353394,0.7643395662307739,0.47098642587661743,0.7684457898139954,0.5368270874023438,0.7817655801773071,0.5598198175430298,fist
0.7937801480293274,0.7305830717086792,0.7130979895591736,0.7252012491226196,0.6398925185203552,0.6609175205230713,0.6295707821846008,0.5762325525283813,0.6716390252113342,0.5387156009674072,0.6618657112121582,0.5527763366699219,0.63393634557724,0.49214664101600647,0.6532648205757141,0.5668402314186096,0.6692663431167603,0.5978440642356873,0.7021428346633911,0.533697247505188,0.6743080615997314,0.48109307885169983,0.6944752931594849,0.5700643658638,0.7096417546272278,0.5850798487663269,0.7443446516990662,0.5215857625007629,0.7172550559043884,0.4695396423339844,0.7327155470848083,0.5594969391822815,0.747572124004364,0.5782856345176697,0.7926441431045532,0.5161381959915161,0.7633672952651978,0.46920064091682434,0.7669845223426819,0.5338792204856873,0.7800473570823669,0.5567000508308411,fist
0.7934831976890564,0.7290922403335571,0.7119309902191162,0.7244353294372559,0.6376652717590332,0.6593680381774902,0.6261997222900391,0.5742743015289307,0.6658921241760254,0.5346500277519226,0.6612809300422668,0.5507538914680481,0.6328083276748657,0.490200400352478,0.6526216268539429,0.5653221011161804,0.6684004068374634,0.5947381854057312,0.7014150023460388,0.5319724082946777,0.6729618906974792,0.48008161783218384,0.6941725611686707,0.5704042911529541,0.7094734907150269,0.5838337540626526,0.7432625889778137,0.5194517970085144,0.7154618501663208,0.4683420956134796,0.7320007681846619,0.5591952800750732,0.747164249420166,0.5764676928520203,0.7911919951438904,0.5129909515380859,0.7615588903427124,0.4682268500328064,0.7659332156181335,0.5337844491004944,0.7791520953178406,0.5552754402160645,fist
0.7916511297225952,0.7289769053459167,0.7100347280502319,0.7230932116508484,0.6364150643348694,0.6577069759368896,0.6252714395523071,0.5731291770935059,0.6619917750358582,0.5285031795501709,0.6606512069702148,0.5507135391235352,0.6327841877937317,0.48987048864364624,0.6511388421058655,0.5642216205596924,0.6665661931037903,0.5936146378517151,0.7002245783805847,0.5324506759643555,0.6723573207855225,0.4784468114376068,0.6924193501472473,0.5680461525917053,0.7077224850654602,0.582709014415741,0.7417354583740234,0.5200210213661194,0.7145461440086365,0.46725544333457947,0.7303546071052551,0.5576854348182678,0.7454003691673279,0.5767731070518494,0.7893972396850586,0.51369309425354,0.759806752204895,0.467038631439209,0.7640200853347778,0.5328698754310608,0.7773678302764893,0.5565489530563354,fist
0.7918304204940796,0.7270727753639221,0.710599422454834,0.7244081497192383,0.6354385018348694,0.6598138809204102,0.6225558519363403,0.5740659236907959,0.660808801651001,0.5324814915657043,0.6584018468856812,0.5504704117774963,0.6301735043525696,0.4891199767589569,0.6492393016815186,0.5630095601081848,0.6656413674354553,0.5933918356895447,0.6981847286224365,0.530962347984314,0.6706247925758362,0.4784620404243469,0.6916120052337646,0.56769198179245,0.7077847719192505,0.5827545523643494,0.7397786974906921,0.5180969834327698,0.7130568623542786,0.46741193532943726,0.729236900806427,0.5569020509719849,0.7444979548454285,0.5753049254417419,0.7877346277236938,0.511561393737793,0.7586801648139954,0.4664672315120697,0.763111412525177,0.5310110449790955,0.776482343673706,0.5532163977622986,fist
0.7899391055107117,0.7303356528282166,0.7079747319221497,0.7255635261535645,0.6329851746559143,0.6590762138366699,0.6246419548988342,0.5734307169914246,0.6671513319015503,0.5369552373886108,0.6561668515205383,0.5475389361381531,0.6282649636268616,0.48967278003692627,0.6471071243286133,0.5649522542953491,0.6633316278457642,0.5931642055511475,0.696233868598938,0.5287719368934631,0.6697972416877747,0.47957223653793335,0.6902709603309631,0.5703205466270447,0.7060420513153076,0.5816411972045898,0.7382221817970276,0.5169835686683655,0.7126643657684326,0.4688666760921478,0.7278205156326294,0.5601789951324463,0.7430547475814819,0.5758998394012451,0.7864553928375244,0.5113756060600281,0.7579890489578247,0.4671149253845215,0.7614297270774841,0.5333890914916992,0.7746081948280334,0.5550699234008789,fist
0.7907322645187378,0.7297677993774414,0.7082064747810364,0.7257997989654541,0.6332685947418213,0.6585600972175598,0.6267032623291016,0.5725031495094299,0.6692883372306824,0.5351070165634155,0.654960572719574,0.5478930473327637,0.6277613639831543,0.4892241060733795,0.6467767357826233,0.565166175365448,0.6626902222633362,0.5935045480728149,0.6956572532653809,0.5289329290390015,0.669583261013031,0.4790608286857605,0.6899027228355408,0.5704237222671509,0.7053951025009155,0.5824609398841858,0.7379369139671326,0.5170267224311829,0.7124421000480652,0.4685971438884735,0.7276613712310791,0.5601176023483276,0.7427213191986084,0.5759562849998474,0.7865689992904663,0.5111470222473145,0.7578853368759155,0.46738776564598083,0.7617804408073425,0.5339657068252563,0.7750937342643738,0.5555723309516907,fist
0.788565993309021,0.7311356067657471,0.7059699296951294,0.7262047529220581,0.6314130425453186,0.6595620512962341,0.6244716644287109,0.5731956958770752,0.6694698929786682,0.5392871499061584,0.6528505086898804,0.5495656728744507,0.626134991645813,0.4906657934188843,0.6459836363792419,0.5669440627098083,0.6612956523895264,0.5938794016838074,0.693710207939148,0.5296171307563782,0.668111264705658,0.4801086187362671,0.688713014125824,0.5709819793701172,0.7031373381614685,0.5811014771461487,0.7362551093101501,0.5171767473220825,0.7119197845458984,0.4693082273006439,0.7273198366165161,0.5600246787071228,0.7417495846748352,0.5742782354354858,0.785076916217804,0.5107986927032471,0.757541298866272,0.4674297273159027,0.761551558971405,0.5332909822463989,0.7743999361991882,0.5536350607872009,fist
0.7876685261726379,0.7328341007232666,0.7043333649635315,0.725305438041687,0.6315793395042419,0.6582772731781006,0.6257033944129944,0.5728328824043274,0.6688883304595947,0.5373373031616211,0.6530452370643616,0.5504087805747986,0.6281505823135376,0.4920008182525635,0.6464405059814453,0.56801438331604,0.6605771780014038,0.5945117473602295,0.6939383149147034,0.5308669209480286,0.6689496040344238,0.4802790880203247,0.6882243752479553,0.5709630846977234,0.7027342319488525,0.5813061594963074,0.7365631461143494,0.5187345743179321,0.7122151255607605,0.4688097834587097,0.726184070110321,0.5595521330833435,0.7405714392662048,0.574373185634613,0.7854390740394592,0.5127750635147095,0.758493959903717,0.46752452850341797,0.7610873579978943,0.5337084531784058,0.7735099196434021,0.5550958514213562,fist
0.7877088189125061,0.7304111123085022,0.7058608531951904,0.7259790301322937,0.6318833827972412,0.6588857173919678,0.6229518055915833,0.5719602108001709,0.6656470894813538,0.5338382720947266,0.6529456973075867,0.5500152111053467,0.6275631785392761,0.4896742105484009,0.6463720798492432,0.5670756697654724,0.6603172421455383,0.5941903591156006,0.6937597393989563,0.5302994251251221,0.6682450175285339,0.47899311780929565,0.6879703402519226,0.5701860785484314,0.7021877765655518,0.5808413624763489,0.7362972497940063,0.518036425113678,0.7113831639289856,0.4680017828941345,0.7261703014373779,0.5591510534286499,0.7404006719589233,0.573902428150177,0.7852643728256226,0.5120686292648315,0.7573193907737732,0.467557430267334,0.761058509349823,0.5342655181884766,0.7740221619606018,0.5557332038879395,fist
0.7875070571899414,0.7320212721824646,0.7058314085006714,0.7258309125900269,0.6317954659461975,0.6584936380386353,0.6244753003120422,0.5720110535621643,0.6695464849472046,0.5392410159111023,0.6522049903869629,0.5501164197921753,0.6280741095542908,0.49111080169677734,0.6468307971954346,0.5676096677780151,0.6601751446723938,0.5937049388885498,0.693148136138916,0.529730498790741,0.6688336730003357,0.47945845127105713,0.688533365726471,0.5699344873428345,0.7017658948898315,0.5796464085578918,0.7358964085578918,0.5172958374023438,0.7122482061386108,0.46840324997901917,0.7267373204231262,0.558666467666626,0.7398439645767212,0.572503387928009,0.7849003672599792,0.5113967657089233,0.758428692817688,0.4672304391860962,0.7617377042770386,0.5330117344856262,0.7736433148384094,0.5535882711410522,fist
0.7859487533569336,0.730697512626648,0.7050678730010986,0.7241330742835999,0.6318781971931458,0.6556119918823242,0.6249762773513794,0.5692499876022339,0.6690584421157837,0.5354697704315186,0.6527717709541321,0.5466040968894958,0.6265111565589905,0.4858907461166382,0.6458387970924377,0.5622515678405762,0.6605705618858337,0.5909307599067688,0.6937854886054993,0.5273827314376831,0.6681229472160339,0.4765881896018982,0.6881201267242432,0.5679266452789307,0.7020649313926697,0.5793110132217407,0.7365843057632446,0.515998125076294,0.7117924690246582,0.46666014194488525,0.7264617681503296,0.5583001971244812,0.740128219127655,0.5736975073814392,0.7856148481369019,0.5112801194190979,0.7580797076225281,0.4663132429122925,0.761538028717041,0.5328357815742493,0.7740668058395386,0.5542938113212585,fist
0.7869438529014587,0.7332088351249695,0.70524662733078,0.7260082960128784,0.6311752796173096,0.6568847894668579,0.6261439323425293,0.5697978734970093,0.6719326376914978,0.5381406545639038,0.6525239944458008,0.5470901131629944,0.6274774670600891,0.48714736104011536,0.64592045545578,0.5627627372741699,0.6602922677993774,0.5909289717674255,0.6934504508972168,0.5274642705917358,0.6689489483833313,0.477257639169693,0.6886530518531799,0.5679170489311218,0.7022008895874023,0.5786474347114563,0.7362844944000244,0.5157777667045593,0.7120978236198425,0.4661111533641815,0.7267401218414307,0.557217001914978,0.7404126524925232,0.5724551677703857,0.7854165434837341,0.5106798410415649,0.7580466866493225,0.4653909504413605,0.7611612677574158,0.5319548845291138,0.7733438611030579,0.5537984371185303,fist
0.785803496837616,0.7313116192817688,0.7039886116981506,0.7256134748458862,0.6308020949363708,0.6570308804512024,0.6255099773406982,0.5694595575332642,0.6695014834403992,0.5345960259437561,0.6517571210861206,0.5470293760299683,0.6257769465446472,0.48688840866088867,0.6442974805831909,0.5637364387512207,0.6590927839279175,0.5915809273719788,0.6928796172142029,0.5277454853057861,0.667596697807312,0.4756128787994385,0.6872313618659973,0.5677305459976196,0.7019102573394775,0.5803959965705872,0.7358810305595398,0.5162266492843628,0.7110090851783752,0.4646575152873993,0.7258431315422058,0.5573636889457703,0.7405094504356384,0.5746135115623474,0.7852135300636292,0.51129150390625,0.7570903897285461,0.46521294116973877,0.7606453895568848,0.5322704315185547,0.7735512256622314,0.5547292828559875,fist
0.7853552103042603,0.7316744327545166,0.703294575214386,0.725211501121521,0.6303508281707764,0.6590330004692078,0.6234197616577148,0.5722081661224365,0.6658608317375183,0.5350172519683838,0.6517144441604614,0.5480972528457642,0.6248266100883484,0.4879694879055023,0.6440272331237793,0.5640395879745483,0.658855140209198,0.591573178768158,0.6928607225418091,0.5287609100341797,0.6669425368309021,0.47705721855163574,0.6869969367980957,0.5684830546379089,0.7006050944328308,0.5798462629318237,0.7358418107032776,0.5167528986930847,0.7106427550315857,0.4647894501686096,0.7256325483322144,0.5568825006484985,0.7395216822624207,0.5730705857276917,0.7852075099945068,0.5112493634223938,0.7577167749404907,0.4646228551864624,0.7610856294631958,0.5316309928894043,0.7732976078987122,0.5540783405303955,fist
0.7860976457595825,0.7313651442527771,0.7031177878379822,0.7246685028076172,0.629853367805481,0.6571651101112366,0.6241927742958069,0.5697515606880188,0.6682813167572021,0.5349248647689819,0.6499082446098328,0.5482969880104065,0.624620258808136,0.4871225357055664,0.6433040499687195,0.5626822710037231,0.6574417352676392,0.5920447707176208,0.6914029121398926,0.5286203026771545,0.666745126247406,0.4765678346157074,0.6866794228553772,0.5673299431800842,0.6999355554580688,0.5808443427085876,0.7347109913825989,0.5162571668624878,0.7104556560516357,0.46452954411506653,0.7254254221916199,0.5559492707252502,0.7387848496437073,0.5742417573928833,0.7843977212905884,0.5106659531593323,0.757477343082428,0.464123010635376,0.7612175345420837,0.5308237671852112,0.7730438113212585,0.5543240308761597,fist
0.784698486328125,0.729302167892456,0.7010297775268555,0.7216659784317017,0.6298446655273438,0.6536564230918884,0.6217016577720642,0.5657888650894165,0.6594130396842957,0.5239861607551575,0.6519155502319336,0.546379566192627,0.6264525055885315,0.4846196174621582,0.6444073915481567,0.560650110244751,0.6581625938415527,0.5904277563095093,0.6931554079055786,0.5275745987892151,0.6673592329025269,0.4739423394203186,0.6864544749259949,0.5652503371238708,0.6997198462486267,0.578605055809021,0.7361288666725159,0.5154592394828796,0.7106339335441589,0.4619656801223755,0.7250471711158752,0.5541479587554932,0.7384077310562134,0.572306752204895,0.7851008176803589,0.5097001791000366,0.757901132106781,0.4616335332393646,0.7610033750534058,0.527965247631073,0.7728439569473267,0.5505315065383911,fist
0.7847806811332703,0.7305523157119751,0.7014988660812378,0.7229411005973816,0.6298892498016357,0.6541677713394165,0.6237759590148926,0.5666413307189941,0.664184033870697,0.527462899684906,0.6517515182495117,0.5473370552062988,0.6262965798377991,0.4857157766819,0.6442882418632507,0.5620724558830261,0.6581829786300659,0.5901844501495361,0.6928239464759827,0.5280377864837646,0.6672505140304565,0.47466394305229187,0.6861792206764221,0.565954864025116,0.6998204588890076,0.5781720280647278,0.7357196807861328,0.5158706307411194,0.7104952335357666,0.4624648094177246,0.7249452471733093,0.5542042851448059,0.7390288710594177,0.5711076855659485,0.7850228548049927,0.5099213123321533,0.7576026320457458,0.4625588655471802,0.7606094479560852,0.5286183953285217,0.7729421257972717,0.5505311489105225,fist
0.7827863097190857,0.7284535765647888,0.7006320953369141,0.7216528654098511,0.6284139752388,0.6524680852890015,0.6208217740058899,0.5641930103302002,0.6626222729682922,0.5256522297859192,0.6511245965957642,0.5458560585975647,0.6250078082084656,0.48242881894111633,0.6434823870658875,0.5600106716156006,0.6580824851989746,0.5895598530769348,0.6924565434455872,0.52721107006073,0.6666828989982605,0.47201889753341675,0.6861167550086975,0.5648361444473267,0.7005828619003296,0.5785903334617615,0.735507071018219,0.5154619216918945,0.7100997567176819,0.46057018637657166,0.7249049544334412,0.5540671944618225,0.7395208477973938,0.5729309916496277,0.7847211956977844,0.5103121995925903,0.7571218609809875,0.46035879850387573,0.7605622410774231,0.5275254845619202,0.7735186815261841,0.5514702796936035,fist
0.7814925909042358,0.7315835356712341,0.6990805864334106,0.7241406440734863,0.6275574564933777,0.6535655856132507,0.6240819692611694,0.5659700632095337,0.6682377457618713,0.5337601900100708,0.6476395130157471,0.5479254126548767,0.6229100823402405,0.485698401927948,0.6417242288589478,0.5615635514259338,0.6564614772796631,0.5904409289360046,0.6893523335456848,0.5289258360862732,0.6656287908554077,0.4742501974105835,0.6851209402084351,0.5650879144668579,0.698760449886322,0.5799126029014587,0.7330325841903687,0.517097532749176,0.709606945514679,0.46350181102752686,0.7244834899902344,0.5542647242546082,0.7381466627120972,0.573444664478302,0.7830322980880737,0.5118225812911987,0.7566773891448975,0.46343424916267395,0.7602238059043884,0.528886079788208,0.7722361087799072,0.5526406764984131,fist
0.7820215225219727,0.7332330942153931,0.6977905631065369,0.7234121561050415,0.6267773509025574,0.6522478461265564,0.6237725615501404,0.5647416710853577,0.6685185432434082,0.5331152677536011,0.6478436589241028,0.5478190779685974,0.6225531101226807,0.4864124655723572,0.6403546929359436,0.5631312131881714,0.6545806527137756,0.5914431214332581,0.6893644332885742,0.528588056564331,0.66480553150177,0.47495266795158386,0.6834387183189392,0.5664116144180298,0.6974193453788757,0.5799961686134338,0.7329318523406982,0.5169153809547424,0.7087978720664978,0.46421757340431213,0.7229020595550537,0.5552511811256409,0.7371687889099121,0.5736395120620728,0.7829208374023438,0.5120729207992554,0.7560979127883911,0.4631088972091675,0.7591953873634338,0.5282318592071533,0.7718749642372131,0.5515714287757874,fist
0.7826162576675415,0.7328578233718872,0.6982591152191162,0.7232234477996826,0.626799464225769,0.6531152129173279,0.6224711537361145,0.5655776858329773,0.6664722561836243,0.5323360562324524,0.6472665667533875,0.5472715497016907,0.6221489310264587,0.48671287298202515,0.6407706141471863,0.5631541609764099,0.6548368334770203,0.5911823511123657,0.6889023780822754,0.5274113416671753,0.6644337773323059,0.4752304255962372,0.6836978197097778,0.5666732788085938,0.6971462965011597,0.5800625085830688,0.7325554490089417,0.5154147148132324,0.7085791826248169,0.4645884037017822,0.7232781052589417,0.5557375550270081,0.7369976043701172,0.5734527707099915,0.7824737429618835,0.5104308128356934,0.7556178569793701,0.4636531174182892,0.759188175201416,0.5290780663490295,0.7715097069740295,0.5514154434204102,fist
0.7839078903198242,0.7306711673736572,0.6992330551147461,0.7223718166351318,0.6277561187744141,0.6537166833877563,0.6213892698287964,0.5658195614814758,0.662507176399231,0.5272358655929565,0.6484636664390564,0.546667218208313,0.622826099395752,0.48515304923057556,0.6412590742111206,0.5616446137428284,0.6553999185562134,0.5899763703346252,0.6900190711021423,0.5273746848106384,0.665012001991272,0.47433367371559143,0.6843153238296509,0.566556990146637,0.697932243347168,0.5797906517982483,0.733349621295929,0.5151928663253784,0.7088660597801208,0.46301618218421936,0.7234968543052673,0.5554950833320618,0.7375091910362244,0.5737749934196472,0.7829023003578186,0.5094783902168274,0.7558234930038452,0.4617905020713806,0.7592864036560059,0.5281534790992737,0.7717440128326416,0.5511285066604614,fist
0.7836538553237915,0.7309391498565674,0.7000722885131836,0.7212340831756592,0.6285276412963867,0.6530582308769226,0.6189900040626526,0.56600022315979,0.6588575839996338,0.5264586806297302,0.6496731042861938,0.5455765724182129,0.6232424378395081,0.48495447635650635,0.6426206231117249,0.560194194316864,0.6571909189224243,0.5881530046463013,0.690791130065918,0.5263209342956543,0.6654330492019653,0.47557398676872253,0.6858172416687012,0.5665509104728699,0.6993522644042969,0.5789538025856018,0.7340834140777588,0.5141392350196838,0.70899897813797,0.46428078413009644,0.7242763042449951,0.5555477142333984,0.7378585934638977,0.5727987289428711,0.783501148223877,0.508761465549469,0.755542516708374,0.46266689896583557,0.7593489289283752,0.5287476181983948,0.7716943621635437,0.551432728767395,fist
0.7840522527694702,0.7309668660163879,0.7001636028289795,0.7220852971076965,0.6289922595024109,0.6534631848335266,0.6238819360733032,0.5661199688911438,0.6655645370483398,0.5274910926818848,0.6491952538490295,0.5473529100418091,0.623943030834198,0.48636341094970703,0.6429504752159119,0.5622799396514893,0.6569494605064392,0.5893330574035645,0.6902723908424377,0.5278018116950989,0.6662808060646057,0.4750525951385498,0.6858627796173096,0.5666264295578003,0.6987360119819641,0.5788301825523376,0.7335753440856934,0.5152750015258789,0.7096648216247559,0.46220076084136963,0.7246633768081665,0.5542418360710144,0.7381526827812195,0.5717114210128784,0.7831041216850281,0.5094350576400757,0.7561888694763184,0.46180999279022217,0.7597170472145081,0.5289818644523621,0.7717053890228271,0.5524294376373291,fist
0.7834303379058838,0.729205310344696,0.6996912956237793,0.7199752330780029,0.6291382312774658,0.651901364326477,0.6221757531166077,0.5647882223129272,0.661339282989502,0.5242026448249817,0.6493688821792603,0.5464242100715637,0.6249274015426636,0.4851455092430115,0.6441113352775574,0.5606549382209778,0.6578136682510376,0.5890742540359497,0.6907206177711487,0.5269612073898315,0.6663665175437927,0.4739063084125519,0.6864050030708313,0.5652955770492554,0.6994810104370117,0.578976035118103,0.7341208457946777,0.514363169670105,0.7095382809638977,0.4619380533695221,0.7249287962913513,0.5538003444671631,0.7385456562042236,0.5723899602890015,0.7835817933082581,0.5086801052093506,0.7564273476600647,0.46146196126937866,0.7603623867034912,0.527711808681488,0.7725392580032349,0.550854504108429,fist
0.7839236855506897,0.7265733480453491,0.6994147896766663,0.7171391248703003,0.6290575265884399,0.649672269821167,0.6225466132164001,0.562293291091919,0.6642031073570251,0.5225257277488708,0.6501314640045166,0.5474777817726135,0.6248074173927307,0.4833231270313263,0.6436861753463745,0.5598179697990417,0.6578346490859985,0.5890094041824341,0.6919379830360413,0.5285926461219788,0.66657555103302,0.4719238877296448,0.6862067580223083,0.563965916633606,0.7005314230918884,0.57907634973526,0.7353747487068176,0.5162403583526611,0.7101591229438782,0.4595995843410492,0.7250915169715881,0.5524082183837891,0.7400082349777222,0.5732668042182922,0.7851086258888245,0.5107324719429016,0.7573866248130798,0.4605270326137543,0.7606051564216614,0.5267528295516968,0.7733709216117859,0.5515549778938293,fist
0.7841976284980774,0.7275887131690979,0.6996882557868958,0.7179555892944336,0.6290466785430908,0.6503584384918213,0.6226941347122192,0.5632216334342957,0.6650910377502441,0.5256754755973816,0.6503242254257202,0.5461441278457642,0.6250264644622803,0.48431095480918884,0.6436389088630676,0.5602635145187378,0.6573686599731445,0.5874335169792175,0.691831111907959,0.5271183848381042,0.6665486097335815,0.47256994247436523,0.6859158277511597,0.5639416575431824,0.6996685862541199,0.5773890018463135,0.7352365255355835,0.515252411365509,0.7102200984954834,0.4600854814052582,0.724873423576355,0.5524715185165405,0.7393181324005127,0.5719209909439087,0.7850213646888733,0.5102582573890686,0.7573859691619873,0.46131432056427,0.7603562474250793,0.5274597406387329,0.772797167301178,0.5513625144958496,fist
0.7834805250167847,0.7254310846328735,0.6988162994384766,0.7163691520690918,0.6286505460739136,0.6480803489685059,0.6236705780029297,0.5606134533882141,0.664865255355835,0.5219727754592896,0.6499519348144531,0.545734167098999,0.6253188252449036,0.4828066825866699,0.644363284111023,0.5593926310539246,0.6580687165260315,0.5882220268249512,0.6917703151702881,0.5270810127258301,0.6671139001846313,0.47230765223503113,0.6865125894546509,0.5640895962715149,0.6997002959251404,0.5781983733177185,0.7350265383720398,0.5145933032035828,0.7103298306465149,0.4591131806373596,0.7249026894569397,0.5516238808631897,0.7387147545814514,0.5711078643798828,0.7842271327972412,0.5085515975952148,0.7576053142547607,0.45981624722480774,0.7606801390647888,0.526215672492981,0.7725697159767151,0.5498359203338623,fist
0.7824301719665527,0.7259054183959961,0.6981800198554993,0.7158882021903992,0.627812385559082,0.6463717818260193,0.623938262462616,0.558562695980072,0.667040228843689,0.5230751633644104,0.6504034996032715,0.5459635257720947,0.6254957914352417,0.48313209414482117,0.643883228302002,0.5590778589248657,0.6578854322433472,0.5879724621772766,0.6918403506278992,0.5269899368286133,0.6668626070022583,0.4716946482658386,0.6857761740684509,0.562636137008667,0.6993345618247986,0.5772879123687744,0.734976053237915,0.5148440003395081,0.7103793621063232,0.4579097628593445,0.7242955565452576,0.5499545931816101,0.7382296919822693,0.5703057646751404,0.7843001484870911,0.5092421174049377,0.7579132318496704,0.46059054136276245,0.7603520154953003,0.5267031788825989,0.7719990015029907,0.5506748557090759,fist
0.7821810245513916,0.72712242603302,0.6990478038787842,0.7174495458602905,0.6287055015563965,0.6474555730819702,0.6256197690963745,0.5595493912696838,0.6689925193786621,0.5251376628875732,0.6495288610458374,0.5449302792549133,0.6248972415924072,0.4836512804031372,0.6437461376190186,0.5593684911727905,0.6576811075210571,0.5878133773803711,0.690954864025116,0.5258082747459412,0.6663563251495361,0.4713726043701172,0.6856833696365356,0.5624967217445374,0.6988962888717651,0.5770360231399536,0.7342833876609802,0.5138137340545654,0.7101941108703613,0.45865046977996826,0.7246361374855042,0.5508931279182434,0.738418698310852,0.5708953142166138,0.7839677929878235,0.5084053874015808,0.7576730847358704,0.46065646409988403,0.760810136795044,0.5266639590263367,0.7726134657859802,0.5499840974807739,fist
0.7830377221107483,0.7266430854797363,0.6992788314819336,0.7170666456222534,0.6292203068733215,0.648426353931427,0.6243551969528198,0.5612286925315857,0.6663926839828491,0.5248569250106812,0.6492254137992859,0.545782208442688,0.6247832775115967,0.4838627576828003,0.64431232213974,0.559139609336853,0.6579963564872742,0.5875474214553833,0.6904715299606323,0.5261958241462708,0.6665610074996948,0.4719354808330536,0.686670184135437,0.5624001622200012,0.6993960738182068,0.5770319700241089,0.7336699366569519,0.5135422945022583,0.7100998759269714,0.45962515473365784,0.72532057762146,0.5506953001022339,0.738610029220581,0.5704818964004517,0.7830873131752014,0.5076166987419128,0.7574065923690796,0.4600137770175934,0.7610635161399841,0.5252626538276672,0.772559404373169,0.5483858585357666,fist
0.7821812033653259,0.7265317440032959,0.6990217566490173,0.7173668146133423,0.6292741894721985,0.6473143100738525,0.6251317858695984,0.5596027970314026,0.666944146156311,0.5243536233901978,0.6496067047119141,0.5444127917289734,0.6250256299972534,0.4814911186695099,0.6440985798835754,0.5569206476211548,0.6582534313201904,0.5869181752204895,0.6908745169639587,0.5256491899490356,0.6666948199272156,0.4710569977760315,0.6864278316497803,0.5623295307159424,0.6994021534919739,0.5781192779541016,0.7340534925460815,0.5136997699737549,0.7101187705993652,0.4585520625114441,0.7250288724899292,0.5505706667900085,0.7384719848632812,0.5716701149940491,0.7833043336868286,0.508347749710083,0.7575822472572327,0.45932668447494507,0.7609249949455261,0.5248284339904785,0.7724421620368958,0.548766553401947,fist
0.7829031348228455,0.7276514172554016,0.6988699436187744,0.7176672220230103,0.6286678910255432,0.6486385464668274,0.6235079765319824,0.5606299042701721,0.6654326319694519,0.5227436423301697,0.649250328540802,0.5461496114730835,0.6252527236938477,0.48367735743522644,0.6443319320678711,0.5593087077140808,0.6575223207473755,0.5870230793952942,0.6904013752937317,0.5266050696372986,0.6671415567398071,0.4720986485481262,0.6868793368339539,0.5624778866767883,0.6990371942520142,0.5766022801399231,0.7336431741714478,0.5140345692634583,0.7103644013404846,0.45981889963150024,0.7256413698196411,0.5504830479621887,0.7384354472160339,0.5694119334220886,0.7832896113395691,0.5080897212028503,0.7574847936630249,0.45993396639823914,0.761494517326355,0.5250079035758972,0.7731245756149292,0.5478472709655762,fist
0.7829880714416504,0.7250679731369019,0.6995748281478882,0.7173305749893188,0.6287056803703308,0.6479416489601135,0.6227221488952637,0.559589147567749,0.6641563773155212,0.521750271320343,0.6481732726097107,0.54521244764328,0.6242959499359131,0.481789231300354,0.6437347531318665,0.5582360625267029,0.6569480299949646,0.5870599746704102,0.6898509860038757,0.5262917876243591,0.6664398312568665,0.47051116824150085,0.6862735152244568,0.562114417552948,0.6983989477157593,0.5772568583488464,0.7332347631454468,0.513769805431366,0.7099168300628662,0.45841091871261597,0.7250108122825623,0.5502673387527466,0.7378467321395874,0.5704537630081177,0.7825933694839478,0.5075948238372803,0.7570345401763916,0.45912522077560425,0.7608581185340881,0.5244677066802979,0.7722684741020203,0.5478997230529785,fist
0.7822774648666382,0.7245094180107117,0.6982250809669495,0.7160233855247498,0.6276507377624512,0.6461111307144165,0.6226575970649719,0.5576883554458618,0.6646324992179871,0.5212438702583313,0.6478703022003174,0.5437633991241455,0.6241078972816467,0.48230892419815063,0.6436843872070312,0.5581768155097961,0.6567094326019287,0.5857647657394409,0.6892240047454834,0.5234547257423401,0.6653828024864197,0.470464289188385,0.6853898763656616,0.5615062713623047,0.6972728967666626,0.5748440623283386,0.7326787710189819,0.5109000205993652,0.7091338038444519,0.4572488069534302,0.7241129279136658,0.5490691065788269,0.7362053394317627,0.5670099854469299,0.7821796536445618,0.5050598382949829,0.7571625709533691,0.46048322319984436,0.7604233026504517,0.526178240776062,0.7709643840789795,0.5472379922866821,fist
0.7827858924865723,0.7249999046325684,0.6989143490791321,0.7174197435379028,0.6276397705078125,0.647481381893158,0.6238620281219482,0.5593427419662476,0.6669044494628906,0.5234102010726929,0.6477720141410828,0.5441145300865173,0.6240504384040833,0.4829489588737488,0.6429136991500854,0.5592939853668213,0.6556174159049988,0.5863287448883057,0.6891021132469177,0.5241832137107849,0.6651323437690735,0.4703438878059387,0.6844725608825684,0.5616071224212646,0.6968199610710144,0.5749101638793945,0.7324196696281433,0.5117647051811218,0.70857834815979,0.4567229151725769,0.7233542799949646,0.5489530563354492,0.7366083264350891,0.5674698352813721,0.7820444703102112,0.5058647990226746,0.7559447288513184,0.4598196744918823,0.7593429088592529,0.5262185335159302,0.7708849906921387,0.5482672452926636,fist
0.782528281211853,0.7244759798049927,0.6985397934913635,0.7168102860450745,0.6275448203086853,0.6469229459762573,0.6229079365730286,0.5587238073348999,0.6648274660110474,0.5213561654090881,0.6483439803123474,0.5436962842941284,0.6242146492004395,0.48176658153533936,0.6430695652961731,0.558097779750824,0.656279444694519,0.5864364504814148,0.6896741390228271,0.524086594581604,0.665412425994873,0.4699212610721588,0.6845895648002625,0.5612414479255676,0.697101891040802,0.5751705169677734,0.7328993082046509,0.5117111206054688,0.708713173866272,0.45635855197906494,0.7232273817062378,0.5488060116767883,0.7364531755447388,0.5678858160972595,0.7822786569595337,0.5057952404022217,0.7562041878700256,0.45929914712905884,0.7593764662742615,0.5258305668830872,0.7708509564399719,0.5480774641036987,fist
0.7827692031860352,0.7247180938720703,0.6989700794219971,0.7179553508758545,0.6278892159461975,0.6483102440834045,0.6241331100463867,0.5600807070732117,0.6666837930679321,0.5222839713096619,0.6471391916275024,0.5452113747596741,0.6225911378860474,0.48291632533073425,0.6425704956054688,0.5594837665557861,0.6557223796844482,0.5862425565719604,0.6885430812835693,0.5252745151519775,0.6647278070449829,0.4709070920944214,0.6847128868103027,0.5626698136329651,0.6966630816459656,0.5756583213806152,0.7318845391273499,0.5125097036361694,0.7082170844078064,0.45730605721473694,0.7235180139541626,0.549740731716156,0.7364795207977295,0.5676236748695374,0.7814621329307556,0.5058618187904358,0.7554655075073242,0.46006250381469727,0.7593516707420349,0.5267279744148254,0.7708022594451904,0.5486316084861755,fist
0.7820598483085632,0.7259886264801025,0.6991063356399536,0.7188576459884644,0.6281970739364624,0.6503812670707703,0.6215789914131165,0.5622838735580444,0.6616968512535095,0.5199720859527588,0.6470323204994202,0.546248733997345,0.6225351095199585,0.48454171419143677,0.642604649066925,0.5602706670761108,0.6558843851089478,0.5867639780044556,0.6883271336555481,0.5257350206375122,0.6643792390823364,0.47184431552886963,0.6847331523895264,0.5627915859222412,0.6966509222984314,0.5754072666168213,0.7317823767662048,0.5127576589584351,0.7080172896385193,0.4588346779346466,0.7237904667854309,0.5502235293388367,0.7365273237228394,0.567611038684845,0.7816077470779419,0.5060160160064697,0.7556115388870239,0.460567831993103,0.759757936000824,0.5263478755950928,0.7710839509963989,0.5475740432739258,fist
0.7815528512001038,0.726502537727356,0.6992764472961426,0.7177848219871521,0.6293580532073975,0.6494580507278442,0.6250798106193542,0.5631086826324463,0.667625904083252,0.5249038934707642,0.6469970345497131,0.5442740321159363,0.6220839023590088,0.4833310544490814,0.6418986916542053,0.5590713024139404,0.6558838486671448,0.5866780877113342,0.6880587339401245,0.5241879224777222,0.6639578938484192,0.47088032960891724,0.6839901208877563,0.5622822642326355,0.6968721151351929,0.5760121941566467,0.7314368486404419,0.5118817687034607,0.7079124450683594,0.45941677689552307,0.7232208251953125,0.5509392619132996,0.7367520928382874,0.5693236589431763,0.7811760902404785,0.5063906311988831,0.7550461292266846,0.4602486789226532,0.7588435411453247,0.5256032943725586,0.7706454396247864,0.5475781559944153,fist
0.7803503274917603,0.7238402366638184,0.6975111365318298,0.7148463129997253,0.6283550262451172,0.6472265124320984,0.622938871383667,0.5601906776428223,0.662168025970459,0.5168247222900391,0.6479889750480652,0.5446590185165405,0.6225841641426086,0.4815574288368225,0.642342746257782,0.5569833517074585,0.6557091474533081,0.584990918636322,0.6890292167663574,0.525235116481781,0.6644814610481262,0.47014161944389343,0.684033215045929,0.5613646507263184,0.6958611607551575,0.5750929713249207,0.7319419980049133,0.512211799621582,0.7078772783279419,0.45727837085723877,0.7226504683494568,0.5494576096534729,0.7353681921958923,0.5683603882789612,0.7807801365852356,0.5055244565010071,0.7548882365226746,0.45837101340293884,0.7583077549934387,0.5249186754226685,0.7695643901824951,0.5482093691825867,fist
0.7810191512107849,0.7230904698371887,0.6977621912956238,0.7150629162788391,0.6270727515220642,0.6476841568946838,0.6228668689727783,0.55995774269104,0.6653106212615967,0.5204039216041565,0.6475160121917725,0.5444667935371399,0.6217185258865356,0.48115605115890503,0.641523003578186,0.5572594404220581,0.6552377939224243,0.585777223110199,0.6891197562217712,0.5249581933021545,0.6637806296348572,0.4697783589363098,0.6836329698562622,0.5606662631034851,0.6960839629173279,0.574508011341095,0.7323511838912964,0.5122072100639343,0.7076155543327332,0.45628440380096436,0.7228285670280457,0.5478931665420532,0.7362591624259949,0.5668795108795166,0.7817753553390503,0.5055553913116455,0.7554355263710022,0.4578578472137451,0.7591878175735474,0.5232300162315369,0.7710673213005066,0.5457466244697571,fist
0.7805995941162109,0.7267100811004639,0.697708249092102,0.719194233417511,0.6272985935211182,0.6494747400283813,0.6235321164131165,0.5602027177810669,0.6653448343276978,0.521571695804596,0.645416796207428,0.5455466508865356,0.6213608980178833,0.4844795763492584,0.641268789768219,0.559642493724823,0.653971791267395,0.5859661102294922,0.6866399645805359,0.5251530408859253,0.6637998819351196,0.4718024730682373,0.6839657425880432,0.5621678233146667,0.6949564814567566,0.5751734375953674,0.7300691604614258,0.5122705101966858,0.7074670195579529,0.4586937427520752,0.7232105731964111,0.5496300458908081,0.7351686954498291,0.5675503611564636,0.7798370122909546,0.5057327151298523,0.7547096014022827,0.4600837528705597,0.7591267824172974,0.525743842124939,0.7699078321456909,0.5477455258369446,fist
0.7802523374557495,0.7255330085754395,0.6977490782737732,0.7166067957878113,0.6286128759384155,0.6478956937789917,0.623446524143219,0.5613052845001221,0.6620428562164307,0.5198922157287598,0.6456805467605591,0.5452876687049866,0.6209248900413513,0.4838183522224426,0.6415638327598572,0.5587005615234375,0.6550666689872742,0.5865203142166138,0.68669593334198,0.5248175859451294,0.663443386554718,0.47158658504486084,0.6838695406913757,0.5617620944976807,0.6953068971633911,0.5763468146324158,0.7302528619766235,0.5118252635002136,0.7073198556900024,0.45886000990867615,0.7230225205421448,0.549705445766449,0.73492032289505,0.5693000555038452,0.7798219919204712,0.5057486891746521,0.7545759081840515,0.45995110273361206,0.7588385343551636,0.5254160165786743,0.7692597508430481,0.5484386682510376,fist
0.7805659770965576,0.7247366309165955,0.69795161485672,0.7163945436477661,0.6278775334358215,0.6473428010940552,0.6241874098777771,0.5598371624946594,0.667378306388855,0.5222994685173035,0.646191418170929,0.5457013845443726,0.6209108829498291,0.48369672894477844,0.6412119269371033,0.55975341796875,0.6545636653900146,0.5867306590080261,0.6873030662536621,0.5250601172447205,0.6632325053215027,0.4709339141845703,0.6836054921150208,0.5621519088745117,0.695563554763794,0.5751084685325623,0.7307812571525574,0.5120340585708618,0.7071004509925842,0.4575158357620239,0.722838819026947,0.5491552352905273,0.7357366681098938,0.5671465992927551,0.7805189490318298,0.505605936050415,0.7548317909240723,0.45935460925102234,0.7588390707969666,0.5248398780822754,0.7701464295387268,0.5467173457145691,fist
0.7803335785865784,0.7260389924049377,0.6973427534103394,0.7170138955116272,0.627298891544342,0.6471474766731262,0.6241997480392456,0.5599713921546936,0.6680567264556885,0.5249841213226318,0.6464617848396301,0.5448481440544128,0.6214392781257629,0.48396211862564087,0.6412540674209595,0.5595758557319641,0.6544480323791504,0.5862607955932617,0.6872914433479309,0.5241448283195496,0.6634003520011902,0.4713614881038666,0.6833310723304749,0.5621284246444702,0.6951169967651367,0.5744931101799011,0.7306559681892395,0.51133131980896,0.7071654796600342,0.45759516954421997,0.7226148843765259,0.5491729974746704,0.7354660630226135,0.566893458366394,0.7803630232810974,0.5053715109825134,0.754849374294281,0.45987412333488464,0.7585243582725525,0.5254088044166565,0.7696730494499207,0.547046422958374,fist
0.7809203863143921,0.7247685194015503,0.6981344819068909,0.7187824845314026,0.6271347999572754,0.6514044404029846,0.6228062510490417,0.5634158849716187,0.6655791401863098,0.5240522027015686,0.645294725894928,0.5471480488777161,0.6206745505332947,0.4848371744155884,0.6411729454994202,0.5605735778808594,0.6540388464927673,0.5881718397140503,0.6865134239196777,0.526218056678772,0.6627081036567688,0.471750944852829,0.6836895942687988,0.5620434880256653,0.6949234008789062,0.576052725315094,0.7299665212631226,0.5124539732933044,0.7059848308563232,0.45782434940338135,0.7228351831436157,0.5490946173667908,0.7353083491325378,0.568085253238678,0.7798157930374146,0.5053659081459045,0.7537210583686829,0.4602120816707611,0.7587750554084778,0.5261921882629395,0.7698312401771545,0.5486420392990112,fist
0.7807313203811646,0.7259352803230286,0.6980115175247192,0.7183694839477539,0.6266632676124573,0.6504386067390442,0.6214665174484253,0.5625358819961548,0.6646552085876465,0.5245001316070557,0.6449668407440186,0.5451405048370361,0.6203994154930115,0.4849082827568054,0.6404941082000732,0.5602723360061646,0.6542704105377197,0.5875182747840881,0.6864895820617676,0.5242340564727783,0.6622917652130127,0.4704131484031677,0.6825959086418152,0.5612867474555969,0.695185661315918,0.5748378038406372,0.7303563356399536,0.5115997791290283,0.7069527506828308,0.45699095726013184,0.7220954895019531,0.5493425130844116,0.7350531816482544,0.5684781670570374,0.7807298898696899,0.5060380101203918,0.7551689743995667,0.46028387546539307,0.7584152817726135,0.5268034338951111,0.76927649974823,0.5496410131454468,fist
0.7807292938232422,0.7266564965248108,0.6982678771018982,0.719232976436615,0.6275506019592285,0.6505829095840454,0.6234098672866821,0.56275475025177,0.6671109199523926,0.5256683230400085,0.6439839005470276,0.5457220077514648,0.6197669506072998,0.4848872125148773,0.6403321027755737,0.5615614056587219,0.6532036066055298,0.5878217816352844,0.6859277486801147,0.5250261425971985,0.6623151898384094,0.4713701009750366,0.6826905608177185,0.5632592439651489,0.6942561268806458,0.5757235288619995,0.729952871799469,0.5122911930084229,0.7068703770637512,0.45878592133522034,0.7224602103233337,0.5514274835586548,0.7351692914962769,0.5692474246025085,0.7802723050117493,0.5061758756637573,0.7546921968460083,0.46091383695602417,0.7585234045982361,0.5274243950843811,0.7693650126457214,0.5495424866676331,fist
0.7799838185310364,0.7271783351898193,0.6973530054092407,0.7182186841964722,0.6273211240768433,0.6480963230133057,0.6235451102256775,0.560783326625824,0.6675989031791687,0.5258676409721375,0.6438421607017517,0.5448687672615051,0.6200071573257446,0.4854402244091034,0.6405907869338989,0.5615641474723816,0.653765082359314,0.5874377489089966,0.685314953327179,0.5239127278327942,0.6621955633163452,0.47131460905075073,0.6826842427253723,0.5628017783164978,0.6947042346000671,0.5755272507667542,0.7293917536735535,0.5113258361816406,0.7066959738731384,0.4593023657798767,0.7222483158111572,0.5516103506088257,0.7350650429725647,0.5694567561149597,0.7797949314117432,0.505786120891571,0.7542970776557922,0.461243212223053,0.7579131126403809,0.5272586941719055,0.7688100337982178,0.5490557551383972,fist
0.7792814373970032,0.7245236039161682,0.6976913213729858,0.7156365513801575,0.6273531913757324,0.6474605202674866,0.6211042404174805,0.5602502226829529,0.6641196608543396,0.5197708010673523,0.6455947160720825,0.5437585115432739,0.6205281615257263,0.48176050186157227,0.6409723162651062,0.5581731200218201,0.6542317867279053,0.5853583812713623,0.6868906617164612,0.5237466096878052,0.6628048419952393,0.46952182054519653,0.6828957200050354,0.5610616207122803,0.6948049664497375,0.5743363499641418,0.730400562286377,0.5111703276634216,0.7066924571990967,0.4563559889793396,0.7218922972679138,0.5491898655891418,0.7345601916313171,0.5683495998382568,0.7799994945526123,0.5053750276565552,0.754075288772583,0.4595980942249298,0.7574084997177124,0.5261744856834412,0.768048107624054,0.5490608811378479,fist
0.7791083455085754,0.7259768843650818,0.6963375210762024,0.7168264985084534,0.6261922717094421,0.6469649076461792,0.621450662612915,0.5587243437767029,0.6643232703208923,0.5219485759735107,0.6451727747917175,0.5432607531547546,0.6203563213348389,0.48319530487060547,0.6407843828201294,0.5588774681091309,0.6540895104408264,0.5850005745887756,0.6862937808036804,0.5231211185455322,0.6626489758491516,0.47049790620803833,0.6831355094909668,0.5616345405578613,0.694737434387207,0.5741523504257202,0.7299655079841614,0.5104480981826782,0.7063482403755188,0.4564804136753082,0.7222861051559448,0.5487675070762634,0.7350860834121704,0.5668184161186218,0.7798544764518738,0.5046878457069397,0.7540327906608582,0.45910412073135376,0.7581709027290344,0.5255017876625061,0.7693655490875244,0.5474829077720642,fist
0.7801440954208374,0.7283231019973755,0.6972503662109375,0.7212080359458923,0.6267383098602295,0.6502834558486938,0.6232804656028748,0.560449481010437,0.6668522953987122,0.5246934294700623,0.6433380246162415,0.5464649796485901,0.6197723150253296,0.48533856868743896,0.6405850052833557,0.5615628957748413,0.6529227495193481,0.5874426960945129,0.6848540306091309,0.5257931351661682,0.6623013019561768,0.47141069173812866,0.6828320026397705,0.5626473426818848,0.693332850933075,0.5757352709770203,0.7287680506706238,0.512935221195221,0.7066193222999573,0.4580501317977905,0.7226887941360474,0.5498592257499695,0.7346789240837097,0.5683599710464478,0.7790350914001465,0.5067844986915588,0.7546413540840149,0.4597629904747009,0.7589285969734192,0.5254088044166565,0.7694343328475952,0.5478705763816833,fist
0.7799408435821533,0.7302342653274536,0.6971204280853271,0.721225917339325,0.6277080774307251,0.6512755155563354,0.6227765083312988,0.5631654262542725,0.6628530025482178,0.5258661508560181,0.6448851227760315,0.546851634979248,0.6200506687164307,0.4874800741672516,0.6409178972244263,0.562451958656311,0.654305100440979,0.5893888473510742,0.6862689256668091,0.5259234309196472,0.6617821455001831,0.47333037853240967,0.6828203201293945,0.5637022256851196,0.6947503685951233,0.5776330232620239,0.7303246259689331,0.5130212306976318,0.7057029008865356,0.4595399498939514,0.7222095131874084,0.5512729287147522,0.7352582812309265,0.5706577301025391,0.7806163430213928,0.5071312785148621,0.7541041970252991,0.4613301753997803,0.7581964135169983,0.526557981967926,0.7693148851394653,0.5488903522491455,fist
0.7795177698135376,0.7267934083938599,0.6965328454971313,0.7171258926391602,0.6273000240325928,0.6492629051208496,0.6190252900123596,0.5629304051399231,0.6555845737457275,0.5165009498596191,0.6467254161834717,0.5438475012779236,0.6223827600479126,0.48267295956611633,0.6413475871086121,0.5583979487419128,0.6546790599822998,0.5870960354804993,0.6875944137573242,0.5236425995826721,0.6639443039894104,0.4697929918766022,0.6831442713737488,0.561220109462738,0.6953705549240112,0.5759925842285156,0.7310353517532349,0.5104305744171143,0.7075936198234558,0.4584488868713379,0.7227231860160828,0.5503706932067871,0.7355332374572754,0.5695794224739075,0.7808355093002319,0.5044884085655212,0.7546560168266296,0.4576563239097595,0.7585442066192627,0.5240311026573181,0.7700910568237305,0.5470917820930481,fist
0.7788625955581665,0.725247859954834,0.6964728236198425,0.7164296507835388,0.6257597804069519,0.6484255790710449,0.6184397339820862,0.5614864826202393,0.6578421592712402,0.5200086832046509,0.6467670798301697,0.5440430045127869,0.6216896176338196,0.4811691343784332,0.6408363580703735,0.5564649105072021,0.6548683643341064,0.585647702217102,0.6876639127731323,0.524370551109314,0.6636137962341309,0.46935394406318665,0.6831989884376526,0.5600022673606873,0.6958166360855103,0.5754802227020264,0.7306695580482483,0.51112961769104,0.7068094611167908,0.45674067735671997,0.7223069071769714,0.5483934283256531,0.7353889346122742,0.568795382976532,0.7801016569137573,0.5050378441810608,0.7539646625518799,0.4556318521499634,0.7581230401992798,0.5220411419868469,0.7696858644485474,0.5467455387115479,fist
0.7792447209358215,0.7278754711151123,0.6958917379379272,0.7171633243560791,0.626091480255127,0.6479608416557312,0.6211690902709961,0.5597869753837585,0.6623208522796631,0.5202301144599915,0.6451910734176636,0.5440517067909241,0.6213812232017517,0.4828979969024658,0.6410238146781921,0.5573878884315491,0.654159426689148,0.5852312445640564,0.6861648559570312,0.5235472917556763,0.6631940603256226,0.46995314955711365,0.6833494901657104,0.5600476861000061,0.6951352953910828,0.574876606464386,0.7297236323356628,0.5105583071708679,0.7067471742630005,0.4577523171901703,0.7226266264915466,0.548984944820404,0.735024094581604,0.5688295364379883,0.7798829078674316,0.50518798828125,0.7543140053749084,0.4580526053905487,0.7585811614990234,0.5238399505615234,0.7694543600082397,0.5475687980651855,fist
0.7793222665786743,0.7259504795074463,0.6969342827796936,0.7177261710166931,0.6263939142227173,0.6488101482391357,0.6195751428604126,0.5604048371315002,0.6585419774055481,0.5174474716186523,0.6454272270202637,0.543520450592041,0.6215563416481018,0.481633722782135,0.6412379741668701,0.5569562911987305,0.6545501947402954,0.5850915908813477,0.6866121888160706,0.5234778523445129,0.6636270880699158,0.46910399198532104,0.6834701895713806,0.5603127479553223,0.6950839757919312,0.574770987033844,0.7298848628997803,0.510287344455719,0.7073144912719727,0.45750170946121216,0.722791314125061,0.5493776798248291,0.7348202466964722,0.5683518052101135,0.7793374061584473,0.5041009783744812,0.7546911239624023,0.45660579204559326,0.7588556408882141,0.522949755191803,0.7696021199226379,0.5463128089904785,fist
0.7788680195808411,0.7288703322410583,0.6960736513137817,0.7202335596084595,0.6260139346122742,0.6510887145996094,0.6204649806022644,0.5616105198860168,0.660780668258667,0.5206121802330017,0.6444947123527527,0.5476866364479065,0.6205785870552063,0.485429972410202,0.6407902240753174,0.5601437091827393,0.6530300378799438,0.5864717960357666,0.6861206889152527,0.5283429622650146,0.6628608107566833,0.4736257791519165,0.6827188730239868,0.5634008646011353,0.6928196549415588,0.5766230225563049,0.7296889424324036,0.5156844854354858,0.706685483455658,0.46076056361198425,0.7219961881637573,0.5511080026626587,0.7333353757858276,0.5692408084869385,0.7796972990036011,0.5089994072914124,0.7545890212059021,0.46134841442108154,0.7583045959472656,0.5258058905601501,0.7684329748153687,0.5480032563209534,fist
0.7795482277870178,0.7295745015144348,0.6962255835533142,0.7195117473602295,0.626673698425293,0.6501161456108093,0.621564507484436,0.5630440711975098,0.6620742082595825,0.5267716646194458,0.6443098783493042,0.5473837852478027,0.6198840737342834,0.4859665632247925,0.6409815549850464,0.5603988766670227,0.6544142961502075,0.5885959267616272,0.6858430504798889,0.5269741415977478,0.6625396013259888,0.47421959042549133,0.6837323904037476,0.5634768009185791,0.695127010345459,0.5779056549072266,0.7297506332397461,0.5141502022743225,0.7068133354187012,0.46099334955215454,0.7229503989219666,0.5512663722038269,0.7348524928092957,0.5708282589912415,0.7799482345581055,0.5084475874900818,0.7552040219306946,0.46118175983428955,0.7591915726661682,0.5258976817131042,0.7693623304367065,0.5489636063575745,fist
0.7795616388320923,0.7290465235710144,0.6961137652397156,0.7178326845169067,0.6264909505844116,0.6478310227394104,0.6207844614982605,0.5603991150856018,0.6623442769050598,0.5233647227287292,0.6452065706253052,0.5471127033233643,0.620109498500824,0.48595723509788513,0.6410645246505737,0.5610987544059753,0.6543712019920349,0.5882469415664673,0.6864202618598938,0.5267561078071594,0.6626994609832764,0.4735604226589203,0.6836061477661133,0.5639448761940002,0.6950662136077881,0.5776404142379761,0.7303322553634644,0.5138159394264221,0.7067899107933044,0.46042996644973755,0.7229953408241272,0.5516659617424011,0.7352931499481201,0.5705666542053223,0.7805530428886414,0.5080639123916626,0.7550329566001892,0.46098268032073975,0.7591360807418823,0.5264748930931091,0.7698699235916138,0.5494700074195862,fist
0.7793827056884766,0.7291674017906189,0.6965213418006897,0.7191017270088196,0.6272777318954468,0.6497722864151001,0.6242332458496094,0.5619385838508606,0.6674090623855591,0.5250095129013062,0.6452627778053284,0.5458888411521912,0.620345950126648,0.4853682219982147,0.6407729983329773,0.5609855055809021,0.6544128656387329,0.5887776017189026,0.6866059899330139,0.5257214903831482,0.6631197929382324,0.47315549850463867,0.6835405230522156,0.5640592575073242,0.6951944231987,0.5778719186782837,0.7304373979568481,0.5131509304046631,0.7073116898536682,0.45995283126831055,0.7231317758560181,0.5519072413444519,0.7356622219085693,0.5710374116897583,0.7806323766708374,0.5077388286590576,0.755120575428009,0.4613509774208069,0.7591279149055481,0.5272149443626404,0.7699553370475769,0.5500367283821106,fist
0.7796279191970825,0.7283775210380554,0.6965823769569397,0.7202746868133545,0.626671314239502,0.6511232256889343,0.6231667995452881,0.562485933303833,0.6634372472763062,0.522717297077179,0.6454880237579346,0.5472989678382874,0.6206179261207581,0.4847782850265503,0.6407772302627563,0.5603860020637512,0.6539634466171265,0.5886960029602051,0.686995804309845,0.5275400280952454,0.6632478833198547,0.4734092354774475,0.6832628846168518,0.5641219615936279,0.6940370798110962,0.5782710313796997,0.730570912361145,0.5145215392112732,0.7070647478103638,0.460097074508667,0.7228327989578247,0.5515473484992981,0.7348535060882568,0.570597767829895,0.7803983688354492,0.5080086588859558,0.7549356818199158,0.4610306918621063,0.75910884141922,0.5270928740501404,0.7697818279266357,0.5504798293113708,fist
0.779479444026947,0.7304373383522034,0.6960862874984741,0.7224080562591553,0.6267774105072021,0.6525523662567139,0.62358158826828,0.5627202391624451,0.6641616225242615,0.5250077843666077,0.6451008319854736,0.5489901304244995,0.620464026927948,0.4863723814487457,0.6406216621398926,0.561806857585907,0.6535850763320923,0.5900773406028748,0.6867923736572266,0.5290283560752869,0.6630100607872009,0.4751580059528351,0.6831329464912415,0.5658017992973328,0.6938108801841736,0.5797250270843506,0.730455756187439,0.5163615942001343,0.7068272829055786,0.4614265561103821,0.7224316596984863,0.5531167387962341,0.7343262434005737,0.5723629593849182,0.7805579304695129,0.510002613067627,0.7551348209381104,0.46309730410575867,0.7587890625,0.5284720659255981,0.7689961791038513,0.5513900518417358,fist
0.7788716554641724,0.731049120426178,0.6950877904891968,0.7217146754264832,0.6262776851654053,0.6514663696289062,0.6241159439086914,0.563377857208252,0.6649285554885864,0.5264636874198914,0.6452043056488037,0.549439013004303,0.6203483939170837,0.48677194118499756,0.6403520703315735,0.5620328187942505,0.6538360714912415,0.5910816788673401,0.6866675019264221,0.5292497277259827,0.6630487442016602,0.47525399923324585,0.6829602122306824,0.5654498338699341,0.6940668821334839,0.5799520015716553,0.7302502393722534,0.5165477395057678,0.7069371342658997,0.46177321672439575,0.7224386930465698,0.5532059073448181,0.7345421314239502,0.5731112360954285,0.780081570148468,0.5106664299964905,0.7550475597381592,0.46292340755462646,0.758441686630249,0.5286576747894287,0.7685666084289551,0.5524894595146179,fist
0.7790535688400269,0.730105996131897,0.6963467001914978,0.7202884554862976,0.6265924572944641,0.6516525745391846,0.6223549842834473,0.5637890696525574,0.6638333797454834,0.5251780152320862,0.6458512544631958,0.5479974746704102,0.620712399482727,0.48648518323898315,0.6408324837684631,0.5622656941413879,0.653997004032135,0.5894947052001953,0.6873562335968018,0.5280517339706421,0.6629641056060791,0.4741177260875702,0.6828296184539795,0.5654643177986145,0.6938467621803284,0.5786882042884827,0.7309044599533081,0.5154160857200623,0.7071085572242737,0.460757851600647,0.7221983075141907,0.5530322194099426,0.734167754650116,0.571561336517334,0.7805760502815247,0.5094937086105347,0.7553359270095825,0.4625629782676697,0.7584314942359924,0.5285810828208923,0.7685848474502563,0.5511298179626465,fist
0.7788931131362915,0.7306685447692871,0.6956580877304077,0.719961941242218,0.6268423199653625,0.6509535908699036,0.6228143572807312,0.5635902285575867,0.66343092918396,0.5254508256912231,0.6457570195198059,0.547656774520874,0.6205694675445557,0.48517096042633057,0.6410739421844482,0.5604521036148071,0.6549941301345825,0.5892817378044128,0.6869553327560425,0.527578592300415,0.6629241704940796,0.4731845557689667,0.6835052967071533,0.5637786984443665,0.6954280734062195,0.5783432126045227,0.7305124998092651,0.5147694945335388,0.7070289254188538,0.4604824483394623,0.7227051258087158,0.5523852705955505,0.7352558374404907,0.5722401738166809,0.7803354859352112,0.5092795491218567,0.7548128366470337,0.4618355631828308,0.7585330605506897,0.5278698801994324,0.7693212628364563,0.5516244769096375,fist
0.780508279800415,0.729896605014801,0.6967902779579163,0.7206782102584839,0.6268062591552734,0.6520403623580933,0.6200002431869507,0.5640424489974976,0.6573612093925476,0.5210919976234436,0.6469405293464661,0.5474884510040283,0.6214126944541931,0.4844270944595337,0.641528308391571,0.5602419376373291,0.655173122882843,0.5886725783348083,0.6880198121070862,0.5275823473930359,0.6635821461677551,0.4734223186969757,0.6840627789497375,0.5647384524345398,0.6958588361740112,0.5778439044952393,0.7311969995498657,0.5143489241600037,0.7072402834892273,0.4604218006134033,0.7229724526405334,0.5523290038108826,0.7355378866195679,0.5703088641166687,0.780467689037323,0.5077545642852783,0.7549136281013489,0.4605291485786438,0.7587581872940063,0.5265601277351379,0.7699379324913025,0.5490399599075317,fist
0.7799311280250549,0.7303798198699951,0.6966233253479004,0.7207172513008118,0.6267658472061157,0.6518793702125549,0.6198813319206238,0.5642814636230469,0.6578208208084106,0.5222071409225464,0.6467925906181335,0.5468286275863647,0.6214059591293335,0.48458319902420044,0.6415864825248718,0.5604575276374817,0.6549687385559082,0.5883681178092957,0.6878317594528198,0.5269999504089355,0.6635937690734863,0.4735727608203888,0.684054970741272,0.5649080872535706,0.6954819560050964,0.5773835778236389,0.7310710549354553,0.5139889121055603,0.7072616815567017,0.46064043045043945,0.7229320406913757,0.5524649024009705,0.7352017760276794,0.569819986820221,0.7803484797477722,0.5075912475585938,0.7549712657928467,0.4608039855957031,0.7586998343467712,0.5266820788383484,0.7696037888526917,0.5486351847648621,fist
0.7798574566841125,0.7287136912345886,0.6966311931610107,0.7198982834815979,0.6269359588623047,0.6500605344772339,0.621863603591919,0.5616689324378967,0.6609289050102234,0.5219351649284363,0.6467455625534058,0.5474402904510498,0.6207132339477539,0.4830056428909302,0.6409399509429932,0.5591338872909546,0.6549639105796814,0.5889085531234741,0.6879411339759827,0.527779221534729,0.6631714105606079,0.47248831391334534,0.683567464351654,0.563812255859375,0.6955331563949585,0.5785001516342163,0.7312600612640381,0.5147151947021484,0.7066590785980225,0.45978879928588867,0.7225194573402405,0.5519669651985168,0.7352310419082642,0.5715008974075317,0.7807193994522095,0.5082094669342041,0.7542355060577393,0.46037033200263977,0.7582255601882935,0.5263859629631042,0.7695356011390686,0.5498790144920349,fist
0.7805907726287842,0.7295087575912476,0.6973700523376465,0.7201851606369019,0.6271265745162964,0.6518300175666809,0.6197649240493774,0.5641728639602661,0.6579403877258301,0.5227852463722229,0.646491527557373,0.5474146604537964,0.620934247970581,0.48457345366477966,0.6417188048362732,0.5591708421707153,0.6551966667175293,0.5881216526031494,0.687450110912323,0.5268910527229309,0.6631482243537903,0.47313788533210754,0.6844160556793213,0.5630308985710144,0.6955052614212036,0.5775229930877686,0.7309315204620361,0.5136088132858276,0.706487238407135,0.4590997099876404,0.7232011556625366,0.5502219796180725,0.7352644205093384,0.5698229074478149,0.7806980609893799,0.507396936416626,0.7543721795082092,0.4610785245895386,0.7588832974433899,0.52671879529953,0.7695385217666626,0.5495437979698181,fist
0.780432939529419,0.730384111404419,0.6974278092384338,0.7204825282096863,0.6272968053817749,0.6488421559333801,0.6235771179199219,0.5604449510574341,0.6654844880104065,0.5254244804382324,0.6448237895965576,0.546322762966156,0.6201192736625671,0.4834088087081909,0.6413679122924805,0.5595830678939819,0.6546549201011658,0.5879950523376465,0.6864519119262695,0.525912880897522,0.6630848050117493,0.47250720858573914,0.6837928295135498,0.5632339715957642,0.6942436695098877,0.5764866471290588,0.7304306626319885,0.5131679177284241,0.7073861360549927,0.46009373664855957,0.7235205173492432,0.5511002540588379,0.7348069548606873,0.568544864654541,0.7803619503974915,0.5072336196899414,0.7550221085548401,0.46192511916160583,0.7596867680549622,0.527203381061554,0.7702952027320862,0.5483960509300232,fist
0.7807357311248779,0.7298778295516968,0.698444664478302,0.7202728986740112,0.6274257898330688,0.6494397521018982,0.6227630972862244,0.5611176490783691,0.6657013297080994,0.5273251533508301,0.6458561420440674,0.5462955832481384,0.6207174062728882,0.48475298285484314,0.6417545676231384,0.5607126951217651,0.6550884246826172,0.5882649421691895,0.6874864101409912,0.5257985591888428,0.6632161140441895,0.4725538194179535,0.6844016313552856,0.5638681650161743,0.6956726312637329,0.5773612260818481,0.731613039970398,0.5129921436309814,0.7072019577026367,0.4580419659614563,0.7237775921821594,0.5506308078765869,0.7360605001449585,0.5692908763885498,0.781686544418335,0.5071175694465637,0.7554423213005066,0.46111539006233215,0.7596933245658875,0.5271176099777222,0.7705569267272949,0.5489715337753296,fist
0.7803987264633179,0.7284510135650635,0.697822630405426,0.7192565202713013,0.6278427243232727,0.650043249130249,0.6215208172798157,0.5621461272239685,0.661254346370697,0.5226629376411438,0.6474301218986511,0.5469474196434021,0.621833324432373,0.48279082775115967,0.642495334148407,0.5584954619407654,0.6561750173568726,0.5881600379943848,0.6887691617012024,0.5269491672515869,0.6643619537353516,0.4719904661178589,0.6850487589836121,0.5622074604034424,0.6962536573410034,0.5765900611877441,0.7322975397109985,0.5137045383453369,0.7080955505371094,0.4576270580291748,0.7239636182785034,0.5487586259841919,0.7358258962631226,0.5682252645492554,0.7818588018417358,0.5071662664413452,0.7568392157554626,0.45881929993629456,0.7604878544807434,0.5244538187980652,0.7706887722015381,0.5479239225387573,fist
0.7808781266212463,0.7288740873336792,0.6981241106987,0.7198805809020996,0.6273677349090576,0.6509498357772827,0.6208155155181885,0.5621857643127441,0.662085235118866,0.5232157707214355,0.646293580532074,0.5463278293609619,0.6218839883804321,0.48334524035453796,0.6420753002166748,0.5587117671966553,0.6551581621170044,0.5873035192489624,0.6876823902130127,0.5260093808174133,0.6644866466522217,0.4719744026660919,0.6850635409355164,0.5621863007545471,0.6960746049880981,0.5768925547599792,0.7313780784606934,0.5128409266471863,0.7080891728401184,0.4581882655620575,0.7242255806922913,0.5497843027114868,0.7360490560531616,0.5698841214179993,0.7813506722450256,0.5068233609199524,0.7557459473609924,0.4602370262145996,0.760063886642456,0.5263275504112244,0.7705023288726807,0.5496902465820312,fist
0.779691219329834,0.7300571203231812,0.6971964240074158,0.7202332019805908,0.6276330351829529,0.6495506763458252,0.6246680617332458,0.5612644553184509,0.6662960052490234,0.5250046253204346,0.6459000110626221,0.5456828474998474,0.6211952567100525,0.48254910111427307,0.641228973865509,0.5585100650787354,0.6547489166259766,0.588066816329956,0.6875869035720825,0.5260041356086731,0.6638822555541992,0.4712810516357422,0.683987557888031,0.5622182488441467,0.6955108642578125,0.5771727561950684,0.731564998626709,0.5136294960975647,0.7079939842224121,0.45887327194213867,0.7235754132270813,0.5508527755737305,0.7357319593429565,0.5708606243133545,0.7816447615623474,0.5082835555076599,0.7558912634849548,0.4602564871311188,0.7598532438278198,0.5258305668830872,0.7706594467163086,0.5491359829902649,fist
0.7807602882385254,0.729673445224762,0.6980394721031189,0.7212013602256775,0.6276705861091614,0.6499993801116943,0.6240771412849426,0.5607250332832336,0.6668898463249207,0.52619469165802,0.6452533006668091,0.546143651008606,0.6211995482444763,0.48283547163009644,0.6414802074432373,0.5594518184661865,0.6544559597969055,0.5875716209411621,0.6870582699775696,0.5263124108314514,0.6640710830688477,0.4712340831756592,0.6842831969261169,0.5623739361763,0.6953011751174927,0.5766952633857727,0.7310529351234436,0.5137989521026611,0.7080908417701721,0.45929405093193054,0.7238545417785645,0.5509885549545288,0.7356674671173096,0.5699775218963623,0.7812625765800476,0.5078566074371338,0.7559470534324646,0.4605763256549835,0.7601985931396484,0.526038646697998,0.7709077596664429,0.5485573410987854,fist
0.7804131507873535,0.729463517665863,0.6972748041152954,0.7189140319824219,0.6271969079971313,0.6479601263999939,0.6236151456832886,0.5595282316207886,0.6663616895675659,0.5241479277610779,0.6458942294120789,0.5457270741462708,0.6212856769561768,0.4832551181316376,0.6414809226989746,0.5594475865364075,0.6547034382820129,0.5879423022270203,0.6876300573348999,0.5258387923240662,0.6639285683631897,0.4716361463069916,0.6840417385101318,0.5625683665275574,0.6952822208404541,0.5768478512763977,0.7317017912864685,0.5132832527160645,0.7078189253807068,0.45785844326019287,0.7233311533927917,0.5499594807624817,0.7355414628982544,0.5696994662284851,0.781762957572937,0.5075510144233704,0.7559268474578857,0.4603372812271118,0.7595605850219727,0.5262247920036316,0.770237147808075,0.5493161678314209,fist
0.7800403237342834,0.7269644141197205,0.6972398161888123,0.7179543972015381,0.6271640658378601,0.649385392665863,0.6210169792175293,0.5615596175193787,0.6594635248184204,0.520043134689331,0.647149920463562,0.5450941920280457,0.6220850348472595,0.4814075827598572,0.6418998837471008,0.5575986504554749,0.6553848385810852,0.5878743529319763,0.6884968280792236,0.5260007977485657,0.6644073724746704,0.4711304306983948,0.6842556595802307,0.5623248219490051,0.695416271686554,0.5772303938865662,0.7318729162216187,0.5131670236587524,0.7079260945320129,0.4573288559913635,0.7233091592788696,0.5494678616523743,0.7352814078330994,0.569521963596344,0.7810719013214111,0.5068866610527039,0.7557343244552612,0.45884430408477783,0.7592427134513855,0.5253275632858276,0.7696419358253479,0.5494526028633118,fist
0.7802780270576477,0.727527916431427,0.6975318193435669,0.7180432081222534,0.6263759136199951,0.6485406756401062,0.6213077902793884,0.559563159942627,0.6645087599754333,0.5239583253860474,0.6459529995918274,0.5461704730987549,0.6211155652999878,0.48197656869888306,0.6413453817367554,0.5579735040664673,0.6544957756996155,0.5871484875679016,0.6874613165855408,0.526378870010376,0.6639170050621033,0.47143298387527466,0.6843475103378296,0.5617984533309937,0.6953911185264587,0.5764912366867065,0.7312095165252686,0.5137504935264587,0.7076277136802673,0.4572598934173584,0.723252534866333,0.5486012697219849,0.7349255681037903,0.5686898231506348,0.7812141180038452,0.5080323815345764,0.7558571696281433,0.45913928747177124,0.7597241997718811,0.5245175361633301,0.7700147032737732,0.5485224723815918,fist
0.7802988886833191,0.7288260459899902,0.6977318525314331,0.7183606624603271,0.6267088651657104,0.6479822397232056,0.6220656633377075,0.5594320893287659,0.6667023301124573,0.5269904136657715,0.6451691389083862,0.5451443195343018,0.6210540533065796,0.4824506640434265,0.6416445970535278,0.5582907199859619,0.6549189686775208,0.5869942307472229,0.6871461272239685,0.525060772895813,0.6638761162757874,0.47080153226852417,0.6845420002937317,0.5611810088157654,0.696272611618042,0.5759842991828918,0.7313592433929443,0.5130149126052856,0.7080555558204651,0.45732381939888,0.7236115336418152,0.5487126111984253,0.7357994318008423,0.5688918232917786,0.7817220687866211,0.5082404017448425,0.756008505821228,0.4599434733390808,0.7597357034683228,0.5251591801643372,0.7703835368156433,0.5488014221191406,fist
0.7802091240882874,0.7271372675895691,0.6977808475494385,0.717620313167572,0.6274983286857605,0.6485147476196289,0.6229734420776367,0.5603368282318115,0.6666911244392395,0.5259275436401367,0.6449005603790283,0.5455808043479919,0.6210798025131226,0.48239845037460327,0.6418129205703735,0.5583867430686951,0.6547005772590637,0.5871595144271851,0.6868506073951721,0.5256115198135376,0.6637971997261047,0.47075945138931274,0.6845157742500305,0.561036229133606,0.695492148399353,0.575520932674408,0.7309040427207947,0.51302170753479,0.708018958568573,0.4575485289096832,0.7238135933876038,0.5488613843917847,0.7353552579879761,0.5684487223625183,0.7810028791427612,0.507363498210907,0.7559841871261597,0.46012288331985474,0.760123610496521,0.5253625512123108,0.7703858017921448,0.5482749938964844,fist
0.7803620100021362,0.728751003742218,0.6982007026672363,0.7195206880569458,0.6270856261253357,0.6493825912475586,0.623338520526886,0.5609999895095825,0.6681491136550903,0.527079701423645,0.6447224617004395,0.5454146265983582,0.6208457946777344,0.48341459035873413,0.6416248679161072,0.5589233040809631,0.6548882722854614,0.586458146572113,0.6867099404335022,0.5246379375457764,0.6639921069145203,0.47110384702682495,0.684606671333313,0.5615198016166687,0.6958982348442078,0.5751221776008606,0.7309205532073975,0.5122432708740234,0.708362340927124,0.4579540491104126,0.7238090634346008,0.5491880178451538,0.735687255859375,0.5678810477256775,0.7812958359718323,0.5071021914482117,0.7561659216880798,0.4602512717247009,0.7599360346794128,0.5255312919616699,0.7703825235366821,0.5479269623756409,fist
0.7804853916168213,0.7278321981430054,0.6987758874893188,0.7186442017555237,0.6276407241821289,0.6479254961013794,0.6235675811767578,0.5594071745872498,0.6678364872932434,0.5247616171836853,0.6444547176361084,0.545239269733429,0.6207433938980103,0.4828897714614868,0.6417964696884155,0.5590628385543823,0.6548550724983215,0.5866295695304871,0.6864538192749023,0.5247377753257751,0.6638907194137573,0.4707123935222626,0.684592604637146,0.5616413354873657,0.6954236626625061,0.5753439664840698,0.730681836605072,0.5120882987976074,0.7082865834236145,0.4578407406806946,0.7241421341896057,0.5495147109031677,0.7355437874794006,0.5678477883338928,0.7808110117912292,0.5064315795898438,0.7560518383979797,0.46042466163635254,0.7604373097419739,0.5260478854179382,0.77082759141922,0.5478741526603699,fist
0.7803820967674255,0.728721022605896,0.6983844637870789,0.719012975692749,0.6281760334968567,0.6479451656341553,0.6236982345581055,0.5588486194610596,0.6665659546852112,0.5223017930984497,0.6455824971199036,0.5456206798553467,0.6218637824058533,0.48320645093917847,0.6423237323760986,0.5590720176696777,0.6549429893493652,0.5858816504478455,0.6874039173126221,0.5249918699264526,0.664448082447052,0.4711490571498871,0.6847540736198425,0.5619984865188599,0.6955678462982178,0.574952244758606,0.7315393686294556,0.5123616456985474,0.7083902359008789,0.4573621153831482,0.72398442029953,0.5490010976791382,0.7357242703437805,0.5671553015708923,0.7817316651344299,0.5066305994987488,0.756398618221283,0.46007320284843445,0.7602705955505371,0.5256013870239258,0.7707558870315552,0.547534167766571,fist
0.780556321144104,0.7271239161491394,0.6981164216995239,0.719585120677948,0.6279681324958801,0.6500247120857239,0.622882068157196,0.5608227252960205,0.6627798080444336,0.5200706720352173,0.6451835036277771,0.5460065007209778,0.6219824552536011,0.4833677411079407,0.6423836946487427,0.5594443678855896,0.654830813407898,0.5870504379272461,0.6868737936019897,0.5255909562110901,0.6643908023834229,0.47083842754364014,0.684796929359436,0.5615190267562866,0.6952319145202637,0.5754636526107788,0.7307290434837341,0.5122106671333313,0.7077645063400269,0.4575614333152771,0.7241821885108948,0.5488161444664001,0.7359192371368408,0.5675475001335144,0.780692458152771,0.5055213570594788,0.7554783821105957,0.45859816670417786,0.76015704870224,0.5244597792625427,0.7707232236862183,0.547166109085083,fist
0.7797443866729736,0.7282759547233582,0.6971361041069031,0.7203166484832764,0.6274265050888062,0.6501212120056152,0.6241483092308044,0.5608862042427063,0.6654620170593262,0.5211231708526611,0.6433965563774109,0.5461018681526184,0.6209028959274292,0.48342663049697876,0.6416851282119751,0.5601351857185364,0.6534092426300049,0.587432324886322,0.6854576468467712,0.5254759192466736,0.6637787222862244,0.4718034267425537,0.684032142162323,0.5628478527069092,0.6933003664016724,0.575316309928894,0.7295917868614197,0.5122394561767578,0.7078015804290771,0.45904916524887085,0.7239683270454407,0.5504175424575806,0.734635055065155,0.5670779347419739,0.7798811197280884,0.5055251121520996,0.755688488483429,0.4610903859138489,0.7605838775634766,0.5269728302955627,0.7705544233322144,0.5476683974266052,fist
0.780573308467865,0.7280950546264648,0.6977783441543579,0.7193847298622131,0.6272719502449036,0.6501091122627258,0.6221449375152588,0.561794102191925,0.6645851135253906,0.5255135297775269,0.645207405090332,0.5456637740135193,0.6206668615341187,0.48382410407066345,0.6418569684028625,0.5596568584442139,0.655285120010376,0.5876846313476562,0.6867510676383972,0.5250975489616394,0.6632672548294067,0.4719693064689636,0.684602677822113,0.5626742839813232,0.6958919763565063,0.5759217143058777,0.7304909825325012,0.5123237371444702,0.7072608470916748,0.4582434892654419,0.7237222194671631,0.5497928261756897,0.7357244491577148,0.5680158734321594,0.7803316116333008,0.5065556764602661,0.755602240562439,0.46014052629470825,0.7598373293876648,0.5258198976516724,0.770195484161377,0.5479427576065063,fist
0.7804820537567139,0.7288856506347656,0.6980834603309631,0.7202996611595154,0.6271772384643555,0.6496382355690002,0.6237379312515259,0.5606287121772766,0.6688599586486816,0.5270690321922302,0.6439465284347534,0.546421229839325,0.6196107864379883,0.4848023056983948,0.6412565112113953,0.5609633326530457,0.6546865105628967,0.5883083343505859,0.6857355833053589,0.5255125761032104,0.6624170541763306,0.47205090522766113,0.6838672161102295,0.5629077553749084,0.6951028108596802,0.5760142803192139,0.7298513650894165,0.512649416923523,0.7072392702102661,0.45934611558914185,0.7235973477363586,0.5506003499031067,0.7354433536529541,0.5682781934738159,0.780134916305542,0.5067659616470337,0.7554648518562317,0.46047523617744446,0.7597182989120483,0.525421679019928,0.7701877951622009,0.5469449758529663,fist
0.7802014350891113,0.7289577126502991,0.6972246170043945,0.7196059823036194,0.6272308826446533,0.6488032937049866,0.6233368515968323,0.5604525804519653,0.666015088558197,0.5251602530479431,0.6450871825218201,0.5451728701591492,0.620411217212677,0.4830832779407501,0.6415486931800842,0.5590539574623108,0.6556445956230164,0.587948203086853,0.6867367625236511,0.5246285200119019,0.6633334159851074,0.47144314646720886,0.6844172477722168,0.5622031092643738,0.6962423324584961,0.5758363604545593,0.7306808829307556,0.5120294094085693,0.7076261043548584,0.45863837003707886,0.7236606478691101,0.5499238967895508,0.7358012795448303,0.568062961101532,0.7806040048599243,0.5065237879753113,0.7556124329566956,0.45970410108566284,0.7596415877342224,0.5251484513282776,0.7703567743301392,0.5474249124526978,fist
0.7797974348068237,0.7264091968536377,0.6970774531364441,0.7185298800468445,0.6268863081932068,0.6495162844657898,0.6215066313743591,0.5612649917602539,0.6631197929382324,0.5236228108406067,0.6445997953414917,0.5459650754928589,0.6200079321861267,0.48397329449653625,0.6409897804260254,0.5594167113304138,0.6542549729347229,0.5878127813339233,0.6860989332199097,0.5256054401397705,0.6626850962638855,0.47228115797042847,0.683711051940918,0.5621863603591919,0.6947500705718994,0.5761274099349976,0.7297874689102173,0.5125041604042053,0.7065690159797668,0.45789918303489685,0.7228377461433411,0.5488049387931824,0.7346272468566895,0.5679419636726379,0.7794259786605835,0.5061846375465393,0.7546945810317993,0.4597952365875244,0.7588651180267334,0.5251936912536621,0.7690451741218567,0.5479715466499329,fist
0.7808858752250671,0.7284448146820068,0.6971626877784729,0.7182720899581909,0.6267861723899841,0.6472610235214233,0.6231074929237366,0.5585482716560364,0.6671038866043091,0.5248944163322449,0.644411563873291,0.5470818877220154,0.6201918125152588,0.4842739701271057,0.6410057544708252,0.5599321722984314,0.6543570160865784,0.5878786444664001,0.6862401366233826,0.5262839198112488,0.6628134250640869,0.47165197134017944,0.6833869814872742,0.5621726512908936,0.6950684189796448,0.5757918357849121,0.7303382158279419,0.5135031342506409,0.7078360319137573,0.4584137499332428,0.7231101393699646,0.5495726466178894,0.7350258827209473,0.56830233335495,0.7805541157722473,0.5078724026679993,0.7559950947761536,0.4595748782157898,0.7596033811569214,0.5245421528816223,0.7702621817588806,0.5475435853004456,fist
0.7796450853347778,0.7278194427490234,0.6976368427276611,0.7188286781311035,0.6271982192993164,0.647292971611023,0.6232544183731079,0.5584253072738647,0.6669895052909851,0.5246180891990662,0.6429979205131531,0.5441840291023254,0.6191965937614441,0.48360931873321533,0.6410126090049744,0.5593715906143188,0.6543024182319641,0.5864807963371277,0.6848364472389221,0.5232546925544739,0.6622649431228638,0.47141319513320923,0.6834707856178284,0.5618327260017395,0.6941018104553223,0.574530303478241,0.7290840744972229,0.5106189846992493,0.7070630788803101,0.45897388458251953,0.7231980562210083,0.5498857498168945,0.7342866659164429,0.567247748374939,0.779044508934021,0.5049383044242859,0.7548385262489319,0.4605390727519989,0.759048342704773,0.5254049301147461,0.7690384387969971,0.5464726090431213,fist
0.7798675894737244,0.726850152015686,0.6978580951690674,0.718865156173706,0.6268696784973145,0.6487482786178589,0.623186469078064,0.5594779253005981,0.6674599647521973,0.5256261825561523,0.643152117729187,0.5437980890274048,0.6193641424179077,0.4837610721588135,0.6404633522033691,0.5594441294670105,0.6535142660140991,0.5862469673156738,0.6849977970123291,0.5227856040000916,0.6618589162826538,0.4709213674068451,0.6829743385314941,0.5611647963523865,0.6938959360122681,0.5738141536712646,0.7292043566703796,0.5101968050003052,0.7064812183380127,0.45820626616477966,0.7228699326515198,0.5493595600128174,0.7345866560935974,0.5669234991073608,0.7794259786605835,0.5047454833984375,0.7544937133789062,0.4607231616973877,0.7589346170425415,0.5257053971290588,0.7694023847579956,0.5465853810310364,fist
0.779725193977356,0.7268959283828735,0.697493314743042,0.7178453207015991,0.6270549893379211,0.6477725505828857,0.6235533356666565,0.5601805448532104,0.6669267416000366,0.5250990390777588,0.644371509552002,0.5450564026832581,0.6195146441459656,0.48391491174697876,0.6408981680870056,0.5594877004623413,0.6541386842727661,0.5864649415016174,0.6858521103858948,0.5245032906532288,0.6622086763381958,0.47126778960227966,0.683343768119812,0.5618469715118408,0.6943394541740417,0.5743086934089661,0.7296628952026367,0.5117919445037842,0.7068684101104736,0.4572867751121521,0.7228589057922363,0.5487697124481201,0.7346484661102295,0.5668361186981201,0.77936190366745,0.5058948397636414,0.7555071115493774,0.4585651755332947,0.7589142322540283,0.5236189365386963,0.7687711715698242,0.5460600852966309,fist
0.779434084892273,0.7264228463172913,0.6974791288375854,0.7179317474365234,0.627186119556427,0.6481695771217346,0.6231554746627808,0.5596374273300171,0.6660351753234863,0.5222771167755127,0.6438533663749695,0.5446637868881226,0.6194102764129639,0.48317933082580566,0.640950083732605,0.5588890314102173,0.6538816690444946,0.5862664580345154,0.6853958368301392,0.5239056348800659,0.6623159050941467,0.4709118604660034,0.6834969520568848,0.5614355802536011,0.693803071975708,0.5744471549987793,0.7293447852134705,0.5108874440193176,0.7069777250289917,0.45747947692871094,0.7234252095222473,0.5488172769546509,0.7345872521400452,0.5668759942054749,0.7792824506759644,0.5045912861824036,0.7553656697273254,0.45813125371932983,0.7596901059150696,0.5230618715286255,0.7695598006248474,0.544833242893219,fist
0.7790784239768982,0.7276601791381836,0.6971898078918457,0.7185736298561096,0.6272293329238892,0.6492640376091003,0.6233377456665039,0.5610554218292236,0.6664164066314697,0.5247038006782532,0.6435338854789734,0.5441505908966064,0.6194504499435425,0.4838128983974457,0.6409206986427307,0.5591524243354797,0.6537968516349792,0.5862411856651306,0.6850504279136658,0.5237201452255249,0.6620783805847168,0.4708719551563263,0.6836223006248474,0.5613828301429749,0.694502592086792,0.5746952295303345,0.728963315486908,0.5110465884208679,0.7065300345420837,0.45739343762397766,0.7232182621955872,0.5489656329154968,0.7350548505783081,0.5678277015686035,0.7789070010185242,0.5054771304130554,0.7546637058258057,0.4580821990966797,0.7590184211730957,0.5235171914100647,0.7691287994384766,0.5465786457061768,fist
0.7793219685554504,0.726847767829895,0.6975303888320923,0.717875063419342,0.6275620460510254,0.6485254764556885,0.623285174369812,0.5603199601173401,0.6663116812705994,0.5247222781181335,0.6437946557998657,0.5441349744796753,0.6193379759788513,0.4837462902069092,0.6409669518470764,0.5588359832763672,0.6539621353149414,0.585909903049469,0.6853614449501038,0.5237515568733215,0.6621626019477844,0.47157660126686096,0.6837690472602844,0.5617838501930237,0.6944995522499084,0.575064480304718,0.7292588949203491,0.5109200477600098,0.7066397070884705,0.4581277072429657,0.7233087420463562,0.5494518876075745,0.7347977161407471,0.5680872201919556,0.7790554165840149,0.5049818754196167,0.7548303604125977,0.4589442014694214,0.7592776417732239,0.5242108702659607,0.7692804336547852,0.5466043949127197,fist
0.7788292169570923,0.7274302244186401,0.6967557072639465,0.7185697555541992,0.6270543932914734,0.6482581496238708,0.6240298748016357,0.5595192909240723,0.6671947240829468,0.5229189991950989,0.6435521841049194,0.5450443029403687,0.6193205714225769,0.4839323163032532,0.640738844871521,0.5594797134399414,0.6534111499786377,0.5862236022949219,0.685297966003418,0.5243809223175049,0.6623616218566895,0.47132304310798645,0.6834625005722046,0.5617267489433289,0.6937936544418335,0.5748949646949768,0.7292931079864502,0.5114853382110596,0.7068148255348206,0.45811960101127625,0.7233219742774963,0.5489904284477234,0.7348126173019409,0.5670474171638489,0.779297947883606,0.5053170919418335,0.754928708076477,0.4592624306678772,0.7596355080604553,0.523809015750885,0.7698571681976318,0.545166552066803,fist
0.7797911167144775,0.7273077368736267,0.6982011198997498,0.7191718816757202,0.6275026202201843,0.6487128734588623,0.6238729953765869,0.5593388080596924,0.6673243045806885,0.5232035517692566,0.6436540484428406,0.544699490070343,0.6191317439079285,0.48364129662513733,0.6407827138900757,0.5592493414878845,0.6539301872253418,0.5860450267791748,0.685255765914917,0.5237378478050232,0.6623011231422424,0.4713019132614136,0.6836572289466858,0.5617572665214539,0.6942362189292908,0.5743746161460876,0.7292070388793945,0.5108597278594971,0.7070127129554749,0.4586431384086609,0.7236884832382202,0.5497656464576721,0.7351053953170776,0.5670652985572815,0.7792288064956665,0.5047760605812073,0.7550106644630432,0.4593638777732849,0.7598671913146973,0.5243681073188782,0.7702698707580566,0.5455281138420105,fist
0.77975994348526,0.7271547317504883,0.6986889839172363,0.7191858291625977,0.628067672252655,0.6495665907859802,0.6231069564819336,0.560478150844574,0.6658238768577576,0.5240924954414368,0.6438196301460266,0.5431286096572876,0.6200855374336243,0.4841620624065399,0.6416701674461365,0.5591919422149658,0.654123067855835,0.5851464867591858,0.6854667067527771,0.522380530834198,0.6627992391586304,0.4715797007083893,0.6843608617782593,0.5619173645973206,0.6945780515670776,0.5740620493888855,0.7295547723770142,0.509738564491272,0.7073384523391724,0.4582527279853821,0.7240864634513855,0.5495597124099731,0.73520827293396,0.5666937828063965,0.7796107530593872,0.5041851997375488,0.7555224895477295,0.45904970169067383,0.7600012421607971,0.5248239040374756,0.769810140132904,0.5466803312301636,fist
0.78008633852005,0.7267441749572754,0.6979629993438721,0.7190099358558655,0.6272715330123901,0.6489394903182983,0.624423623085022,0.5600253939628601,0.6678584814071655,0.5234329700469971,0.6438798308372498,0.5456550717353821,0.6203175187110901,0.4841160476207733,0.6416541934013367,0.5599304437637329,0.6541623473167419,0.5867579579353333,0.6854289770126343,0.5245726704597473,0.6632394790649414,0.4719361960887909,0.6843233108520508,0.562201738357544,0.6944162845611572,0.5749265551567078,0.7292237281799316,0.5111847519874573,0.7073068618774414,0.4582919478416443,0.7239765524864197,0.5493589639663696,0.7351402640342712,0.5669654011726379,0.7790590524673462,0.5045329332351685,0.7553579211235046,0.45929720997810364,0.760219931602478,0.5249464511871338,0.7702620625495911,0.546829104423523,fist
0.7798186540603638,0.7277530431747437,0.6980143189430237,0.7191287279129028,0.6281347870826721,0.6491510272026062,0.6254956126213074,0.5602500438690186,0.6682177186012268,0.5239699482917786,0.6443669199943542,0.5459084510803223,0.6205888986587524,0.48379579186439514,0.6419193148612976,0.5590325593948364,0.6551507711410522,0.5867418646812439,0.6862671375274658,0.525071382522583,0.6636550426483154,0.4710319936275482,0.6846840977668762,0.5615189075469971,0.695583701133728,0.5753384828567505,0.7303103804588318,0.5123451948165894,0.7081528306007385,0.4579501748085022,0.7242762446403503,0.549466609954834,0.7356938719749451,0.5682675242424011,0.7804437875747681,0.5068156719207764,0.756714940071106,0.4589789807796478,0.7606794834136963,0.5247243642807007,0.7703601717948914,0.5481088757514954,fist
0.780562698841095,0.7266584634780884,0.6985620856285095,0.7194235920906067,0.6279159784317017,0.649114191532135,0.6257903575897217,0.5601072311401367,0.6694853901863098,0.5242890119552612,0.6435586214065552,0.5458053946495056,0.6197035312652588,0.4839557707309723,0.6410847902297974,0.5595759153366089,0.6538164019584656,0.5871789455413818,0.6852319240570068,0.5246039032936096,0.6626573204994202,0.47190040349960327,0.6834912896156311,0.5619221925735474,0.6933793425559998,0.5750605463981628,0.7291672229766846,0.5113264322280884,0.7071380615234375,0.4587582051753998,0.7235311269760132,0.5494902729988098,0.7343725562095642,0.5672754645347595,0.7790104150772095,0.5049881339073181,0.7550146579742432,0.46039414405822754,0.7598157525062561,0.5259358882904053,0.7696843147277832,0.5481038093566895,fist
0.7800778150558472,0.7283753752708435,0.6979899406433105,0.7193446755409241,0.627823531627655,0.648270845413208,0.6251394748687744,0.5584681034088135,0.6685702204704285,0.5239778757095337,0.6435678601264954,0.5458983778953552,0.6205558180809021,0.4839513897895813,0.6416491270065308,0.5590593814849854,0.6545330286026001,0.5869155526161194,0.6853440403938293,0.5244476795196533,0.6633356809616089,0.47072288393974304,0.6842730045318604,0.5607816576957703,0.6949001550674438,0.5745975971221924,0.7295015454292297,0.5116301774978638,0.7080461382865906,0.4574170708656311,0.7239397764205933,0.5483388304710388,0.7348770499229431,0.5670563578605652,0.7797303199768066,0.5063064098358154,0.7562621235847473,0.4590413570404053,0.760296106338501,0.5246930122375488,0.7699078321456909,0.548072099685669,fist
0.7795164585113525,0.7272926568984985,0.6971157193183899,0.7184378504753113,0.627199649810791,0.6475896835327148,0.6222284436225891,0.5581695437431335,0.6634488701820374,0.5204660892486572,0.644984781742096,0.5467391014099121,0.6208987832069397,0.48416027426719666,0.6421269774436951,0.5591159462928772,0.6548312902450562,0.5870715379714966,0.6861171722412109,0.5256986021995544,0.663262665271759,0.4714086353778839,0.684400200843811,0.5611908435821533,0.6946545839309692,0.5753278732299805,0.7297952175140381,0.5121874809265137,0.7071009278297424,0.45781409740448,0.7237235903739929,0.5483657717704773,0.7346230149269104,0.5674280524253845,0.7793214321136475,0.5058300495147705,0.7552753686904907,0.45810914039611816,0.7599786520004272,0.5233701467514038,0.7699189782142639,0.5468422174453735,fist
0.7795194387435913,0.7272588610649109,0.6980304718017578,0.7184317111968994,0.6277400851249695,0.6479223966598511,0.6237471103668213,0.5590428113937378,0.6663654446601868,0.5223132371902466,0.6453798413276672,0.5460405945777893,0.6212030649185181,0.4829748570919037,0.6422604322433472,0.5586074590682983,0.6553103923797607,0.5866549015045166,0.686775267124176,0.5251599550247192,0.6637160181999207,0.470464825630188,0.6844885349273682,0.5609425902366638,0.6952024698257446,0.5742554664611816,0.730466902256012,0.5121334195137024,0.7080389857292175,0.4572908580303192,0.7238431572914124,0.5482648015022278,0.7349250316619873,0.5664589405059814,0.7801686525344849,0.5061002373695374,0.7565873861312866,0.45790696144104004,0.7602031826972961,0.522767186164856,0.7697928547859192,0.5453957915306091,fist
0.7798683047294617,0.727940559387207,0.6966336965560913,0.7185841798782349,0.6273490786552429,0.6486544609069824,0.6243653297424316,0.5598679184913635,0.6655997037887573,0.5217044949531555,0.6452342867851257,0.5457594990730286,0.6209590435028076,0.48302996158599854,0.6417191028594971,0.558571457862854,0.6545414924621582,0.5870295763015747,0.6864741444587708,0.5250469446182251,0.6635065078735352,0.47095006704330444,0.6842963099479675,0.5610446929931641,0.6947226524353027,0.5750178694725037,0.7300393581390381,0.5118653178215027,0.7075265645980835,0.4578820765018463,0.7238351106643677,0.54825359582901,0.7350714206695557,0.5667794346809387,0.7798097729682922,0.5057439804077148,0.7557868361473083,0.45771318674087524,0.7601937651634216,0.5223681330680847,0.7702488303184509,0.5450879335403442,fist
0.7800753116607666,0.7295149564743042,0.6969591379165649,0.7200678586959839,0.6277282238006592,0.6494832038879395,0.6258977651596069,0.5604519844055176,0.6690244078636169,0.5254743695259094,0.6440093517303467,0.5468767285346985,0.6203949451446533,0.4847032427787781,0.6414587497711182,0.5602167844772339,0.6543421149253845,0.588411808013916,0.6854065656661987,0.5256033539772034,0.6628204584121704,0.47120481729507446,0.6841267347335815,0.5615995526313782,0.6949512362480164,0.5760966539382935,0.7292993068695068,0.5121541619300842,0.7069819569587708,0.45837754011154175,0.7237515449523926,0.549515962600708,0.7354147434234619,0.5687493681907654,0.7794438600540161,0.5061322450637817,0.7550182938575745,0.4588041603565216,0.7598803639411926,0.5239619612693787,0.7703255414962769,0.5469933748245239,fist
0.7798274755477905,0.7300760746002197,0.6976712346076965,0.7200692892074585,0.6280061602592468,0.6497626304626465,0.6251692771911621,0.5624468922615051,0.6681466102600098,0.5278597474098206,0.6444995999336243,0.54644775390625,0.6208823919296265,0.48511803150177,0.6415162682533264,0.5596625208854675,0.6550439596176147,0.5887383818626404,0.6859712600708008,0.5251263976097107,0.6636584401130676,0.47144225239753723,0.6844601035118103,0.561093270778656,0.6958449482917786,0.5771216154098511,0.7300688624382019,0.5121282339096069,0.7080843448638916,0.4595765769481659,0.7241772413253784,0.5498489141464233,0.7357699871063232,0.5702109336853027,0.7802237868309021,0.5069668292999268,0.7556707859039307,0.45946061611175537,0.7599408626556396,0.5237187743186951,0.7702300548553467,0.5473932027816772,fist
0.779997706413269,0.7272725105285645,0.6965431571006775,0.7176079750061035,0.6268483400344849,0.6476495265960693,0.62045818567276,0.561108410358429,0.6573706269264221,0.5188296437263489,0.6471527218818665,0.545440673828125,0.6224811673164368,0.482288658618927,0.6418018937110901,0.5567234754562378,0.6557856798171997,0.5880901217460632,0.6883180737495422,0.525416374206543,0.6648864150047302,0.46951526403427124,0.683991014957428,0.5595014095306396,0.695641815662384,0.5772925615310669,0.7318592071533203,0.5123533010482788,0.7088729739189148,0.4570992588996887,0.7237631678581238,0.5481435060501099,0.7358729243278503,0.5705043077468872,0.7814469933509827,0.5067242383956909,0.7568686604499817,0.456947386264801,0.7601882815361023,0.5221002101898193,0.7705874443054199,0.5473212599754333,fist
0.7805063724517822,0.7270100712776184,0.6971270442008972,0.7184492349624634,0.6267693042755127,0.6489488482475281,0.6220893263816833,0.5606366395950317,0.6623347401618958,0.5211313962936401,0.6455888748168945,0.545099139213562,0.6215952634811401,0.4819955825805664,0.6413089036941528,0.556575357913971,0.6549705266952515,0.5866385698318481,0.6870011687278748,0.524542510509491,0.6640560626983643,0.4691535234451294,0.6839247345924377,0.5593228340148926,0.6951917409896851,0.5757448077201843,0.7306378483772278,0.5110874176025391,0.7081897854804993,0.4569966197013855,0.723675012588501,0.5476344227790833,0.7353551983833313,0.5682688355445862,0.7804834842681885,0.504935622215271,0.7560963034629822,0.4562455713748932,0.7605136036872864,0.5213021636009216,0.7710717916488647,0.5453563928604126,fist
0.7802754044532776,0.7298812866210938,0.6978355646133423,0.7208472490310669,0.6274304986000061,0.6492139101028442,0.6238334774971008,0.5602158308029175,0.6654127836227417,0.5228090286254883,0.6444658041000366,0.544424295425415,0.6204988956451416,0.48258277773857117,0.6411564350128174,0.5574043393135071,0.6544792056083679,0.5868604183197021,0.6860215663909912,0.523888349533081,0.6634888648986816,0.4698401093482971,0.6839548945426941,0.5608803033828735,0.6944334506988525,0.5767229199409485,0.7302091121673584,0.5111178159713745,0.7084063291549683,0.4574386179447174,0.7243665456771851,0.5497346520423889,0.7352767586708069,0.570406436920166,0.780656099319458,0.5059546232223511,0.7569288015365601,0.4574527442455292,0.7612743973731995,0.5238205194473267,0.7708119750022888,0.5485354065895081,fist
0.7815930247306824,0.731593668460846,0.6986884474754333,0.7211434841156006,0.6278923153877258,0.6507574319839478,0.6230575442314148,0.561998724937439,0.666015625,0.5272146463394165,0.6458737254142761,0.5446780920028687,0.6220232844352722,0.4829670786857605,0.642109215259552,0.557578980922699,0.6553320288658142,0.5862451791763306,0.6871309876441956,0.5241088271141052,0.6640472412109375,0.4706101417541504,0.684841513633728,0.5610079765319824,0.6962811946868896,0.5759347081184387,0.7311580777168274,0.5117670893669128,0.7087633013725281,0.4582933783531189,0.7245326638221741,0.5500052571296692,0.7358753085136414,0.569982647895813,0.781574010848999,0.507307231426239,0.7570329308509827,0.4593728184700012,0.7609411478042603,0.5253518223762512,0.7708648443222046,0.5494508743286133,fist
0.7821439504623413,0.7312735915184021,0.698424220085144,0.7220011949539185,0.6282882690429688,0.6522170901298523,0.6228533983230591,0.5627278089523315,0.6640352606773376,0.5233853459358215,0.6457529067993164,0.546525776386261,0.6218658685684204,0.484749972820282,0.6421111226081848,0.5607979893684387,0.6548069715499878,0.588505208492279,0.6875128149986267,0.5264689326286316,0.6644161343574524,0.47185391187667847,0.6846640110015869,0.5630629062652588,0.6955604553222656,0.5777963399887085,0.7317916750907898,0.5141265392303467,0.7090238332748413,0.45896124839782715,0.72466641664505,0.5516109466552734,0.7363213896751404,0.5720729231834412,0.7824333906173706,0.5090742111206055,0.7568244934082031,0.4617729187011719,0.7606601119041443,0.5286011695861816,0.7707988619804382,0.5531693696975708,fist
0.7825581431388855,0.7318916320800781,0.6993435025215149,0.7220177054405212,0.6291943788528442,0.6518378853797913,0.6258454918861389,0.5621092319488525,0.6680110096931458,0.524090051651001,0.6458080410957336,0.5468234419822693,0.6217705011367798,0.48563480377197266,0.6423280239105225,0.5615822076797485,0.6554374694824219,0.5892985463142395,0.6877909898757935,0.5262178778648376,0.6645309925079346,0.4725272059440613,0.6849114894866943,0.5639180541038513,0.695955216884613,0.5777518153190613,0.7322279214859009,0.5138919949531555,0.7093461751937866,0.4596270024776459,0.7248960733413696,0.5523300170898438,0.736676812171936,0.5716999769210815,0.7828645706176758,0.5087597370147705,0.7571575045585632,0.4625950753688812,0.7609578371047974,0.5288166999816895,0.7712862491607666,0.551976203918457,fist
0.7826517820358276,0.7298699617385864,0.6981633305549622,0.7199609279632568,0.6283449530601501,0.650459885597229,0.6226204633712769,0.5620556473731995,0.6613748073577881,0.5191789865493774,0.6475623846054077,0.5467625856399536,0.6228528618812561,0.4836016893386841,0.6432713270187378,0.5599351525306702,0.6560665965080261,0.5882583260536194,0.6891834139823914,0.5267107486724854,0.6654285788536072,0.47162535786628723,0.6855900883674622,0.5632176399230957,0.6963865160942078,0.5767008066177368,0.7330190539360046,0.5135197043418884,0.7097921967506409,0.45942866802215576,0.7254553437232971,0.5514124035835266,0.7371301651000977,0.5697393417358398,0.7828397750854492,0.5071067810058594,0.7580174803733826,0.4594070315361023,0.7618404626846313,0.5254752039909363,0.772223174571991,0.5484137535095215,fist
0.7821505665779114,0.7294996976852417,0.6978949904441833,0.7196165919303894,0.6281734704971313,0.6490124464035034,0.6236057877540588,0.5600579977035522,0.6621321439743042,0.518349826335907,0.6471673250198364,0.5448936223983765,0.6230453848838806,0.48196107149124146,0.6429100036621094,0.5579221248626709,0.6559052467346191,0.5868753790855408,0.6887258887290955,0.524739146232605,0.6655630469322205,0.4695575535297394,0.6850690841674805,0.5609861016273499,0.695922315120697,0.5750584006309509,0.7325878739356995,0.5118513107299805,0.7102418541908264,0.4578133225440979,0.7251531481742859,0.5496916770935059,0.7365604639053345,0.568381667137146,0.78253573179245,0.5060034990310669,0.7582061290740967,0.4581303000450134,0.7616715431213379,0.524071991443634,0.7719010710716248,0.5471096634864807,fist
0.7825323343276978,0.7317062616348267,0.6985778212547302,0.7213103771209717,0.6287367343902588,0.6498544812202454,0.6246220469474792,0.5607616305351257,0.6643961071968079,0.5194910168647766,0.6465527415275574,0.5454645156860352,0.622883677482605,0.48433661460876465,0.6432008743286133,0.5598689317703247,0.6555490493774414,0.5868650674819946,0.6878668665885925,0.5247750878334045,0.6652025580406189,0.4706519544124603,0.6855065822601318,0.561927318572998,0.6959965825080872,0.5754058957099915,0.7318733930587769,0.5116177797317505,0.7096485495567322,0.45884519815444946,0.725699782371521,0.5505844950675964,0.7373058795928955,0.5686665773391724,0.7821769118309021,0.5055685639381409,0.7577812671661377,0.45862045884132385,0.7620855569839478,0.5246894955635071,0.7725514769554138,0.5473428964614868,fist
0.7814871072769165,0.7308609485626221,0.6987292170524597,0.7227177023887634,0.6284850835800171,0.6529394388198853,0.622823178768158,0.5627864599227905,0.6629250645637512,0.5203458070755005,0.6462727785110474,0.5484646558761597,0.6221348643302917,0.4867013394832611,0.6429699063301086,0.5629419684410095,0.6552435159683228,0.5891368389129639,0.6876703500747681,0.5277818441390991,0.6650093793869019,0.473402202129364,0.6856256723403931,0.5647796392440796,0.6957681775093079,0.5781376361846924,0.7316312193870544,0.5143208503723145,0.7088643312454224,0.4595472812652588,0.7252566814422607,0.551876962184906,0.7368321418762207,0.570801317691803,0.781963050365448,0.5076802372932434,0.7568365931510925,0.46077051758766174,0.7610636353492737,0.5272682309150696,0.77104252576828,0.5507583618164062,fist
0.7809369564056396,0.731127142906189,0.6984381675720215,0.7224947810173035,0.6293169260025024,0.6525087952613831,0.6266986131668091,0.5621952414512634,0.6680353283882141,0.5222123861312866,0.6452330350875854,0.5482693910598755,0.6216852068901062,0.4852396249771118,0.6425315141677856,0.5613621473312378,0.6556399464607239,0.5894663333892822,0.6873753666877747,0.5277448296546936,0.6650261282920837,0.47197669744491577,0.6852338910102844,0.5634952187538147,0.6959865689277649,0.5781375765800476,0.7315799593925476,0.5148575901985168,0.7096858024597168,0.45959949493408203,0.7253618836402893,0.5525153875350952,0.7370568513870239,0.5728388428688049,0.7821058034896851,0.5091896057128906,0.7578514218330383,0.4608357846736908,0.7615876197814941,0.5271702408790588,0.7713547945022583,0.5514670610427856,fist
0.78177809715271,0.7318354845046997,0.6985597014427185,0.7208649516105652,0.629059374332428,0.6501564383506775,0.6263158321380615,0.5611612200737,0.6687734723091125,0.52432781457901,0.6467459201812744,0.5484914183616638,0.6222718358039856,0.485813170671463,0.6430532336235046,0.5609241724014282,0.6562522053718567,0.5892382860183716,0.6885911226272583,0.5277149081230164,0.6653789281845093,0.4726082384586334,0.6860675811767578,0.5630407929420471,0.6970868110656738,0.5780367851257324,0.7329134345054626,0.5148226022720337,0.7097309231758118,0.45920777320861816,0.725737452507019,0.551145613193512,0.7375013828277588,0.5716911554336548,0.783660888671875,0.5093566179275513,0.7583929300308228,0.46065112948417664,0.7623136639595032,0.5262975692749023,0.7724401354789734,0.550460934638977,fist
0.7807837724685669,0.7301322221755981,0.6980236768722534,0.7196863293647766,0.6287083625793457,0.6475985646247864,0.625697910785675,0.5582177639007568,0.6681917905807495,0.5220453143119812,0.6468831896781921,0.545720100402832,0.6230534315109253,0.48205259442329407,0.643722414970398,0.5583645701408386,0.6569654941558838,0.5872347354888916,0.6887707114219666,0.525671124458313,0.6658796668052673,0.4697535037994385,0.6861176490783691,0.5613653063774109,0.6974248290061951,0.5764011740684509,0.7329694628715515,0.5130715370178223,0.7105451226234436,0.45781734585762024,0.7259572744369507,0.5502728223800659,0.7379142642021179,0.570536196231842,0.7832582592964172,0.5077539086341858,0.7587387561798096,0.45821282267570496,0.7621313333511353,0.5238884091377258,0.7723824977874756,0.5479199886322021,fist
0.7821580171585083,0.7319676876068115,0.699204683303833,0.7218433022499084,0.6295787692070007,0.6494266390800476,0.6285574436187744,0.5589149594306946,0.6721587777137756,0.5229071378707886,0.6474646925926208,0.5482406616210938,0.6227878332138062,0.4840865731239319,0.643193781375885,0.5596423149108887,0.656162679195404,0.5879277586936951,0.6891469359397888,0.5277646780014038,0.6660682559013367,0.47180408239364624,0.6863238215446472,0.5625559687614441,0.69692462682724,0.5770061612129211,0.7332181930541992,0.5148712396621704,0.710271954536438,0.4579813480377197,0.7261683940887451,0.5500553846359253,0.7380427122116089,0.5702221393585205,0.7837494015693665,0.5090641379356384,0.7584125399589539,0.45923981070518494,0.7624815106391907,0.5249351859092712,0.7730976343154907,0.5494087934494019,fist
0.7817130088806152,0.7310067415237427,0.6986678242683411,0.7230419516563416,0.6288130879402161,0.6513180732727051,0.6261610388755798,0.5605605840682983,0.6678246855735779,0.5216544270515442,0.6464155316352844,0.5486941337585449,0.6221927404403687,0.4838863015174866,0.6434768438339233,0.5602169632911682,0.6562018990516663,0.5882114768028259,0.6884438991546631,0.5284029841423035,0.6657919883728027,0.47209861874580383,0.6863966584205627,0.5637697577476501,0.6960932016372681,0.5774651765823364,0.7325537800788879,0.5151559710502625,0.7100487947463989,0.4586935043334961,0.7263904809951782,0.5514262318611145,0.7377600073814392,0.5705177187919617,0.7827067375183105,0.5085409283638,0.7582134008407593,0.45995038747787476,0.7625121474266052,0.5263671278953552,0.7726474404335022,0.5500625967979431,fist
0.7814247608184814,0.7328945398330688,0.6986639499664307,0.7225496172904968,0.6290083527565002,0.6509528756141663,0.6267285346984863,0.5609588027000427,0.6704128980636597,0.5249777436256409,0.6461672782897949,0.5471112728118896,0.6223554015159607,0.48455655574798584,0.6432392597198486,0.5605370402336121,0.6561784744262695,0.5884175300598145,0.6883699297904968,0.526793897151947,0.6654918193817139,0.4721411168575287,0.6861112713813782,0.5637133717536926,0.6967435479164124,0.5772823691368103,0.73299640417099,0.514747679233551,0.7104676961898804,0.45918968319892883,0.7261450886726379,0.5519607067108154,0.7375219464302063,0.5709207057952881,0.7839163541793823,0.5099636912345886,0.7590757012367249,0.4618285298347473,0.762765645980835,0.527927041053772,0.7727674841880798,0.5511441826820374,fist
0.781496524810791,0.7320929169654846,0.6990211606025696,0.722745418548584,0.6290748119354248,0.6516730189323425,0.6256734728813171,0.5622862577438354,0.6685734987258911,0.5242693424224854,0.6456552743911743,0.5469156503677368,0.6220681071281433,0.48511919379234314,0.6437031626701355,0.5618292689323425,0.6559537649154663,0.587742030620575,0.6876959800720215,0.5263570547103882,0.665302038192749,0.4729761481285095,0.6864446997642517,0.5645032525062561,0.6961483955383301,0.5766306519508362,0.73207026720047,0.5134181380271912,0.7100767493247986,0.46040523052215576,0.7264997959136963,0.5523051023483276,0.7374089360237122,0.5693946480751038,0.7823896408081055,0.5074068307876587,0.7581019997596741,0.4610891342163086,0.7627916932106018,0.5270358324050903,0.7729195356369019,0.5487845540046692,fist
0.7813485264778137,0.7312555909156799,0.6988828778266907,0.7220673561096191,0.6292116045951843,0.6514609456062317,0.6259016990661621,0.5616390109062195,0.6689203977584839,0.523690938949585,0.6461253762245178,0.5465236902236938,0.6219182014465332,0.4836506247520447,0.6433539390563965,0.5612609386444092,0.6561675071716309,0.5880749821662903,0.6883481740951538,0.5261473655700684,0.6648653149604797,0.4713537395000458,0.6859473586082458,0.564063310623169,0.6968197226524353,0.5765296816825867,0.7327643632888794,0.5136044025421143,0.7099449634552002,0.45947712659835815,0.7261163592338562,0.5525395274162292,0.7379472851753235,0.5700452923774719,0.7831399440765381,0.5080145597457886,0.7582172155380249,0.4603564739227295,0.7625201940536499,0.5263765454292297,0.7733754515647888,0.5483067631721497,fist
0.7810397744178772,0.7326127290725708,0.6986000537872314,0.7227548360824585,0.628760576248169,0.6514056921005249,0.6253301501274109,0.5609168410301208,0.6687202453613281,0.5242376923561096,0.6460345387458801,0.5477904677391052,0.622053861618042,0.48473072052001953,0.643182635307312,0.5616607069969177,0.6558195352554321,0.588577389717102,0.6879019737243652,0.527202844619751,0.6648156642913818,0.47226616740226746,0.6859463453292847,0.564465343952179,0.696567177772522,0.5774422287940979,0.7322733402252197,0.5145260691642761,0.7095328569412231,0.4595879912376404,0.7260488271713257,0.5523620843887329,0.7377373576164246,0.570509135723114,0.7828064560890198,0.5089699625968933,0.7579580545425415,0.4605773091316223,0.762451171875,0.5267668962478638,0.7730922698974609,0.5497020483016968,fist
0.7813077569007874,0.7324968576431274,0.697534441947937,0.722470760345459,0.6285006999969482,0.6517138481140137,0.6250195503234863,0.5622763633728027,0.6656359434127808,0.5230456590652466,0.645984947681427,0.547716498374939,0.622079074382782,0.4852723479270935,0.6431018114089966,0.5617714524269104,0.6556863188743591,0.5890147686004639,0.6878418326377869,0.5273492932319641,0.6647549271583557,0.47259384393692017,0.6856991648674011,0.5647801756858826,0.6963173151016235,0.578187108039856,0.7320778369903564,0.5142862200737,0.7092969417572021,0.46007245779037476,0.7257636785507202,0.5527676343917847,0.7374851703643799,0.571262001991272,0.7824102640151978,0.5082372426986694,0.7577140927314758,0.4600936472415924,0.7622984647750854,0.5264279842376709,0.772887647151947,0.5494308471679688,fist
0.7818304896354675,0.7319027781486511,0.6974591612815857,0.7221248745918274,0.6283137202262878,0.6511827707290649,0.6262993216514587,0.5613465309143066,0.6686501502990723,0.5242721438407898,0.6454117298126221,0.5493541359901428,0.6217764616012573,0.48629558086395264,0.6427379250526428,0.5627169609069824,0.6553894877433777,0.590499758720398,0.6875805258750916,0.5286314487457275,0.6648221611976624,0.4733026623725891,0.6855741143226624,0.5651401877403259,0.6963580846786499,0.5793138742446899,0.7319346070289612,0.5152451992034912,0.7095579504966736,0.46013444662094116,0.7257615327835083,0.5527962446212769,0.7376237511634827,0.572370707988739,0.7824355959892273,0.508918285369873,0.75813227891922,0.46039748191833496,0.7624154090881348,0.5265050530433655,0.7728070616722107,0.5499022603034973,fist
0.7806195616722107,0.7321342825889587,0.6971701979637146,0.72176194190979,0.6282263398170471,0.6515527963638306,0.6252605319023132,0.5627331137657166,0.6673169136047363,0.5247963070869446,0.6461508274078369,0.5479796528816223,0.622107207775116,0.48549556732177734,0.6430786848068237,0.5620854496955872,0.6561948657035828,0.5898398756980896,0.6880276799201965,0.527502715587616,0.6649103760719299,0.47290998697280884,0.6855520606040955,0.564993679523468,0.6967173218727112,0.5781200528144836,0.7321781516075134,0.5147665143013,0.7098796963691711,0.46006131172180176,0.7256568074226379,0.5528966188430786,0.7376391291618347,0.5715370178222656,0.782450258731842,0.5094369053840637,0.758608877658844,0.46056148409843445,0.7621740698814392,0.5266373753547668,0.7724157571792603,0.5498698949813843,fist
0.7806323766708374,0.7316964864730835,0.696852445602417,0.7203560471534729,0.6283055543899536,0.6510745882987976,0.6248061656951904,0.562313437461853,0.6675874590873718,0.524499773979187,0.6462423205375671,0.5486524105072021,0.6223706603050232,0.48466259241104126,0.6428256034851074,0.5609046220779419,0.6559255123138428,0.5895812511444092,0.6882027983665466,0.5281572341918945,0.6650972366333008,0.4716110825538635,0.6856248378753662,0.5635595321655273,0.6973093748092651,0.5786055326461792,0.7324506044387817,0.5152846574783325,0.7099776864051819,0.4590730369091034,0.7256785035133362,0.5519550442695618,0.7380021214485168,0.5725763440132141,0.783128559589386,0.5100250244140625,0.7585980296134949,0.45954206585884094,0.7621785402297974,0.5251173377037048,0.7727724313735962,0.5492753386497498,fist
0.7811983823776245,0.7316576242446899,0.6986720561981201,0.7216357588768005,0.6287806630134583,0.6527134776115417,0.6234086751937866,0.5635346174240112,0.6655512452125549,0.5240556597709656,0.6465412378311157,0.5482831597328186,0.622299313545227,0.48427364230155945,0.642948567867279,0.5604496002197266,0.6560609936714172,0.5891860723495483,0.6884403228759766,0.5280129909515381,0.6649613976478577,0.47150635719299316,0.6857727766036987,0.5633628964424133,0.6969978213310242,0.5780429244041443,0.7325901389122009,0.5152543783187866,0.7099629044532776,0.4587913751602173,0.7257164120674133,0.5513888001441956,0.737569272518158,0.5714076161384583,0.7832643985748291,0.5095707774162292,0.7591570615768433,0.45933836698532104,0.7625225186347961,0.5248715877532959,0.7724834084510803,0.5488616228103638,fist
0.7820073366165161,0.7325945496559143,0.6986259818077087,0.7229322791099548,0.6285326480865479,0.651811957359314,0.6245781183242798,0.5618167519569397,0.6676297783851624,0.5247266292572021,0.6463264226913452,0.5491297841072083,0.6224283576011658,0.48569315671920776,0.6430332064628601,0.5617743730545044,0.6559485793113708,0.5901171565055847,0.6881271600723267,0.5279973745346069,0.6647653579711914,0.47195199131965637,0.6856023669242859,0.563578188419342,0.6969004273414612,0.5784675478935242,0.7323547005653381,0.5147427916526794,0.7095978856086731,0.4588848948478699,0.7256100177764893,0.551359236240387,0.7376039028167725,0.5718452334403992,0.7829487323760986,0.5086896419525146,0.7585795521736145,0.45926129817962646,0.7623925805091858,0.5247313976287842,0.7727077007293701,0.5486320853233337,fist
0.7814794182777405,0.7308066487312317,0.6991074085235596,0.722402036190033,0.6291639804840088,0.6517550945281982,0.6246411800384521,0.5617738962173462,0.6667633652687073,0.5237654447555542,0.6459113955497742,0.5467168092727661,0.6212660074234009,0.48430442810058594,0.6427891850471497,0.5615087151527405,0.6558197736740112,0.5885415077209473,0.6878753900527954,0.5262665748596191,0.6641664505004883,0.471589595079422,0.6854275465011597,0.5644838809967041,0.6963666677474976,0.5775041580200195,0.7320922017097473,0.5133954286575317,0.7092705368995667,0.4592852294445038,0.7256328463554382,0.5525822639465332,0.7374334931373596,0.5707718729972839,0.7823767066001892,0.5071351528167725,0.7580918669700623,0.45975008606910706,0.7622590661048889,0.5254766345024109,0.7726276516914368,0.547295868396759,fist
0.7810631990432739,0.7305530905723572,0.6974633932113647,0.7211997509002686,0.6278344988822937,0.6508711576461792,0.6234813928604126,0.5616796612739563,0.663655161857605,0.5201870799064636,0.646323561668396,0.5465990304946899,0.621902346611023,0.48456257581710815,0.6425057649612427,0.5603377819061279,0.6556528806686401,0.5885111689567566,0.6879663467407227,0.5256999731063843,0.664053738117218,0.47132766246795654,0.6848875880241394,0.5625606775283813,0.6961665749549866,0.5763695240020752,0.7319326996803284,0.5121515989303589,0.7083443999290466,0.45825615525245667,0.7249016165733337,0.5502668023109436,0.7372315526008606,0.5691066384315491,0.7819399237632751,0.5056204795837402,0.7566847205162048,0.4582142233848572,0.76109778881073,0.5237558484077454,0.7720831632614136,0.5460854172706604,fist
0.7803865671157837,0.7291566729545593,0.6974998116493225,0.7205158472061157,0.627568244934082,0.6494885087013245,0.6231263279914856,0.5603224039077759,0.664421021938324,0.5205596089363098,0.6460791826248169,0.5472621321678162,0.6220167279243469,0.48288241028785706,0.6425497531890869,0.558864176273346,0.656211256980896,0.5886076092720032,0.6876882910728455,0.526017427444458,0.6645554304122925,0.46947988867759705,0.6856032609939575,0.5610725283622742,0.6976720690727234,0.5770876407623291,0.7317060232162476,0.5121755599975586,0.7090024948120117,0.45746225118637085,0.725486695766449,0.5497490167617798,0.7378240823745728,0.5706662535667419,0.7820207476615906,0.5058057308197021,0.7576681971549988,0.45497244596481323,0.7618610262870789,0.5203127861022949,0.7724603414535522,0.5448045134544373,fist
0.7799859046936035,0.7298906445503235,0.6973857879638672,0.7192363739013672,0.6276206374168396,0.6479700207710266,0.6243693828582764,0.5584604740142822,0.6677854657173157,0.5217504501342773,0.6453214883804321,0.5460032224655151,0.6211315393447876,0.4830743074417114,0.6420116424560547,0.5591058135032654,0.6553193926811218,0.5876944661140442,0.6871181130409241,0.5248216986656189,0.6636888980865479,0.4692291021347046,0.6848472356796265,0.5607668161392212,0.6966220736503601,0.5756698846817017,0.7315608859062195,0.5114993453025818,0.7087099552154541,0.4564516544342041,0.7253625988960266,0.5490385890007019,0.7379140257835388,0.5694278478622437,0.7824768424034119,0.5056431293487549,0.7576546669006348,0.4563468098640442,0.7620049118995667,0.5220062136650085,0.7728805541992188,0.5457165837287903,fist
0.7804207801818848,0.7308781743049622,0.6974454522132874,0.7202061414718628,0.6273807287216187,0.6500551104545593,0.6224327087402344,0.5604379773139954,0.6652715802192688,0.5230262875556946,0.6461677551269531,0.5468385219573975,0.6215958595275879,0.4837108850479126,0.6426523327827454,0.5596334338188171,0.655856728553772,0.5875959396362305,0.6877893209457397,0.525901734828949,0.6643847823143005,0.4703524112701416,0.685634195804596,0.561398983001709,0.6969761848449707,0.5755772590637207,0.7319392561912537,0.5124210119247437,0.7088026404380798,0.45688706636428833,0.7253850698471069,0.5486426949501038,0.7376668453216553,0.5679194927215576,0.7826395034790039,0.5062361359596252,0.757721483707428,0.4569424092769623,0.7623097896575928,0.5219801664352417,0.7732648849487305,0.5447014570236206,fist
0.7804972529411316,0.7296019196510315,0.6975765824317932,0.7205612659454346,0.6279494166374207,0.6511687636375427,0.621918261051178,0.5617185831069946,0.6610933542251587,0.5212854146957397,0.6463903784751892,0.5454429388046265,0.6224081516265869,0.482471764087677,0.642722487449646,0.5583609938621521,0.6558948755264282,0.5875006914138794,0.6881558895111084,0.5252894163131714,0.6650182008743286,0.4699333906173706,0.6854862570762634,0.561298131942749,0.6966508626937866,0.5766243934631348,0.731972336769104,0.5122625231742859,0.7090935707092285,0.4580913186073303,0.7252857089042664,0.5499230623245239,0.7372962236404419,0.5696096420288086,0.782149612903595,0.5063254833221436,0.757163405418396,0.4575244188308716,0.76177579164505,0.52290940284729,0.7727265357971191,0.5460859537124634,fist
0.7807120680809021,0.7301356792449951,0.6980553269386292,0.720772922039032,0.6284116506576538,0.6503357887268066,0.6241576671600342,0.5602133870124817,0.6658123731613159,0.5235205292701721,0.6455788016319275,0.546164333820343,0.6221463680267334,0.4837934374809265,0.6429348587989807,0.5596746802330017,0.6554273962974548,0.5875957012176514,0.6874811053276062,0.5255502462387085,0.6645241379737854,0.4706035256385803,0.6853370666503906,0.5616869330406189,0.6960114240646362,0.5762430429458618,0.7315439581871033,0.5123096704483032,0.7088592648506165,0.457504004240036,0.7253192663192749,0.5494875907897949,0.7371746897697449,0.5692413449287415,0.781950056552887,0.5061559677124023,0.7573293447494507,0.4577539563179016,0.7620102763175964,0.5232023596763611,0.7727383375167847,0.5463710427284241,fist
0.7805402278900146,0.7299379706382751,0.697787880897522,0.7210421562194824,0.6273952126502991,0.6509288549423218,0.6221662163734436,0.5609481930732727,0.6639232039451599,0.5225546360015869,0.6452829241752625,0.5461426973342896,0.6216221451759338,0.48314550518989563,0.6424094438552856,0.5591526031494141,0.6552927494049072,0.5875312089920044,0.6871692538261414,0.525492787361145,0.6644992232322693,0.4704605042934418,0.6851125955581665,0.5613951086997986,0.6957502365112305,0.5760645270347595,0.7313408851623535,0.5123617649078369,0.7089982032775879,0.45778974890708923,0.7252010703086853,0.5494670867919922,0.7366771697998047,0.5690401792526245,0.7818164229393005,0.5064190626144409,0.7571589946746826,0.458102822303772,0.7618717551231384,0.5234145522117615,0.7724061012268066,0.5463040471076965,fist
0.7804837822914124,0.7313598394393921,0.6978270411491394,0.7207975387573242,0.6275638937950134,0.649599015712738,0.6237966418266296,0.5593450665473938,0.6666891574859619,0.5221273303031921,0.6459351778030396,0.5459200739860535,0.6217708587646484,0.48390430212020874,0.6421530246734619,0.5598726272583008,0.6553543210029602,0.5880333185195923,0.6876079440116882,0.524836540222168,0.6642966866493225,0.46988645195961,0.6849709153175354,0.5610781311988831,0.6966965198516846,0.5753981471061707,0.7318493127822876,0.5119595527648926,0.7092404365539551,0.45684951543807983,0.7251429557800293,0.549202561378479,0.7372725009918213,0.5689641237258911,0.7825659513473511,0.5066895484924316,0.7582460641860962,0.45729923248291016,0.761881411075592,0.5232078433036804,0.7722017168998718,0.5471984148025513,fist
0.7803859114646912,0.7300918698310852,0.6980149745941162,0.7219657897949219,0.6280699372291565,0.6512925028800964,0.6236803531646729,0.5612542629241943,0.6649667024612427,0.5207693576812744,0.6450267434120178,0.5459553599357605,0.6217000484466553,0.4826275706291199,0.6429591178894043,0.5599573254585266,0.6554101705551147,0.5870077610015869,0.6872501969337463,0.5254326462745667,0.6650711297988892,0.46991074085235596,0.6857741475105286,0.5624487996101379,0.6960284113883972,0.5762556791305542,0.7315248250961304,0.5123274326324463,0.709644615650177,0.45761561393737793,0.7258686423301697,0.5504084825515747,0.7373148202896118,0.5692023634910583,0.7818037271499634,0.5061809420585632,0.7576873302459717,0.4578222632408142,0.7623163461685181,0.5241062045097351,0.7726927995681763,0.5471717715263367,fist
0.7806174159049988,0.7324037551879883,0.6977626085281372,0.7224739193916321,0.6275347471237183,0.6497284173965454,0.6251900792121887,0.559126615524292,0.6682935953140259,0.5216578841209412,0.6453536748886108,0.5470016002655029,0.6217777132987976,0.48382994532585144,0.6423860788345337,0.5605183243751526,0.6552629470825195,0.5884550213813782,0.6873341202735901,0.5261626839637756,0.6646124124526978,0.4707021713256836,0.6852183938026428,0.5624295473098755,0.6963164210319519,0.5765756964683533,0.7317023277282715,0.5131682753562927,0.709150493144989,0.4579348564147949,0.7251328825950623,0.55035400390625,0.7371422052383423,0.5697624087333679,0.7822427749633789,0.5073447227478027,0.7575424313545227,0.4587130546569824,0.761780858039856,0.5246691703796387,0.7724997401237488,0.5481016039848328,fist
0.7806962728500366,0.7307565212249756,0.6982060074806213,0.7219692468643188,0.6278823018074036,0.6501976251602173,0.6235529184341431,0.5598399639129639,0.6653269529342651,0.5200625658035278,0.6460736989974976,0.5467824339866638,0.6221634149551392,0.48235276341438293,0.6426921486854553,0.5598404407501221,0.6559207439422607,0.5879063010215759,0.6882082223892212,0.5262637734413147,0.6651980876922607,0.46976229548454285,0.6854332089424133,0.5623727440834045,0.6967907547950745,0.5761798024177551,0.7324634790420532,0.5133025646209717,0.7100266218185425,0.4578806161880493,0.72555011510849,0.5507112145423889,0.7374837398529053,0.5694606900215149,0.7827142477035522,0.5072446465492249,0.7586432099342346,0.45733845233917236,0.7623492479324341,0.5232032537460327,0.7728609442710876,0.5463852882385254,fist
0.7803125977516174,0.7306742072105408,0.6972717046737671,0.7212665677070618,0.6275474429130554,0.6501258015632629,0.624258279800415,0.56001877784729,0.665762186050415,0.5193905234336853,0.6456387639045715,0.5476951599121094,0.6222092509269714,0.4834436774253845,0.64258873462677,0.5601533651351929,0.6550241112709045,0.5874472260475159,0.687527596950531,0.5272244811058044,0.6653032302856445,0.4708566665649414,0.6851146221160889,0.5626071691513062,0.695273220539093,0.576031506061554,0.7316391468048096,0.5140777826309204,0.7097318768501282,0.45772895216941833,0.7250791788101196,0.5498194694519043,0.7363237738609314,0.5682485699653625,0.7818859815597534,0.5077286958694458,0.7581635117530823,0.4586036205291748,0.761873185634613,0.5245100855827332,0.7719184756278992,0.5477166175842285,fist
0.7813372015953064,0.7310358881950378,0.6992976665496826,0.7222188711166382,0.6280008554458618,0.6508732438087463,0.6229262351989746,0.5598815083503723,0.6656195521354675,0.5198162794113159,0.6455575823783875,0.547701358795166,0.6220530271530151,0.483351469039917,0.6427532434463501,0.559967577457428,0.6561304926872253,0.588164746761322,0.6876196265220642,0.52637779712677,0.6650493144989014,0.46990305185317993,0.6854104995727539,0.5619589686393738,0.6967315077781677,0.5762196183204651,0.7320099472999573,0.5130857825279236,0.7100929617881775,0.4572973847389221,0.7253469228744507,0.5499808192253113,0.7369930148124695,0.5695683360099792,0.7827463150024414,0.5069747567176819,0.7587411403656006,0.4575275480747223,0.7621146440505981,0.5233322978019714,0.772128164768219,0.5470998287200928,fist
0.7814419865608215,0.7311378121376038,0.6988164186477661,0.7226298451423645,0.6282891631126404,0.6513069868087769,0.6246560215950012,0.5605272054672241,0.666538417339325,0.5207741260528564,0.6458324790000916,0.5473273396492004,0.6218051910400391,0.4836989641189575,0.6424874067306519,0.5605764985084534,0.6557875275611877,0.5888342261314392,0.6876855492591858,0.5266059041023254,0.664723813533783,0.47054219245910645,0.6852017641067505,0.562767744064331,0.696216344833374,0.5766306519508362,0.7318763732910156,0.5132875442504883,0.7093715667724609,0.45781779289245605,0.7251999378204346,0.5506777167320251,0.7369579076766968,0.5696123838424683,0.7823081612586975,0.5068482756614685,0.7578122615814209,0.4578664004802704,0.7618672847747803,0.5237483978271484,0.7724137902259827,0.5468651652336121,fist
0.7809963226318359,0.7322201132774353,0.6987739205360413,0.7229078412055969,0.6286916732788086,0.6509556770324707,0.6249744892120361,0.5607922077178955,0.6667192578315735,0.5240950584411621,0.6456453800201416,0.5462738871574402,0.6218193769454956,0.48427361249923706,0.643116295337677,0.5606350302696228,0.6560153961181641,0.5883393883705139,0.6876200437545776,0.5260324478149414,0.6646790504455566,0.4719298183917999,0.6859232187271118,0.563429594039917,0.6966155171394348,0.5772444605827332,0.732049286365509,0.5133520364761353,0.7090964317321777,0.4586973786354065,0.7258275151252747,0.5513856410980225,0.7375857830047607,0.5709097385406494,0.7826376557350159,0.5077467560768127,0.7576967477798462,0.45902904868125916,0.7621214389801025,0.5251504778862,0.7724155187606812,0.5490686297416687,fist
0.7821249961853027,0.7313228845596313,0.6993049383163452,0.72144615650177,0.6285697221755981,0.6492593884468079,0.6253896355628967,0.5589801073074341,0.6696128845214844,0.5230647325515747,0.645573616027832,0.5459211468696594,0.621655285358429,0.48315489292144775,0.6430647969245911,0.5604779720306396,0.656374990940094,0.5872143507003784,0.687778651714325,0.5248479247093201,0.6651785969734192,0.4697403311729431,0.6863062977790833,0.5628740787506104,0.6977492570877075,0.5761822462081909,0.7322019934654236,0.5119673609733582,0.7102944254875183,0.45807021856307983,0.7263956069946289,0.5512410402297974,0.7385088205337524,0.5695951581001282,0.7827329635620117,0.5062457323074341,0.7586075067520142,0.4580391049385071,0.7629275321960449,0.5236343741416931,0.7738483548164368,0.5457887649536133,fist
0.7815476059913635,0.7296785712242126,0.6979884505271912,0.7200412154197693,0.6279392838478088,0.6491849422454834,0.622955858707428,0.5602267384529114,0.6629399657249451,0.5201212167739868,0.6467490792274475,0.5439493656158447,0.6224046945571899,0.4822433590888977,0.6430473923683167,0.5579639673233032,0.6570233106613159,0.5869541764259338,0.6884168386459351,0.5230947136878967,0.6654477119445801,0.4684000611305237,0.6860828995704651,0.5604586005210876,0.6977201700210571,0.5761201977729797,0.732582688331604,0.5097728967666626,0.7102548480033875,0.4558590054512024,0.7262751460075378,0.548366367816925,0.7383620142936707,0.5689069032669067,0.7827740907669067,0.5039420127868652,0.7589426040649414,0.4539805054664612,0.7630500197410583,0.5198081731796265,0.7737071514129639,0.5439721345901489,fist
0.7806827425956726,0.7312541007995605,0.6973949670791626,0.7214850783348083,0.6280801296234131,0.6491692662239075,0.6250534653663635,0.5593582391738892,0.6649569272994995,0.5204605460166931,0.6457188129425049,0.5456321239471436,0.622185468673706,0.48297691345214844,0.6427263021469116,0.5582494139671326,0.6560735106468201,0.5874611735343933,0.6872764825820923,0.5248888731002808,0.6654250025749207,0.4692046046257019,0.6858516335487366,0.5606527328491211,0.696388304233551,0.5763246417045593,0.7314973473548889,0.5116360783576965,0.7101213335990906,0.45701801776885986,0.7264062762260437,0.5489202737808228,0.737969696521759,0.5692631006240845,0.781974732875824,0.505940318107605,0.7584863901138306,0.45576852560043335,0.7629523873329163,0.5213250517845154,0.7733336687088013,0.5457839369773865,fist
0.780359148979187,0.732086181640625,0.6963962316513062,0.7226384878158569,0.6274682879447937,0.651853621006012,0.6248103380203247,0.5619914531707764,0.6631523966789246,0.5213007926940918,0.6451438665390015,0.5494112968444824,0.6210265159606934,0.48662087321281433,0.6414681077003479,0.56088787317276,0.6542810201644897,0.5893579721450806,0.686725914478302,0.5286168456077576,0.664299726486206,0.47374090552330017,0.6844630241394043,0.5634436011314392,0.6945211887359619,0.5790823698043823,0.7305687665939331,0.5151447653770447,0.7085789442062378,0.4598339796066284,0.7248178720474243,0.55040442943573,0.7365388870239258,0.5712491869926453,0.7807632088661194,0.5085861682891846,0.7571083307266235,0.4589008092880249,0.7615718245506287,0.5236445069313049,0.7717157602310181,0.547973096370697,fist
0.7807196378707886,0.7326655983924866,0.6969769597053528,0.7230603694915771,0.6283268332481384,0.6525411605834961,0.6259356737136841,0.5635387897491455,0.6655566692352295,0.5234059691429138,0.6447146534919739,0.5495873689651489,0.6208502054214478,0.4872933626174927,0.6423366069793701,0.5620439648628235,0.6555006504058838,0.5906885266304016,0.6865733861923218,0.5284028649330139,0.6639599204063416,0.4739287495613098,0.6850462555885315,0.5644858479499817,0.6955195665359497,0.5792204737663269,0.7307959794998169,0.5148414373397827,0.7087906002998352,0.46056628227233887,0.7252985239028931,0.552278995513916,0.7369463443756104,0.5718681216239929,0.7812541723251343,0.508632481098175,0.7574781179428101,0.4606860280036926,0.7619453072547913,0.5260668396949768,0.7722449898719788,0.5493100881576538,fist
0.7795991897583008,0.7295015454292297,0.6969214081764221,0.7208244800567627,0.6278083324432373,0.6509060263633728,0.6233404874801636,0.5626016855239868,0.6632669568061829,0.5223732590675354,0.6451411843299866,0.5474638342857361,0.6208117604255676,0.48591485619544983,0.642287015914917,0.5615326762199402,0.6557148098945618,0.5891677737236023,0.6867109537124634,0.5265488028526306,0.6639482975006104,0.47222042083740234,0.6851352453231812,0.5638946890830994,0.6963562965393066,0.5782062411308289,0.7305830121040344,0.5128189921379089,0.7087362408638,0.4594530463218689,0.7252180576324463,0.5518695116043091,0.7372508645057678,0.5710362195968628,0.7803194522857666,0.5061798691749573,0.7573287487030029,0.4586104154586792,0.761870801448822,0.524580717086792,0.7723580598831177,0.5473757386207581,fist
0.7793424129486084,0.7269778847694397,0.6970785856246948,0.7188963294029236,0.6274027824401855,0.6486276388168335,0.6220393776893616,0.5607531070709229,0.6611200571060181,0.5179693102836609,0.6455807685852051,0.5450544357299805,0.6208926439285278,0.48252516984939575,0.6422767043113708,0.5583919286727905,0.6564489603042603,0.5873801112174988,0.6869524717330933,0.5235403776168823,0.6638405919075012,0.46815890073776245,0.6851931810379028,0.5607760548591614,0.69742751121521,0.5774375796318054,0.731061577796936,0.5093927383422852,0.7084919810295105,0.4550185203552246,0.7251376509666443,0.5490849614143372,0.7378260493278503,0.5713887810707092,0.7813380360603333,0.5026417970657349,0.7567001581192017,0.45382940769195557,0.7614297866821289,0.5206889510154724,0.7722945809364319,0.5447356104850769,fist
0.7793062925338745,0.7277840375900269,0.6958532333374023,0.7174574732780457,0.6268957853317261,0.6472597718238831,0.623599112033844,0.5585697889328003,0.6649958491325378,0.5209357142448425,0.6452946066856384,0.5451445579528809,0.6209277510643005,0.48222482204437256,0.6414921879768372,0.5571414828300476,0.655327320098877,0.5865984559059143,0.6865717768669128,0.5241657495498657,0.6636589169502258,0.46803736686706543,0.6846104264259338,0.5589664578437805,0.6964123845100403,0.5755058526992798,0.7306935787200928,0.5103650093078613,0.7084665298461914,0.4549647569656372,0.7250041365623474,0.5472679138183594,0.7375494241714478,0.5697524547576904,0.7813552618026733,0.5042965412139893,0.7573385238647461,0.45311403274536133,0.7615867257118225,0.5188660621643066,0.7721695303916931,0.5446001887321472,fist
0.7797455191612244,0.7306297421455383,0.6967067122459412,0.7220131754875183,0.6276944279670715,0.6500883102416992,0.62459796667099,0.5595027804374695,0.6644272208213806,0.5222492814064026,0.6441167593002319,0.547035813331604,0.6201618313789368,0.48590368032455444,0.6412184238433838,0.5603117346763611,0.6538803577423096,0.5877630710601807,0.6858295798301697,0.525874137878418,0.6634761095046997,0.4717874825000763,0.6844329833984375,0.5619955658912659,0.6946579813957214,0.5773597359657288,0.7300336360931396,0.5121796131134033,0.7081555128097534,0.45737123489379883,0.7247438430786133,0.5487989783287048,0.7366385459899902,0.570159912109375,0.7805843353271484,0.5053015947341919,0.7571529150009155,0.45604169368743896,0.7616993188858032,0.5210538506507874,0.7717636823654175,0.5453004240989685,fist
0.7790805697441101,0.731270432472229,0.6963639259338379,0.7228152751922607,0.6275405883789062,0.6516203284263611,0.6244954466819763,0.5624973773956299,0.665215015411377,0.5254344940185547,0.6429668664932251,0.5480849146842957,0.6190187335014343,0.48604023456573486,0.6411758661270142,0.5611199140548706,0.6540482640266418,0.5892729759216309,0.6849134564399719,0.5275384783744812,0.6628276109695435,0.47298917174339294,0.6844188570976257,0.5636712312698364,0.6941839456558228,0.5791723728179932,0.7291188836097717,0.5142490863800049,0.7078429460525513,0.45967862010002136,0.724587619304657,0.5511878132820129,0.735751211643219,0.5725143551826477,0.7794185876846313,0.5078340172767639,0.7563643455505371,0.45858079195022583,0.7609204649925232,0.5228073000907898,0.7704683542251587,0.5468354821205139,fist
0.7798731327056885,0.7313539385795593,0.6961174607276917,0.7191876769065857,0.6276503205299377,0.6482083797454834,0.6246669888496399,0.561087429523468,0.6673055291175842,0.5278022289276123,0.6427567005157471,0.5469432473182678,0.6194415092468262,0.4859551787376404,0.6411160826683044,0.5593883395195007,0.6547825932502747,0.5893054008483887,0.6847044229507446,0.525302529335022,0.6627703309059143,0.47203099727630615,0.6844735741615295,0.5611319541931152,0.6957283616065979,0.5782362222671509,0.7294082641601562,0.5122402906417847,0.7087504863739014,0.4594043493270874,0.7250463962554932,0.549350917339325,0.7362290620803833,0.5715177655220032,0.7802826166152954,0.5074384212493896,0.7574998736381531,0.4588087797164917,0.7616191506385803,0.5221532583236694,0.7711162567138672,0.5463542342185974,fist
0.77950119972229,0.7289091944694519,0.6960662007331848,0.7189337611198425,0.6273759603500366,0.6475830674171448,0.6224298477172852,0.5606529116630554,0.6597707271575928,0.519361674785614,0.6456131339073181,0.5436405539512634,0.6211172938346863,0.4811098277568817,0.6410864591598511,0.5555222630500793,0.655609667301178,0.587534487247467,0.6871102452278137,0.5231749415397644,0.6639000177383423,0.4679986238479614,0.6836690306663513,0.5591436624526978,0.696058988571167,0.5777130126953125,0.7311383485794067,0.5103877782821655,0.7092739939689636,0.4570131301879883,0.7242631316184998,0.5490521788597107,0.7365437150001526,0.5723267793655396,0.7811336517333984,0.5054050087928772,0.7575780153274536,0.45540544390678406,0.7609080672264099,0.520759642124176,0.7709978222846985,0.546301543712616,fist
0.7814078330993652,0.7295815348625183,0.6965072154998779,0.7185259461402893,0.6274579763412476,0.6481374502182007,0.6237371563911438,0.5593851804733276,0.6650678515434265,0.5219959020614624,0.6453703045845032,0.5450887680053711,0.6215912699699402,0.4845462739467621,0.6417807936668396,0.5590494275093079,0.6549583673477173,0.5870490074157715,0.6869336366653442,0.5240451693534851,0.6639854907989502,0.4696248471736908,0.6845666766166687,0.5597884058952332,0.696414053440094,0.5757166743278503,0.7311236262321472,0.5109553933143616,0.7090328335762024,0.45682114362716675,0.7248890995979309,0.5481597185134888,0.7372139096260071,0.569818913936615,0.7818296551704407,0.505642294883728,0.7577071189880371,0.4565380811691284,0.7616316080093384,0.5215970277786255,0.7719921469688416,0.5462499856948853,fist
0.7804625630378723,0.731071949005127,0.6983534097671509,0.7225425243377686,0.6289031505584717,0.6517804861068726,0.6255307197570801,0.5614835619926453,0.6683204770088196,0.5248841643333435,0.6442964673042297,0.5461388826370239,0.6210776567459106,0.4858780801296234,0.642020046710968,0.561497151851654,0.6552732586860657,0.5889261364936829,0.686206579208374,0.5248115658760071,0.664058268070221,0.47102540731430054,0.6848635673522949,0.5624906420707703,0.6961225271224976,0.5775188207626343,0.7305881381034851,0.5117420554161072,0.709491491317749,0.45919111371040344,0.7254889011383057,0.5510138869285583,0.7374171018600464,0.5708605647087097,0.7813544273376465,0.5062506794929504,0.7576984167098999,0.45781582593917847,0.7620487213134766,0.5227417945861816,0.7725021243095398,0.546222448348999,fist
0.7806785702705383,0.7310053706169128,0.6978060603141785,0.723209798336029,0.6279566884040833,0.6527018547058105,0.6227260828018188,0.5618295669555664,0.6638821363449097,0.5227504968643188,0.6454374194145203,0.5487584471702576,0.6208349466323853,0.48764923214912415,0.6425949335098267,0.5634028911590576,0.6556383371353149,0.5893645286560059,0.6869744658470154,0.5274590849876404,0.6636068224906921,0.47359591722488403,0.6852301955223083,0.5649189352989197,0.696071207523346,0.5778667330741882,0.7309198379516602,0.5137168765068054,0.708060085773468,0.45934340357780457,0.7249691486358643,0.5515771508216858,0.7370007634162903,0.5699717402458191,0.7811058759689331,0.5067683458328247,0.7564264535903931,0.4606272876262665,0.7613867521286011,0.5262110829353333,0.7721366882324219,0.5479209423065186,fist
0.7801220417022705,0.7309739589691162,0.6965440511703491,0.722197949886322,0.6274409294128418,0.651814877986908,0.6226776242256165,0.5616635084152222,0.663343071937561,0.5214607119560242,0.6456418633460999,0.5486078858375549,0.6211241483688354,0.48661190271377563,0.6425840258598328,0.5624940395355225,0.656240701675415,0.5900309681892395,0.6873958706855774,0.5274485945701599,0.6637715697288513,0.4726765751838684,0.6852230429649353,0.5645428895950317,0.6971331238746643,0.578408420085907,0.7314125895500183,0.5138043165206909,0.7086858749389648,0.4595772922039032,0.7251107692718506,0.5524001121520996,0.7375101447105408,0.5715095400810242,0.7816324830055237,0.5073156952857971,0.7569353580474854,0.45999380946159363,0.761542797088623,0.5259436964988708,0.7725008726119995,0.5482961535453796,fist
0.7797870635986328,0.7308294773101807,0.6978710293769836,0.7218207120895386,0.6283522248268127,0.651734471321106,0.6234346628189087,0.5618493556976318,0.6650144457817078,0.5236504673957825,0.6448839902877808,0.5470496416091919,0.6209768056869507,0.4862586259841919,0.6427494883537292,0.562070369720459,0.6560699343681335,0.5888117551803589,0.6863141059875488,0.5256140828132629,0.6636172533035278,0.47204312682151794,0.685492992401123,0.563607931137085,0.6967648267745972,0.5773580074310303,0.7302979230880737,0.5120120644569397,0.7085168361663818,0.459285706281662,0.7254118323326111,0.5513347387313843,0.737208902835846,0.569801926612854,0.7806586027145386,0.5058643221855164,0.7568813562393188,0.4589344561100006,0.7619116306304932,0.5244404077529907,0.7725991010665894,0.5463610291481018,fist
0.7789642214775085,0.7304080724716187,0.6966749429702759,0.7205831408500671,0.6280006766319275,0.6509662866592407,0.6217235326766968,0.5620154142379761,0.6604284048080444,0.518623411655426,0.6458061337471008,0.5464559197425842,0.6212095618247986,0.4824107587337494,0.6422815918922424,0.5585896372795105,0.6563655138015747,0.587627649307251,0.687143087387085,0.525543749332428,0.6645877361297607,0.4698377549648285,0.685146689414978,0.5618810057640076,0.6968231201171875,0.5767354965209961,0.7309295535087585,0.5124082565307617,0.709396481513977,0.4579748809337616,0.7248004078865051,0.5502239465713501,0.7366995811462402,0.5697852373123169,0.7810936570167542,0.50678551197052,0.7576602697372437,0.45720595121383667,0.7612522840499878,0.522095263004303,0.7715561389923096,0.5449245572090149,fist
0.7792521119117737,0.7313083410263062,0.6958456635475159,0.7216572165489197,0.6270157098770142,0.6510433554649353,0.6234464049339294,0.5610917806625366,0.662385106086731,0.5199595093727112,0.6454548835754395,0.5476481318473816,0.6215679049491882,0.4845726788043976,0.6417770385742188,0.55947345495224,0.6544468998908997,0.5877801775932312,0.6864948272705078,0.5268802642822266,0.6639318466186523,0.47214123606681824,0.6840261220932007,0.5620805025100708,0.6940412521362305,0.57655268907547,0.730017364025116,0.5135147571563721,0.7079558372497559,0.45891690254211426,0.7237369418144226,0.5494689345359802,0.7347731590270996,0.5685908198356628,0.7799761891365051,0.5072193741798401,0.756103515625,0.4591009020805359,0.7602955102920532,0.524025559425354,0.7702839970588684,0.5471643805503845,fist
0.7788439989089966,0.7311974763870239,0.696427047252655,0.7234222888946533,0.626918613910675,0.6532514095306396,0.6226808428764343,0.5632997751235962,0.6614448428153992,0.5196765065193176,0.644916296005249,0.5482404828071594,0.6208676099777222,0.4851955771446228,0.6414580345153809,0.5615910291671753,0.6540553569793701,0.5888969302177429,0.6860171556472778,0.5272380113601685,0.6636697053909302,0.4731440246105194,0.6839165687561035,0.5644838213920593,0.6936395168304443,0.5767273306846619,0.7294460535049438,0.5135401487350464,0.7077181339263916,0.4597887098789215,0.7236432433128357,0.5513461828231812,0.7344865202903748,0.5680584907531738,0.7791310548782349,0.5064981579780579,0.7559245228767395,0.4596160054206848,0.7604643106460571,0.525187075138092,0.7705391645431519,0.5462632775306702,fist
0.7790936827659607,0.7327995300292969,0.6960485577583313,0.7228246927261353,0.6273112297058105,0.6515602469444275,0.6238003969192505,0.5626029968261719,0.6635453104972839,0.5234095454216003,0.6436562538146973,0.5489063262939453,0.6201049089431763,0.48710542917251587,0.6414439678192139,0.5619981288909912,0.6540639996528625,0.589493989944458,0.6849461793899536,0.5275762677192688,0.663062334060669,0.4743291139602661,0.684219241142273,0.5643317699432373,0.6940417289733887,0.577964186668396,0.7288711667060852,0.5139143466949463,0.7078794240951538,0.4616391360759735,0.7243412733078003,0.5521512031555176,0.7347272038459778,0.5706239342689514,0.7788475751876831,0.5074111223220825,0.7561684846878052,0.4602837562561035,0.7607589364051819,0.5247803926467896,0.7701356410980225,0.5471832752227783,fist
0.7798880934715271,0.7290750741958618,0.6967063546180725,0.7179908752441406,0.6279531121253967,0.6483137011528015,0.6214737296104431,0.5615957379341125,0.6600055694580078,0.5229161977767944,0.6453650593757629,0.5462677478790283,0.62110435962677,0.48303380608558655,0.6419753432273865,0.556236207485199,0.6563099026679993,0.5877484083175659,0.6869186162948608,0.525365948677063,0.6641077399253845,0.47056418657302856,0.6849237084388733,0.5598474740982056,0.696489155292511,0.5780176520347595,0.7310283780097961,0.511972188949585,0.7091629505157471,0.458742618560791,0.7249023914337158,0.5489035844802856,0.7362392544746399,0.5713520050048828,0.7810021042823792,0.5063947439193726,0.7572745680809021,0.45761728286743164,0.7610734105110168,0.5216599702835083,0.770839512348175,0.5462080240249634,fist
0.7768411040306091,0.7252522706985474,0.6932369470596313,0.7130653858184814,0.6260520219802856,0.6438912153244019,0.6187008619308472,0.5582452416419983,0.6547802686691284,0.5151218175888062,0.6466009020805359,0.5420652627944946,0.6218259930610657,0.47792792320251465,0.641177773475647,0.5527932047843933,0.6552754044532776,0.5849613547325134,0.6877209544181824,0.5229654908180237,0.6638050079345703,0.4658428728580475,0.6831406950950623,0.5564093589782715,0.6955569386482239,0.574676513671875,0.731444239616394,0.5097095966339111,0.7082443237304688,0.45241156220436096,0.7226715087890625,0.5447365641593933,0.735360324382782,0.5695310235023499,0.7811552286148071,0.5039486885070801,0.7569031715393066,0.45041537284851074,0.7594208717346191,0.5162553191184998,0.7695977687835693,0.5436675548553467,fist
0.7783046364784241,0.7293766736984253,0.6936287879943848,0.7166972160339355,0.6264339685440063,0.6442301273345947,0.62575364112854,0.5559290647506714,0.6649364233016968,0.5169875621795654,0.6438765525817871,0.5448928475379944,0.619981586933136,0.481290340423584,0.6400436162948608,0.5553527474403381,0.6534515023231506,0.5855012536048889,0.6851934194564819,0.5239861607551575,0.66348797082901,0.4677780270576477,0.683509349822998,0.5572707653045654,0.694368302822113,0.5750488638877869,0.729443371295929,0.510333240032196,0.7083263993263245,0.45408332347869873,0.7240992188453674,0.5451685190200806,0.7359160780906677,0.5693403482437134,0.7803395986557007,0.5043151378631592,0.7569006681442261,0.4522848427295685,0.7610030770301819,0.516944408416748,0.7709169387817383,0.5435010194778442,fist
0.7789465188980103,0.7326682806015015,0.6953537464141846,0.7217556238174438,0.6269829273223877,0.6470416784286499,0.6249003410339355,0.5568059682846069,0.6650896072387695,0.5213117599487305,0.6436507105827332,0.5467653274536133,0.620366632938385,0.48556995391845703,0.6405752301216125,0.5592656135559082,0.6535871624946594,0.587890088558197,0.6854017376899719,0.5261248350143433,0.6634166836738586,0.47161629796028137,0.6832396984100342,0.5606707334518433,0.694102942943573,0.5781035423278809,0.7298771739006042,0.513124942779541,0.7078663110733032,0.45811980962753296,0.7236519455909729,0.5486510396003723,0.7357738018035889,0.5718175768852234,0.7806445956230164,0.5072370767593384,0.7567707300186157,0.4571321904659271,0.7605147957801819,0.5211154818534851,0.7703319191932678,0.5465430021286011,fist
0.7790390253067017,0.7355942726135254,0.6953548192977905,0.7257033586502075,0.6266375780105591,0.6512227654457092,0.6254906058311462,0.5616121888160706,0.6646850109100342,0.5238491296768188,0.6433589458465576,0.5486637949943542,0.6198939085006714,0.48843488097190857,0.6401895880699158,0.5631557703018188,0.6531935930252075,0.5913809537887573,0.6850378513336182,0.5280853509902954,0.6634041666984558,0.4749109447002411,0.6831601858139038,0.565360426902771,0.6935027241706848,0.5812209844589233,0.7293897271156311,0.5151082277297974,0.7078651785850525,0.46142446994781494,0.7233725190162659,0.5526279807090759,0.7350161075592041,0.5738633871078491,0.7796003818511963,0.5090593099594116,0.7557315230369568,0.46096086502075195,0.7596439123153687,0.5259155631065369,0.769630491733551,0.5500373244285583,fist
0.7793538570404053,0.7346411347389221,0.6967684030532837,0.7257799506187439,0.6274034380912781,0.6537171602249146,0.6239601373672485,0.5645096898078918,0.6626496911048889,0.5237001180648804,0.6427081227302551,0.5487005710601807,0.6196603178977966,0.48772338032722473,0.6404805779457092,0.5633231401443481,0.653900146484375,0.5921226739883423,0.68482506275177,0.5277454257011414,0.6635106801986694,0.47400975227355957,0.6838411092758179,0.56554114818573,0.6946735382080078,0.5811206698417664,0.7292712330818176,0.5145455598831177,0.7087423801422119,0.4614700973033905,0.7237687706947327,0.5531358122825623,0.7348889112472534,0.5733533501625061,0.7794267535209656,0.5084244608879089,0.7565736770629883,0.4596903622150421,0.7600922584533691,0.5245450139045715,0.7696043252944946,0.5478986501693726,fist
0.7798565030097961,0.7342607975006104,0.6969087719917297,0.7255820035934448,0.6269857883453369,0.6533830761909485,0.6236844658851624,0.564741849899292,0.6636924147605896,0.5269027352333069,0.6428701281547546,0.5493062734603882,0.6190999746322632,0.4885519742965698,0.6398622989654541,0.5628175139427185,0.6530969738960266,0.5919249057769775,0.6843633651733398,0.5278192162513733,0.6622281074523926,0.47479718923568726,0.6828595995903015,0.5649257302284241,0.6931384801864624,0.5810748338699341,0.728679895401001,0.5143106579780579,0.7073758244514465,0.4614877998828888,0.7232892513275146,0.5524471402168274,0.7340903878211975,0.5733642578125,0.7789261937141418,0.5081934332847595,0.7557055354118347,0.46064892411231995,0.7598972916603088,0.5252768397331238,0.7693362236022949,0.5487688183784485,fist
0.7779821157455444,0.7305127382278442,0.695351779460907,0.7196027636528015,0.6262518763542175,0.6481482982635498,0.6199460029602051,0.5609606504440308,0.6593919396400452,0.5190534591674805,0.6445058584213257,0.5464277267456055,0.6206431984901428,0.48191800713539124,0.6406237483024597,0.5577583312988281,0.6543339490890503,0.589359700679779,0.6863511800765991,0.5262426137924194,0.6637433171272278,0.46827900409698486,0.6831989884376526,0.5601922273635864,0.6948806643486023,0.5791946649551392,0.730972945690155,0.5133375525474548,0.7092486023902893,0.45732665061950684,0.7239251732826233,0.5496035814285278,0.7357996702194214,0.5733697414398193,0.7815834283828735,0.5078883767127991,0.7580584287643433,0.4556726813316345,0.761296272277832,0.5201676487922668,0.7712880969047546,0.5453301668167114,fist
0.7804535627365112,0.7348610758781433,0.6957640647888184,0.7252348065376282,0.6269369125366211,0.6508961915969849,0.626200795173645,0.5603863596916199,0.6665433645248413,0.5230435132980347,0.6438482999801636,0.5474769473075867,0.6201431155204773,0.4851265549659729,0.6396976113319397,0.5607578754425049,0.6529645323753357,0.5898402333259583,0.6854501962661743,0.5264126062393188,0.6630975604057312,0.471362829208374,0.6827723383903503,0.5626540184020996,0.6942369341850281,0.5787578225135803,0.7297802567481995,0.5131375193595886,0.7077258825302124,0.45853498578071594,0.723477303981781,0.5505154132843018,0.7362914681434631,0.572212278842926,0.7807138562202454,0.5070168972015381,0.7560562491416931,0.4574456214904785,0.7600736618041992,0.5226923227310181,0.7709609866142273,0.5473923087120056,fist
0.7781299948692322,0.7367175817489624,0.6940475106239319,0.7255282998085022,0.6261135935783386,0.6531243920326233,0.6232573390007019,0.5638228058815002,0.6643256545066833,0.5292418599128723,0.6429294347763062,0.5507591962814331,0.6183373928070068,0.48893776535987854,0.6386274099349976,0.5625134110450745,0.6519350409507751,0.5918360352516174,0.6846500039100647,0.5309435129165649,0.661956250667572,0.4772540330886841,0.6818166971206665,0.5661664009094238,0.6920059323310852,0.5831718444824219,0.7293251156806946,0.5182725191116333,0.7066755294799805,0.4636109173297882,0.7226104736328125,0.553846538066864,0.73406583070755,0.5763649940490723,0.7801898121833801,0.5129708051681519,0.755405068397522,0.4629952311515808,0.7595892548561096,0.5273185968399048,0.7698096036911011,0.5527242422103882,fist
0.7788090109825134,0.7379307150840759,0.694660484790802,0.7264693975448608,0.6266136169433594,0.6542947888374329,0.622281551361084,0.5661945939064026,0.6609068512916565,0.5289452075958252,0.6448280811309814,0.5514034628868103,0.6203830242156982,0.48953181505203247,0.6406934857368469,0.565070629119873,0.653110921382904,0.5924503803253174,0.6866552233695984,0.5312986373901367,0.6629401445388794,0.4772722125053406,0.6829206347465515,0.5681126117706299,0.6935021281242371,0.5821300148963928,0.7310595512390137,0.5186421871185303,0.7080971002578735,0.46445557475090027,0.7234881520271301,0.5553874373435974,0.7351629137992859,0.5743246078491211,0.7816299200057983,0.5130895376205444,0.7571993470191956,0.46378496289253235,0.7608062624931335,0.5283087491989136,0.7711786031723022,0.5513721704483032,fist
0.7793886065483093,0.7376905679702759,0.6951197385787964,0.7259787917137146,0.6270015835762024,0.6544420123100281,0.623470664024353,0.5661802291870117,0.6642128825187683,0.5301535129547119,0.6449824571609497,0.5500959753990173,0.6203917264938354,0.4902992844581604,0.6413724422454834,0.5666317939758301,0.654493510723114,0.5923712253570557,0.6868017315864563,0.5291436314582825,0.6636512279510498,0.4767572283744812,0.6842542290687561,0.5685377717018127,0.695536732673645,0.5816028118133545,0.7313178777694702,0.516233503818512,0.7088814377784729,0.465328574180603,0.7248961329460144,0.5572303533554077,0.7371914386749268,0.5749432444572449,0.7821341156959534,0.5109444260597229,0.757461667060852,0.4639756679534912,0.7614715099334717,0.5292014479637146,0.7723859548568726,0.551021158695221,fist
0.7790284752845764,0.7374480366706848,0.6959854960441589,0.7269989848136902,0.6270432472229004,0.6555683016777039,0.6237384676933289,0.566175639629364,0.6662101745605469,0.530470609664917,0.6459335088729858,0.5518297553062439,0.6209486126899719,0.48856064677238464,0.6416409015655518,0.5653777122497559,0.6552035808563232,0.5940389037132263,0.6876450181007385,0.5316048860549927,0.6646247506141663,0.4763230085372925,0.6849940419197083,0.5684590339660645,0.6962059140205383,0.5834829211235046,0.7318992018699646,0.5188009738922119,0.7096936702728271,0.46343493461608887,0.7253357768058777,0.5560117959976196,0.737305760383606,0.5761027336120605,0.7825105786323547,0.5134081244468689,0.7583107352256775,0.46302419900894165,0.7621175050735474,0.5286927223205566,0.7725090384483337,0.5528287887573242,fist
0.7795539498329163,0.7393403053283691,0.6955265402793884,0.7302001118659973,0.6260130405426025,0.657620906829834,0.6242004632949829,0.5664114952087402,0.6656942963600159,0.5290790796279907,0.6432467103004456,0.5529963970184326,0.6193785667419434,0.48934364318847656,0.6404982209205627,0.5649124979972839,0.6541426181793213,0.5943511724472046,0.6854156255722046,0.5324792265892029,0.6635653972625732,0.47680777311325073,0.6846335530281067,0.5681467056274414,0.6952747106552124,0.5846307277679443,0.7300093173980713,0.5196512937545776,0.7086911201477051,0.4651568830013275,0.7255358695983887,0.556647539138794,0.7372437715530396,0.5779632925987244,0.7808336615562439,0.5141665935516357,0.7573153972625732,0.46405595541000366,0.7622358798980713,0.5287866592407227,0.7725192904472351,0.5531402826309204,fist
0.7792718410491943,0.7409442067146301,0.6952698826789856,0.7317907810211182,0.6259661912918091,0.6603894233703613,0.6235513091087341,0.5703182220458984,0.6658509969711304,0.5315344333648682,0.6425233483314514,0.5570570826530457,0.6183412671089172,0.49608689546585083,0.6390020251274109,0.5712335109710693,0.651345431804657,0.5966496467590332,0.6846650242805481,0.5365766286849976,0.6616123914718628,0.48208892345428467,0.6820864081382751,0.5728260278701782,0.6928374171257019,0.5862986445426941,0.7293180227279663,0.5235179662704468,0.7063210606575012,0.4670542776584625,0.7225763201713562,0.558476448059082,0.7350805997848511,0.5783545970916748,0.7801868915557861,0.5171825885772705,0.7553756237030029,0.4662626385688782,0.7592949271202087,0.5310596823692322,0.7700067758560181,0.5556597113609314,fist
0.7782467007637024,0.7407391667366028,0.6950470805168152,0.7310308814048767,0.6263914704322815,0.660306990146637,0.6228681802749634,0.5719950199127197,0.6639989614486694,0.5319599509239197,0.6426376104354858,0.5553777813911438,0.6193670630455017,0.4948629140853882,0.6404054164886475,0.5711954236030579,0.6528128981590271,0.597732663154602,0.6850570440292358,0.5353243350982666,0.6626074910163879,0.480243444442749,0.6830052733421326,0.5725510120391846,0.6940301060676575,0.5874232053756714,0.7298448085784912,0.5224930644035339,0.7082414031028748,0.4674654006958008,0.7238292098045349,0.5602512955665588,0.7360063791275024,0.5809974670410156,0.7805312871932983,0.5167642831802368,0.7564175724983215,0.46551015973091125,0.7602366209030151,0.5307644605636597,0.7707593441009521,0.5552878379821777,fist
0.7779066562652588,0.7407289743423462,0.6945676803588867,0.7300846576690674,0.625847578048706,0.6578728556632996,0.6229868531227112,0.5696089863777161,0.6635640263557434,0.5312026143074036,0.6438225507736206,0.556209921836853,0.6190707683563232,0.4941141903400421,0.6391668915748596,0.5698280334472656,0.652737557888031,0.5985541939735413,0.6852232217788696,0.5356320142745972,0.6623808741569519,0.4800967276096344,0.6823574900627136,0.5716107487678528,0.6943119168281555,0.5876543521881104,0.7296212911605835,0.5225619077682495,0.7074791789054871,0.46737241744995117,0.7230113744735718,0.5596088767051697,0.7356119155883789,0.5810980796813965,0.7803272008895874,0.5170595049858093,0.7560220956802368,0.4659217894077301,0.7597866654396057,0.5318413972854614,0.7705018520355225,0.5572699308395386,fist
0.7760938405990601,0.7363885045051575,0.6945337653160095,0.7266824245452881,0.6253697872161865,0.6568267941474915,0.6198740601539612,0.5694840550422668,0.6577793955802917,0.524753749370575,0.6449052691459656,0.5520652532577515,0.6199842095375061,0.4899912476539612,0.639466404914856,0.566882312297821,0.6530628800392151,0.5955153703689575,0.6863745450973511,0.5318187475204468,0.6623392701148987,0.4755520820617676,0.6815392374992371,0.5690791010856628,0.694020688533783,0.5839651226997375,0.7305254936218262,0.5186899900436401,0.7070876359939575,0.46286556124687195,0.7216823697090149,0.5579373836517334,0.7347763180732727,0.5791972279548645,0.7806910276412964,0.5132126808166504,0.7558023929595947,0.4618260860443115,0.7583692669868469,0.529310941696167,0.7690313458442688,0.5547599196434021,fist
0.776084303855896,0.7332431077957153,0.6932218670845032,0.7257211208343506,0.6232296228408813,0.6543332934379578,0.6168820858001709,0.5658273696899414,0.6533738970756531,0.5245400667190552,0.644898533821106,0.5471404790878296,0.6187981367111206,0.48530590534210205,0.638532817363739,0.5617580413818359,0.653476357460022,0.5929163098335266,0.6857865452766418,0.5267882347106934,0.6615469455718994,0.4731394052505493,0.6814340949058533,0.5664668083190918,0.6942554712295532,0.5831606388092041,0.7294506430625916,0.5136817693710327,0.7060404419898987,0.4596472978591919,0.7210903167724609,0.5545929074287415,0.7342141270637512,0.5773885846138,0.7791509032249451,0.508306622505188,0.7547198534011841,0.45677393674850464,0.7576128244400024,0.525623083114624,0.7681596279144287,0.5528433322906494,fist
0.7771910429000854,0.7368971705436707,0.6919664740562439,0.72552090883255,0.6228209733963013,0.6516125798225403,0.6232161521911621,0.5625283718109131,0.6646836996078491,0.5262742042541504,0.6423937082290649,0.5487237572669983,0.6177478432655334,0.4882637560367584,0.6380443572998047,0.5643817782402039,0.6514099836349487,0.5921558141708374,0.6842544674873352,0.5275492072105408,0.6606756448745728,0.47333452105522156,0.6808305978775024,0.5662345290184021,0.6925584077835083,0.5812750458717346,0.7288790941238403,0.5144171118736267,0.7061242461204529,0.46019992232322693,0.7220137119293213,0.5543312430381775,0.7348958849906921,0.575149655342102,0.7801663875579834,0.5089041590690613,0.7553348541259766,0.45891183614730835,0.7593346834182739,0.5258852243423462,0.7704706192016602,0.5504669547080994,fist
0.7776467800140381,0.7389919757843018,0.6936840415000916,0.7277355194091797,0.6251027584075928,0.6557372808456421,0.6217025518417358,0.5669431090354919,0.6608012914657593,0.5281978845596313,0.6432629227638245,0.5522052049636841,0.6189724802970886,0.49155399203300476,0.6382731199264526,0.5656687617301941,0.651731550693512,0.5947603583335876,0.6845418810844421,0.5320240259170532,0.6614461541175842,0.47844168543815613,0.6810441613197327,0.5681362748146057,0.6925205588340759,0.5844136476516724,0.7287275195121765,0.5194253921508789,0.7059398293495178,0.46565335988998413,0.7216636538505554,0.556359589099884,0.7337826490402222,0.5777311325073242,0.7793834805488586,0.5144505500793457,0.7541323304176331,0.46565842628479004,0.7582861185073853,0.5305748581886292,0.7689060568809509,0.5554612874984741,fist
0.77641761302948,0.7335677742958069,0.6938027143478394,0.7230448722839355,0.6259499788284302,0.6533744931221008,0.6200158596038818,0.5663001537322998,0.6543921232223511,0.518492579460144,0.6447997093200684,0.5492135286331177,0.6202753782272339,0.4862675666809082,0.6394747495651245,0.5626439452171326,0.6536365747451782,0.5934040546417236,0.6862492561340332,0.5283432602882385,0.6632821559906006,0.4718325734138489,0.681673526763916,0.5643874406814575,0.6938976049423218,0.5810335874557495,0.7304537296295166,0.5149232149124146,0.7083656191825867,0.459547758102417,0.7224113941192627,0.5536432266235352,0.7349544167518616,0.5758875608444214,0.7807172536849976,0.5094188451766968,0.7568091750144958,0.4582526683807373,0.7592733502388,0.5258240103721619,0.7695404291152954,0.5517888069152832,fist
0.7813587188720703,0.740215539932251,0.6971381902694702,0.7295088171958923,0.6260154843330383,0.6552567481994629,0.622643232345581,0.5636544227600098,0.666162371635437,0.5277941823005676,0.6455012559890747,0.553440511226654,0.6210843324661255,0.48990151286125183,0.6414412260055542,0.5654323697090149,0.6545224189758301,0.5929775834083557,0.6868377923965454,0.5321036577224731,0.6634027361869812,0.47617578506469727,0.6838841438293457,0.5674580335617065,0.6949678659439087,0.5820544362068176,0.7308886051177979,0.518993079662323,0.7078475952148438,0.46328163146972656,0.724007248878479,0.5554273724555969,0.736195981502533,0.575518786907196,0.7818520665168762,0.5134062767028809,0.7566289901733398,0.4632624387741089,0.7608197331428528,0.5289689898490906,0.7717926502227783,0.5534619092941284,fist
0.7787668704986572,0.7368080615997314,0.6962317824363708,0.7269975543022156,0.6266076564788818,0.6553158760070801,0.6207143664360046,0.5654317736625671,0.6608890891075134,0.5245640277862549,0.6458577513694763,0.5503344535827637,0.6210901141166687,0.48726826906204224,0.6416915059089661,0.5648102760314941,0.6554745435714722,0.593422532081604,0.6875802874565125,0.5301810503005981,0.6635926365852356,0.47410568594932556,0.6839233040809631,0.5674183368682861,0.6958199143409729,0.5812857747077942,0.7318352460861206,0.5173487663269043,0.7084940075874329,0.4618990421295166,0.7238435745239258,0.5559634566307068,0.7360218167304993,0.5751176476478577,0.7819662094116211,0.5119267106056213,0.7574211359024048,0.46086806058883667,0.7607030272483826,0.5276848077774048,0.7713901996612549,0.5516752600669861,fist
0.7803716063499451,0.7357741594314575,0.6967498660087585,0.7271252870559692,0.6261478662490845,0.654675304889679,0.6216788291931152,0.564383327960968,0.6635063886642456,0.52703458070755,0.6449601054191589,0.5512831211090088,0.6208032965660095,0.4877471923828125,0.6416647434234619,0.5645501017570496,0.6550952792167664,0.5928701162338257,0.6867252588272095,0.5302148461341858,0.663702666759491,0.47464603185653687,0.6844950914382935,0.5670371055603027,0.6955513954162598,0.5811266899108887,0.7307456731796265,0.516902506351471,0.7087069153785706,0.46254411339759827,0.7244448661804199,0.5550071001052856,0.7359341979026794,0.5737165808677673,0.7808452844619751,0.5107036232948303,0.7575562596321106,0.4607122540473938,0.7614593505859375,0.5262438058853149,0.7717333436012268,0.5493625402450562,fist
0.7807265520095825,0.737295389175415,0.6971753239631653,0.7277956008911133,0.6270143389701843,0.6538783311843872,0.6249877214431763,0.5630195140838623,0.6684773564338684,0.5263313055038452,0.6446895003318787,0.549782931804657,0.6206052899360657,0.48739689588546753,0.6414788961410522,0.5656801462173462,0.6549825072288513,0.5930582284927368,0.6868381500244141,0.5286769866943359,0.6635612845420837,0.4742620289325714,0.6842117309570312,0.5682979822158813,0.6957651972770691,0.5807288289070129,0.7313247323036194,0.5158864259719849,0.7089325785636902,0.46225211024284363,0.724642813205719,0.5562059879302979,0.7369152903556824,0.5736576914787292,0.7819697260856628,0.5101804137229919,0.7579591870307922,0.4608023166656494,0.7615729570388794,0.5272472500801086,0.7724071145057678,0.5498158931732178,fist
0.7790021300315857,0.7391343712806702,0.6962801814079285,0.729442298412323,0.626332700252533,0.6554521322250366,0.6218405961990356,0.5645977258682251,0.6634969115257263,0.5287951827049255,0.6443569660186768,0.5516244769096375,0.6206777691841125,0.49045562744140625,0.6418490409851074,0.567543625831604,0.6541707515716553,0.593393862247467,0.686244547367096,0.5310110449790955,0.6633468866348267,0.47715094685554504,0.6840745806694031,0.5691792964935303,0.6945236921310425,0.5822024941444397,0.7306975722312927,0.5181434750556946,0.7078649997711182,0.4630852937698364,0.7239437103271484,0.5557795166969299,0.7356857657432556,0.5742610096931458,0.7811540365219116,0.5122983455657959,0.7569113373756409,0.46354764699935913,0.7606620192527771,0.5294954776763916,0.7709013223648071,0.5526095628738403,fist
0.7796204686164856,0.7385942935943604,0.6958308815956116,0.7273204326629639,0.6259750723838806,0.6538255214691162,0.6216612458229065,0.5651217699050903,0.6631961464881897,0.5289510488510132,0.6460989117622375,0.5510420203208923,0.6211162805557251,0.48889419436454773,0.641886293888092,0.5659967660903931,0.6556609869003296,0.5939143896102905,0.6879191994667053,0.5303053259849548,0.6640251874923706,0.475727915763855,0.6845811605453491,0.5682834982872009,0.6970169544219971,0.5830510854721069,0.7324641346931458,0.5176246762275696,0.7090297937393188,0.4634253978729248,0.7247317433357239,0.5565989017486572,0.7375081181526184,0.5765488147735596,0.7832075953483582,0.5126726627349854,0.7578972578048706,0.4627727270126343,0.7617266178131104,0.528374969959259,0.7730026245117188,0.5518078207969666,fist
0.779414176940918,0.7379917502403259,0.6959922313690186,0.7268811464309692,0.6272387504577637,0.6535664796829224,0.6227156519889832,0.5645446181297302,0.662209153175354,0.5266885757446289,0.6468567252159119,0.5487568378448486,0.6225144267082214,0.4867889881134033,0.6424024105072021,0.563657283782959,0.6564649939537048,0.5931294560432434,0.6884357333183289,0.5280070900917053,0.6651701927185059,0.47312289476394653,0.68504399061203,0.5655335187911987,0.6975856423377991,0.5814816951751709,0.7328816652297974,0.5154973864555359,0.7103317975997925,0.4612341821193695,0.7255927920341492,0.5544907450675964,0.7382916808128357,0.5754938721656799,0.7836352586746216,0.5111854672431946,0.7591484189033508,0.4601275324821472,0.7624989748001099,0.5263128876686096,0.7733862996101379,0.5509417653083801,fist
0.7801305055618286,0.7379113435745239,0.6950535178184509,0.725873589515686,0.6265416145324707,0.6526080965995789,0.6230359077453613,0.5638031959533691,0.6623859405517578,0.5255818367004395,0.6473382115364075,0.5506107807159424,0.6228320598602295,0.48707717657089233,0.642293393611908,0.5636193752288818,0.6562397480010986,0.5929609537124634,0.6886928677558899,0.5299860239028931,0.6658493876457214,0.4737587869167328,0.6853779554367065,0.5656677484512329,0.6976337432861328,0.5815843343734741,0.7328530550003052,0.517041027545929,0.7106668949127197,0.462151437997818,0.7256798148155212,0.5545244812965393,0.738041877746582,0.5752069354057312,0.7834646105766296,0.5122153162956238,0.7590544819831848,0.4601730704307556,0.7626282572746277,0.5262569189071655,0.7736765742301941,0.5515687465667725,fist
0.7802079916000366,0.738025963306427,0.6955106854438782,0.7265448570251465,0.6265700459480286,0.6531732678413391,0.6227585077285767,0.564153790473938,0.6620453596115112,0.5255271792411804,0.6471299529075623,0.5501313209533691,0.6226609945297241,0.4872145354747772,0.6420877575874329,0.5642759799957275,0.6559198498725891,0.5932318568229675,0.6886289119720459,0.5294453501701355,0.6656551361083984,0.4736747741699219,0.6849531531333923,0.5661046504974365,0.6972188949584961,0.5815786719322205,0.7328846454620361,0.5165953636169434,0.7105605006217957,0.46208417415618896,0.7253486514091492,0.5548819899559021,0.737824022769928,0.5751718282699585,0.7835103273391724,0.5116801857948303,0.7588633298873901,0.4603727459907532,0.7623108625411987,0.5266485214233398,0.773414134979248,0.5513665676116943,fist
0.7800924777984619,0.7370471954345703,0.6965555548667908,0.7267356514930725,0.6274430155754089,0.6543781161308289,0.6237151026725769,0.5646272897720337,0.664652943611145,0.5253152847290039,0.646781325340271,0.5505829453468323,0.6224401593208313,0.48702341318130493,0.6424787044525146,0.5646340847015381,0.6560421586036682,0.5930048227310181,0.6884713768959045,0.5299904346466064,0.66548091173172,0.47385960817337036,0.6852784752845764,0.5670455694198608,0.6970135569572449,0.5819976925849915,0.732775866985321,0.5168216228485107,0.710094153881073,0.46144217252731323,0.7254524230957031,0.555155336856842,0.7377792596817017,0.5750290155410767,0.7834084630012512,0.5111820697784424,0.7584326267242432,0.4610305428504944,0.7623065114021301,0.5278044939041138,0.7733226418495178,0.5517566204071045,fist
0.7798105478286743,0.7363564968109131,0.6965538263320923,0.7266448736190796,0.6273512244224548,0.6542686223983765,0.6233015656471252,0.5640667080879211,0.6646339893341064,0.5274547934532166,0.6467547416687012,0.5506764650344849,0.622606098651886,0.48647910356521606,0.6421763300895691,0.5637346506118774,0.655666708946228,0.5925585031509399,0.6884637475013733,0.5301639437675476,0.6652565598487854,0.4738304615020752,0.6846944093704224,0.56639564037323,0.6963863968849182,0.5809676051139832,0.7326084971427917,0.5174117684364319,0.7098090648651123,0.46146160364151,0.7245339155197144,0.5542985200881958,0.7366505861282349,0.5737738609313965,0.7830431461334229,0.5119677782058716,0.7586462497711182,0.4613015949726105,0.7617940902709961,0.5271516442298889,0.7724918723106384,0.5508758425712585,fist
0.780245304107666,0.7358375787734985,0.6969342827796936,0.7281729578971863,0.6266804337501526,0.6555745601654053,0.6232697367668152,0.5646840929985046,0.6643689274787903,0.5265353322029114,0.646072268486023,0.5509685277938843,0.6208652257919312,0.4872868061065674,0.6413471698760986,0.5651270151138306,0.6549413204193115,0.5928404331207275,0.6879765391349792,0.5299620628356934,0.6641862392425537,0.4747205972671509,0.6842528581619263,0.5678605437278748,0.6956669092178345,0.5808426141738892,0.7321885228157043,0.5168095231056213,0.7090588212013245,0.4612337350845337,0.724172055721283,0.5543714165687561,0.7362889647483826,0.5725685954093933,0.7825210094451904,0.5104061961174011,0.7579673528671265,0.4606916308403015,0.7616190910339355,0.526603639125824,0.7724505662918091,0.5491374731063843,fist
0.7803115844726562,0.7360131740570068,0.6964625716209412,0.7266219854354858,0.626782238483429,0.6537432670593262,0.6240577101707458,0.5630717277526855,0.6652827262878418,0.5238164663314819,0.6454052329063416,0.5511400699615479,0.6209644079208374,0.4877013862133026,0.6413423418998718,0.5650666356086731,0.6544618010520935,0.5925193428993225,0.6873819828033447,0.5301334857940674,0.6639652252197266,0.4739982485771179,0.6841431260108948,0.5673941373825073,0.695432722568512,0.581125795841217,0.7317691445350647,0.5166290998458862,0.7087603807449341,0.46112555265426636,0.7244908213615417,0.5550808310508728,0.7367720007896423,0.574239194393158,0.7821964621543884,0.5101803541183472,0.7573891878128052,0.4596579074859619,0.761587381362915,0.5260639190673828,0.7728069424629211,0.5495874881744385,fist
0.7798280119895935,0.7363862991333008,0.6966727375984192,0.7271959781646729,0.6268237233161926,0.6537960171699524,0.6229397058486938,0.5628893375396729,0.6639920473098755,0.524053156375885,0.6450580954551697,0.5503107309341431,0.6206910014152527,0.487359881401062,0.6417365074157715,0.56451815366745,0.6550343632698059,0.5916030406951904,0.6869219541549683,0.5293502807617188,0.663741409778595,0.4739133417606354,0.6843827366828918,0.5670328736305237,0.6952577233314514,0.5801913142204285,0.731342077255249,0.5160190463066101,0.7085827589035034,0.46128642559051514,0.7244946360588074,0.5547060370445251,0.7363179922103882,0.5730193257331848,0.781670868396759,0.5096442699432373,0.7573151588439941,0.46003296971321106,0.7615320086479187,0.5261808037757874,0.7724165320396423,0.5489523410797119,fist
